11,9.330608776603968e+16,-7.185167593039701e+18,1.5733135053648456e+18,-6.820632228070239e+18,-4.791806593893871e+18,-5.56953161360991e+18,-9.273841882235308e+17,-8.891849154949534e+18,4.671471500692169e+18,-8.549290961587999e+18,-4.2056162886281774e+18,-2.9794409708335324e+18,-8.423764796785851e+18,7.290495525294465e+18,-2.8823337826819246e+18,-9.040949621454713e+18,-9.181000790171022e+18,4.840865081064279e+18,-4.724478429338787e+18,-2.2384150375879816e+18,0.0,0.0,0.0,0.0,0.0,0.0,0.0,0.0,0.0,0.0,0.0,0.0
19,-4.018190863377566e+17,-6.066046735827588e+18,-3.3752289659236593e+18,6.021531783057617e+17,4.149848987068625e+18,8.228323774578332e+18,2.8148456318485253e+18,2.315269236334697e+18,7.143826781240034e+18,-1.5148230707058276e+18,7.914886347109155e+18,-8.98624351752052e+16,2.888682525032361e+18,1.2279315406488737e+18,2.773388607360352e+18,-2.3847313378970153e+18,3.1834886094402857e+18,-3.3818672071213834e+18,8.009611121699695e+18,7.253592379899299e+18,2.0273052855887273e+18,0.0,0.0,0.0,0.0,0.0,0.0,0.0,0.0,0.0,0.0,0.0
12,-2.789898124822004e+18,6.804060712499073e+18,7.47088711770555e+18,1.5713937771969485e+18,-7.448364022235262e+18,-3.8580819579718006e+18,3.762695069014171e+18,4.2576589500279583e+18,3.659110598330764e+18,-7.726573435139853e+18,8.882277267125284e+18,6.160658366417928e+18,2.1493493635435443e+18,-8.097199121379073e+18,-6.284693288995087e+18,-7.861914559908361e+18,-3.763600675324466e+18,0.0,0.0,0.0,0.0,0.0,0.0,0.0,0.0,0.0,0.0,0.0,0.0,0.0,0.0,0.0
38,1.435271474543951e+18,-7.408244487467087e+18,-7.441189254609338e+18,-3.6406615616555397e+18,-5.626179934318834e+18,3.3255652906596506e+18,-8.114377399041104e+18,-5.683889093630335e+18,-8.726290109742805e+18,5.309887958143337e+18,4.927346272227575e+18,-5.050885990148194e+18,-6.094614074657689e+18,0.0,0.0,0.0,0.0,0.0,0.0,0.0,0.0,0.0,0.0,0.0,0.0,0.0,0.0,0.0,0.0,0.0,0.0,0.0
81,8.139178120246248e+18,3.9783604198636657e+18,6.881762443926344e+18,-3.0377687607645343e+18,-6.942026796795457e+18,-2.739686771241622e+18,5.271518584492111e+18,3.966660568103117e+18,0.0,0.0,0.0,0.0,0.0,0.0,0.0,0.0,0.0,0.0,0.0,0.0,0.0,0.0,0.0,0.0,0.0,0.0,0.0,0.0,0.0,0.0,0.0,0.0
5,-3.128600909588181e+17,-8.948218495412594e+18,4.161056949634796e+18,4.864572918734549e+18,-3.7527480794307604e+18,-5.952752610658764e+18,4.4784369302602716e+18,-6.299391469618626e+18,7.87096401684841e+18,-7.489184236302824e+18,-8.820164311676332e+18,7.10428344805623e+18,1.8000241146999898e+18,-4.971594256754308e+18,-9.191284866779437e+18,-8.562608212264562e+18,2.9408534690203796e+18,-9.447313971443958e+17,-7.021220159942614e+18,2.8762984257754803e+18,4.026721880755986e+16,6.546360514875535e+18,2.9300130750103597e+17,-6.308139389898464e+18,-6.448738380278427e+18,-8.510909743807274e+18,0.0,0.0,0.0,0.0,0.0,0.0
40,-8.077008362202235e+18,-8.798091237482585e+18,-7.109723218883802e+18,-2.2630711533880924e+18,4.574251079017058e+18,0.0,0.0,0.0,0.0,0.0,0.0,0.0,0.0,0.0,0.0,0.0,0.0,0.0,0.0,0.0,0.0,0.0,0.0,0.0,0.0,0.0,0.0,0.0,0.0,0.0,0.0,0.0
70,2.5130391702609265e+18,-1.9739182616776064e+18,-4.21700285987174e+18,-4.893993954436663e+18,-7.313166516769207e+17,7.799060001554256e+18,3.0635369778486963e+18,3.9078950671765775e+18,8.895275627070652e+18,6.443724139761487e+18,-1.310619298752894e+18,-6.077962724898059e+18,0.0,0.0,0.0,0.0,0.0,0.0,0.0,0.0,0.0,0.0,0.0,0.0,0.0,0.0,0.0,0.0,0.0,0.0,0.0,0.0
23,-6.024536245305578e+18,-1.413702993305202e+18,6.517627275060932e+18,6.279494541912053e+18,-2.9849628312118067e+18,-5.488195072628136e+18,-7.742252312404381e+18,7.519982011363341e+18,-9.100004138960234e+18,4.5668630093487667e+18,-5.684379593743012e+18,-8.068635337938255e+18,-2.081160588258931e+18,-2.415708308540745e+18,1.9229011506283638e+18,9.14727999539612e+18,-3.346424294877038e+18,2.296532542705862e+18,-1.7754560914040387e+18,7.984524140018913e+18,-7.783158265804062e+18,-6.264112866295572e+18,5.315353714689111e+17,1.3652109311438453e+17,0.0,0.0,0.0,0.0,0.0,0.0,0.0,0.0
72,-5.102853687377399e+18,6.247775510388241e+18,-3.5197138776289104e+16,-8.07085217630977e+17,-2.4177348053390157e+18,-6.123796478147348e+18,-9.020755005617936e+18,-2.967321186959907e+18,-4.1107522572108974e+18,5.060107640682585e+18,3.413232928738696e+18,-7.888122989466825e+18,-8.786721193718053e+18,1.9753444835501542e+18,6.605026540371012e+18,1.9246491845733002e+18,-6.8522421722768e+18,-4.140124016226312e+18,3.012466712388501e+18,5.347430277672628e+18,-7.238774410149279e+18,4.5918306034615025e+18,0.0,0.0,0.0,0.0,0.0,0.0,0.0,0.0,0.0,0.0
79,1.8760203897206664e+18,-4.1754272027164416e+18,-1.5927506854534835e+18,5.049139496195778e+18,8.075119532665335e+18,1.7862109700397443e+18,3.6878757605009777e+18,-1.258446258942026e+18,5.586985890775942e+18,-3.736069526079522e+18,8.985388435327993e+18,5.781688395946252e+18,-9.163290334927386e+18,4.318092844634787e+18,-3.3734910542846246e+17,4.897123591220384e+18,4.769894879385421e+18,6.9907145592209e+18,-7.838640716560962e+18,-3.729378150710972e+18,-7.026608324303058e+18,-2.0146427041644685e+17,0.0,0.0,0.0,0.0,0.0,0.0,0.0,0.0,0.0,0.0
78,5.610104690128881e+18,-1.1478712548800123e+18,4.49702526653618e+18,3.1256777698645734e+18,1.3931881574742502e+18,-7.956038015184578e+18,-1.975657208852569e+18,4.465850857468427e+17,7.019997202794254e+18,-8.903014289041306e+18,-1.940027827265256e+17,5.287587096804982e+18,2.8063816046500275e+18,-5.908928384607107e+17,-9.105338030579128e+18,5.522589907271487e+18,-1.922725459384877e+18,9.117887724418019e+18,2.570387449804472e+18,3.659654921851912e+18,8.864676837755428e+18,0.0,0.0,0.0,0.0,0.0,0.0,0.0,0.0,0.0,0.0,0.0
87,5.82924753867476e+18,1.0673527293519868e+18,-8.013961331219934e+18,1.4893917365865526e+18,4.2473556240493614e+18,5.158347740754915e+18,-7.332217052074445e+18,0.0,0.0,0.0,0.0,0.0,0.0,0.0,0.0,0.0,0.0,0.0,0.0,0.0,0.0,0.0,0.0,0.0,0.0,0.0,0.0,0.0,0.0,0.0,0.0,0.0
6,-3.933862131776078e+18,-3.945714642999207e+18,5.561498613458189e+18,2.0373374796260833e+18,2.5702990496613463e+18,-8.143463091686663e+18,-6.736558900793556e+18,2.5792576783870607e+18,1.311590855907071e+18,2.0775344597647964e+18,-6.292565123744309e+18,-5.049372190802002e+18,-7.644258548192425e+18,-4.868930043435452e+18,-6.337966280060817e+18,-1.3075063264932347e+18,5.487596801670199e+18,8.240777062463739e+18,-9.195571976430281e+18,4.88962821872265e+18,5.89109822186202e+18,-5.27445571009175e+18,2.7838449322408755e+18,-5.589950634018868e+18,-5.330420119815776e+18,-6.382629189647425e+18,3.850969690254479e+18,-7.294702955689422e+18,4.461037985745008e+18,-4.024163562310903e+18,-4.683492192013543e+18,0.0
68,2.3870786041782697e+18,3.3081988384735985e+18,6.889643013652318e+18,-4.96210459284192e+18,4.4596926141126676e+18,-2.6826511393616676e+18,7.019312071854989e+18,-4.1339069461564723e+18,2.1999644386254853e+18,7.577593582514507e+18,-9.030080983963099e+16,-6.318324854626749e+18,-4.751841250223003e+16,4.093257918833501e+18,1.1450792721044108e+18,-5.357469821081328e+18,-6.202563091267332e+18,2.785984809620554e+18,0.0,0.0,0.0,0.0,0.0,0.0,0.0,0.0,0.0,0.0,0.0,0.0,0.0,0.0
69,4.145550499159624e+18,6.28059943993676e+18,-1.7350305819454838e+18,-9.695625792166072e+17,-3.0524346841457065e+18,4.702180826073556e+18,-1.061851004574447e+17,-8.0710035982455e+18,7.674068537963575e+18,1.1449781083702266e+18,0.0,0.0,0.0,0.0,0.0,0.0,0.0,0.0,0.0,0.0,0.0,0.0,0.0,0.0,0.0,0.0,0.0,0.0,0.0,0.0,0.0,0.0
1,-4.750378628030732e+18,-3.625645279760415e+18,-8.752744540114745e+18,7.71333595941916e+18,1.4357216853273564e+18,9.183755942652177e+18,3.869182639459158e+18,-4.109442686451564e+18,-1.9592351629952146e+18,-7.583863161268797e+18,2.145902218010946e+18,0.0,0.0,0.0,0.0,0.0,0.0,0.0,0.0,0.0,0.0,0.0,0.0,0.0,0.0,0.0,0.0,0.0,0.0,0.0,0.0,0.0
45,6.066094883436536e+18,-1.8865378871745275e+18,-4.874708977381861e+18,7.763969844909295e+18,-1.575706524451391e+18,5.794844589016383e+18,8.529522701062265e+18,-7.885043569492731e+18,0.0,0.0,0.0,0.0,0.0,0.0,0.0,0.0,0.0,0.0,0.0,0.0,0.0,0.0,0.0,0.0,0.0,0.0,0.0,0.0,0.0,0.0,0.0,0.0
33,-2.430113864641246e+18,3.520462233253095e+17,6.093456186963879e+18,-5.751566163324828e+18,-4.550023392829904e+18,3.537226943889776e+17,3.26604203733569e+18,1.87546804505756e+18,-7.832236141880022e+18,-1.3286554054032694e+18,-7.91186073319464e+18,-3.484509058127803e+18,2.4092804877910564e+18,2.1837782309032486e+18,-3.0970225206327183e+18,-7.556315214877519e+18,5.538037316186915e+18,-4.0621456832379776e+17,-8.480334825392752e+18,4.2151770048946514e+18,5.893396790948168e+18,-1.404641134417111e+18,6.088607436057682e+17,-3.006130656391458e+18,-5.390363596592254e+18,1.3741384980333737e+18,6.802813877825651e+18,-2.922343994733499e+18,0.0,0.0,0.0,0.0
15,-2.054604589526827e+17,3.350975526242174e+18,7.473930928152127e+17,-7.970442073619908e+18,6.036951329353986e+18,6.206754440061484e+18,6.520139795135469e+18,-4.620859636102095e+18,-5.213227795691246e+18,2.5361637126980306e+18,-5.392955837796721e+17,5.61692492171349e+18,-8.963245896259769e+18,2.5469255118181207e+18,-7.252922794207829e+18,-3.945109510713373e+18,2.584265747288894e+18,6.429000725390966e+18,4.6789170987229344e+17,2.1658819274671544e+18,0.0,0.0,0.0,0.0,0.0,0.0,0.0,0.0,0.0,0.0,0.0,0.0
93,-6.876388928414683e+18,7.900867331607103e+18,-4.71183196380054e+18,1.739787957309854e+18,-3.4966930891418614e+18,-1.7759894731606456e+18,3.86439770964518e+18,5.188210595856946e+18,8.45735176705344e+18,6.806747827173655e+18,-1.678345271286119e+17,6.587810305079342e+18,5.036795515603319e+18,4.584661048589839e+18,2.0071033575373952e+17,3.8815513364240584e+18,-1.907808336550628e+18,-2.5577106166902e+18,7.64900469239047e+18,-2.7791731213221693e+18,-2.495071093198595e+18,-4.1661829895414866e+18,-6.944416843241373e+18,7.245463926089867e+18,-2.163981130661906e+18,-2.196424225875184e+17,9.871160259702679e+17,1.7787228359758042e+18,-4.245807503561368e+18,-3.3738394062318505e+18,0.0,0.0
24,8.260835522190907e+18,2.1314075267870387e+18,3.0790772536031483e+18,-1.57166353228081e+17,-5.274219738446361e+18,3.584587874530749e+17,8.755270663234365e+18,-5.614371307626523e+18,-1.568291950388662e+18,5.605792965767411e+18,0.0,0.0,0.0,0.0,0.0,0.0,0.0,0.0,0.0,0.0,0.0,0.0,0.0,0.0,0.0,0.0,0.0,0.0,0.0,0.0,0.0,0.0
25,-4.939024271039742e+18,7.942503894613876e+18,-1.7628696359429343e+18,1.2528787320059003e+18,8.94395147451672e+17,5.738564853916104e+18,2.871167116334307e+18,4.060988026122355e+18,9.243467271204013e+17,6.61174814715235e+18,-4.789881646976997e+18,8.643547779862498e+18,7.350275378876692e+18,7.593139506233217e+18,0.0,0.0,0.0,0.0,0.0,0.0,0.0,0.0,0.0,0.0,0.0,0.0,0.0,0.0,0.0,0.0,0.0,0.0
26,-1.6184652392902444e+18,-3.2259196902117883e+18,9.090983767215513e+18,8.519623435094404e+18,-8.813340633138104e+18,8.336754753289779e+18,-1.7111645819318205e+18,1.3232610860846054e+18,-1.1697340145961454e+18,-8.424475384448759e+18,7.165957627771881e+18,-7.533768567922688e+18,-6.752543971628716e+18,-5.549731973787151e+18,3.819708121228214e+18,6.13147892182729e+18,-5.372423365669484e+18,4.824145574967351e+18,3.187896847423125e+18,5.11603062588664e+18,5.463032167089638e+18,6.21213727828273e+18,7.759752236924791e+18,-5.922425028354892e+18,3.9385820264585605e+18,2.495644994112677e+17,2.4447870570634644e+18,2.2007149163410262e+17,6.335855886698423e+18,-8.26418992842622e+18,8.860029948427622e+18,6.606787699556386e+18
48,-3.1625544718790554e+18,-7.076983980795207e+18,-1.6056746959873283e+18,3.9226171907184773e+18,-3.497103931458735e+18,-9.2031327542275e+18,4.702730230034063e+18,4.583998440926365e+18,4.516544885629399e+18,0.0,0.0,0.0,0.0,0.0,0.0,0.0,0.0,0.0,0.0,0.0,0.0,0.0,0.0,0.0,0.0,0.0,0.0,0.0,0.0,0.0,0.0,0.0
71,-2.477377124449518e+18,-5.2455885892822e+18,1.4683248247043988e+18,0.0,0.0,0.0,0.0,0.0,0.0,0.0,0.0,0.0,0.0,0.0,0.0,0.0,0.0,0.0,0.0,0.0,0.0,0.0,0.0,0.0,0.0,0.0,0.0,0.0,0.0,0.0,0.0,0.0
76,4.161797752278464e+18,8.702342409174946e+18,3.6493236069992745e+18,2.041714187689164e+17,-5.870813891309849e+18,4.3639890766628347e+18,5.4518865067077e+17,-8.41090630210013e+18,7.37952838670748e+18,-8.113601036124841e+18,5.347753705816899e+18,-5.877415625708064e+18,4.294150479140781e+18,-6.601839119725336e+18,7.382600673710711e+18,-6.960933483418941e+18,-5.522961460015199e+18,2.649900527672665e+18,4.815609131657405e+18,5.736299498256182e+18,-4.3674653677959875e+18,5.355662519900615e+17,2.2597332827312983e+18,3.2234153420893425e+18,9.109551601650507e+18,-4.736553507400994e+18,-8.707979289506128e+18,2.079179956380311e+18,-2.3291167399085184e+18,-3.979527132925215e+17,0.0,0.0
7,-2.3166595388621405e+17,-5.635800637798282e+18,8.006047564999243e+18,4.775179346571256e+18,-5.993271243486438e+18,-5.887126815641741e+18,4.966815309175452e+18,-2.6105744108662897e+18,-1.435740360417088e+18,2.4573162722801413e+18,-1.7828380427403617e+18,8.968501955204784e+18,8.394290801667039e+17,-8.151361652394084e+18,6.335600214886299e+18,5.018078999751122e+18,-5.012598633193078e+18,4.28577605401645e+18,5.208026255804069e+18,8.593394200047702e+18,-5.742076087681634e+18,7.0699967002511304e+16,8.447198213102318e+18,5.340369110729739e+18,-6.056769051853596e+18,-1.0994472091145494e+18,-5.838122005808359e+18,6.589784903770547e+18,0.0,0.0,0.0,0.0
50,-2.8068477314954048e+17,7.920282313591763e+18,-7.28458235978538e+18,7.763103010724621e+18,-4.1294349245941996e+18,-5.62090974835839e+18,4.867053823694636e+18,-7.055380047600323e+18,-5.633121031194881e+18,2.483347632082666e+18,7.286266474541505e+18,3.526417722424007e+18,-6.22086799047964e+18,6.604949721863751e+18,5.831116703014863e+18,-4.826025271271621e+18,3.068259832158551e+18,4.0105454810971213e+18,8.086172461786356e+18,-5.3154529383679744e+17,-6.459549809981523e+18,-3.4097244892731116e+18,8.872321060006136e+18,8.761677240835569e+18,-4.4783501610584776e+18,5.57616111508909e+18,7.025141488997896e+18,-5.016176002393808e+18,7.984654794592989e+18,-8.949217404858269e+18,-5.051899680100603e+18,-3.5743546515085614e+18
22,8.246949065201829e+18,-4.365320200292501e+17,-4.4514061868980024e+18,-3.1251994391484744e+18,5.217318013355802e+18,-6.704484969257752e+18,5.128105667772921e+18,-7.039073417575837e+18,3.0908812421107185e+18,-7.492749319109244e+18,7.013710675260647e+18,0.0,0.0,0.0,0.0,0.0,0.0,0.0,0.0,0.0,0.0,0.0,0.0,0.0,0.0,0.0,0.0,0.0,0.0,0.0,0.0,0.0
4,4.412895910407523e+18,9.146143870629751e+18,3.4258137280868045e+18,-8.648279524124294e+18,3.9454128944761416e+18,8.352234411248168e+18,-9.093301167179135e+18,-6.304907816899282e+18,-7.345351998399532e+18,-9.068347509239161e+18,-6.161475379606605e+18,1.6429571087144586e+18,5.049088147246693e+18,0.0,0.0,0.0,0.0,0.0,0.0,0.0,0.0,0.0,0.0,0.0,0.0,0.0,0.0,0.0,0.0,0.0,0.0,0.0
32,8.052800826395938e+18,1.716439535596398e+18,-3.840641100899313e+18,2.4079598002925793e+18,8.285056986077771e+18,6.533030518382646e+18,-8.114775948872354e+18,-7.129263516816503e+18,8.748779046431293e+18,-6.720398722885669e+18,-2.395663558006041e+18,0.0,0.0,0.0,0.0,0.0,0.0,0.0,0.0,0.0,0.0,0.0,0.0,0.0,0.0,0.0,0.0,0.0,0.0,0.0,0.0,0.0
77,6.712947397555121e+18,-7.985847952994407e+18,1.4859958399766031e+18,3.502958911668178e+18,-1.9415829936763136e+16,-7.927460006449293e+16,8.411297012556305e+17,-6.051759472403886e+18,-7.365554032600985e+18,-4.1069553226505503e+18,2.986528777360759e+18,-5.685572705013973e+18,-1.3638082606659082e+18,-1.0745557884943338e+18,-6.15676196935535e+17,-7.344776387805993e+18,1.6254024370994196e+18,9.207544228429796e+18,5.755433888681515e+18,-7.380854324638505e+18,0.0,0.0,0.0,0.0,0.0,0.0,0.0,0.0,0.0,0.0,0.0,0.0
91,-3.191441478899152e+18,8.197195271285093e+18,5.280464443693509e+18,-5.200990379726538e+18,5.452478894519943e+18,3.0156275610937124e+18,-8.891744013457799e+18,9.077931339416549e+18,-6.449690921170245e+18,4.811427331301243e+17,5.872356912671217e+18,-6.292208889791485e+18,8.798889292246315e+18,-8.291304328566783e+18,3.203784147949619e+18,0.0,0.0,0.0,0.0,0.0,0.0,0.0,0.0,0.0,0.0,0.0,0.0,0.0,0.0,0.0,0.0,0.0
42,-1.362015045820288e+18,6.193093040601799e+18,8.185767500321836e+18,2.0286784442781334e+17,6.962372477647044e+18,-3.8058025036800486e+18,4.3219094074347505e+18,-8.823272924018367e+18,-2.8866340660340925e+18,-6.415347043753209e+18,1.4985411224766953e+18,-7.268114664127793e+18,-1.327110706960169e+18,-5.167710875200646e+18,-3.0113688096250803e+18,-2.8834525498943007e+18,2.968865529204271e+18,1.5912825799738468e+18,-3.9896851193180227e+18,5.783007183727458e+18,4.7670474490864984e+16,-5.308635843405648e+18,9.075601803984559e+18,-2.837026951434527e+18,6.754246696517597e+18,-3.091018551817154e+18,-3.1688647657601546e+18,4.791826779221162e+18,8.337763441700666e+18,1.9498115015559132e+18,0.0,0.0
13,-6.299437708697712e+18,3.715372724524599e+18,-2.9562873980842066e+18,1.0662887386978712e+18,-5.579894835519622e+18,4.5087838093325384e+18,-3.5834461500957184e+18,1.5390165112605545e+18,-8.426808815110938e+18,-8.827127844915212e+18,-1.8688649072300915e+18,6.581914112921956e+18,3.2065179893732137e+18,7.806531659713682e+18,-3.59872526097958e+18,4.986002081134432e+18,-9.12054606977382e+18,1.3874298774962883e+17,-9.016255714241688e+18,-3.409440511945598e+18,2.2596740381795054e+18,-3.74143171300632e+17,1.4365670245878464e+18,6.999366201260652e+18,-8.358600580790039e+18,-1.4826778605142787e+18,-8.415681650716055e+18,-3.101100158065902e+18,-1.4365044057607964e+18,3.519100012126508e+18,0.0,0.0
41,3.447246202882755e+18,-4.191070684627095e+18,0.0,0.0,0.0,0.0,0.0,0.0,0.0,0.0,0.0,0.0,0.0,0.0,0.0,0.0,0.0,0.0,0.0,0.0,0.0,0.0,0.0,0.0,0.0,0.0,0.0,0.0,0.0,0.0,0.0,0.0
55,-1.4764908584479562e+18,7.740015180992824e+17,7.557423473598369e+18,-7.388269790198706e+18,3.901576315630319e+18,1.7739194579009475e+18,3.5737998294922906e+18,4.3588719252408177e+18,6.028606085513942e+18,-8.729603682514552e+18,-7.944793266392495e+18,5.703141055594374e+18,9.673353863335208e+17,-4.714719007918236e+18,-8.262381656528589e+18,6.752009935848275e+18,-7.728511561522688e+18,-8.514777754236262e+18,-2.9456805212128957e+18,-7.706386119481412e+18,0.0,0.0,0.0,0.0,0.0,0.0,0.0,0.0,0.0,0.0,0.0,0.0
31,2.57044842612239e+18,-8.567406514550027e+18,-2.0443058904549353e+18,4.989899774776269e+18,4.946682280504147e+17,3.640476832877273e+18,-7.690224664575292e+18,-2.5962315132804756e+18,8.864726133488515e+17,5.610466836298644e+18,8.483982146999552e+18,3.140113486807214e+18,4.808976888479561e+18,-2.5244081340770227e+18,9.987648334648141e+17,3.7538254412054794e+18,-6.845483941181449e+18,-8.26016512174335e+18,1.111480199022372e+18,-4.1161498256429216e+17,4.974552382616679e+18,-7.911622027262198e+18,-8.98531907223039e+18,-7.490050145643807e+18,6.260402713075153e+18,2.3434696535575444e+18,7.037752082420166e+18,-8.323186968215797e+18,-2.3628358642855754e+17,-6.51697304423161e+18,-5.719826978168029e+18,0.0
66,7.309666548930188e+18,6.015372102666431e+18,2.142222004996553e+18,-3.5611082327366303e+18,-1.989804364126583e+17,4.854950110177129e+18,5.246784503536546e+18,-2.2883692619171475e+17,8.96691648898067e+18,-5.973507836534551e+18,3.957352328080225e+18,5.750431402900593e+18,1.75495487564233e+18,7.991261838114718e+18,1.59113788508063e+18,3.985106775684746e+18,3.278664658076738e+18,1.4748305403081206e+18,7.448869359799091e+18,2.4349755863242834e+18,-3.967140260609117e+18,2.8878452878417746e+18,-4.65136525964149e+18,-5.864321289311018e+18,0.0,0.0,0.0,0.0,0.0,0.0,0.0,0.0
65,-5.64717508374712e+18,-7.222370611286967e+18,-4.3552013770668104e+18,-7.160630076362834e+18,-7.99650894873536e+18,-8.225453518427282e+18,7.765758411766181e+18,-6.765118562443192e+18,-8.680881851592858e+18,6.97182346656485e+17,0.0,0.0,0.0,0.0,0.0,0.0,0.0,0.0,0.0,0.0,0.0,0.0,0.0,0.0,0.0,0.0,0.0,0.0,0.0,0.0,0.0,0.0
62,-6.796053844918945e+18,-1.4914562635590743e+18,8.576119938559635e+18,6.02429078568773e+18,7.303079365470628e+18,-9.598211956736625e+17,3.490789558635613e+17,-5.100888589370093e+18,6.24739740915689e+18,5.904255095058724e+18,5.602132326965692e+18,-1.314077967225525e+18,1.6411722113899382e+18,3.533436874818318e+18,1.4210887387301448e+16,-4.80226600295246e+18,6.874629845168853e+18,-8.807202746754095e+17,0.0,0.0,0.0,0.0,0.0,0.0,0.0,0.0,0.0,0.0,0.0,0.0,0.0,0.0
21,3.2107060750405837e+18,-6.954055177647596e+17,8.614631386540086e+18,-9.12688292617179e+18,8.734675766245079e+18,8.202655682917892e+18,-4.977282718337657e+18,1.7585742744470019e+18,-2.280294925394542e+18,-2.942652245069436e+18,-8.302247174059297e+18,9.890311082736522e+17,2.401567285850036e+18,-5.072550676524356e+18,-8.704951152541944e+18,2.1122129989104223e+18,8.616642959436355e+18,-1.3332369960762368e+18,5.866709077969981e+18,3.5449987153798467e+18,5.815153828133031e+18,-8.465246172289956e+18,0.0,0.0,0.0,0.0,0.0,0.0,0.0,0.0,0.0,0.0
95,-9.088940178969518e+18,4.82728802011473e+18,8.565223160955294e+18,2.419588753260649e+18,-3.010892816329526e+18,1.0854994536148285e+18,4.871424864848752e+18,-8.182117717112083e+18,5.133115750772278e+17,2.630030947649691e+18,3.1200351265191726e+18,4.956253147553321e+18,8.426405761505094e+18,-9.818551470561617e+17,4.4654982205374766e+18,-2.286308346638936e+18,-7.025360825430444e+18,-8.326852508769814e+18,-2.6940482529959274e+17,-2.7634975223908224e+18,3.446812893632356e+18,8.542631058513307e+17,2.1108014302382559e+18,3.785346514883088e+18,-1.147022621993728e+18,-1.8603136027094024e+18,-9.012757782091021e+18,6.055088169175877e+18,8.473052864327835e+18,-6.894812338605891e+18,-8.278302230817659e+18,-1.7610673761020856e+18
84,-5.741412850492219e+18,8.229156237527803e+18,-1.3178090563470152e+18,1.2514694156697628e+18,4.972121834867132e+18,-7.588098226258189e+18,-9.104999811150274e+18,8.008500118782807e+18,-7.443251149104556e+18,5.372470811483433e+18,-6.633827135337815e+17,-4.651209452094369e+18,9.643617181669467e+17,9.934342919258001e+17,2.8811272615370593e+18,-4.5229101161049e+18,1.897501429550942e+18,2.8758094168106496e+18,1.4865840739045586e+18,-7.367650564906895e+18,-8.944502151746292e+18,-2.6570572158817106e+18,-5.698390216596981e+18,-7.090962993042627e+18,3.7829296980482975e+18,-1.7520700759405517e+17,-3.2517328913254477e+18,-7.399003601033922e+18,0.0,0.0,0.0,0.0
58,-6.931070499359269e+18,-7.446898280731454e+18,-8.241000577677666e+18,3.8897855025545436e+18,-5.41790942554497e+18,0.0,0.0,0.0,0.0,0.0,0.0,0.0,0.0,0.0,0.0,0.0,0.0,0.0,0.0,0.0,0.0,0.0,0.0,0.0,0.0,0.0,0.0,0.0,0.0,0.0,0.0,0.0
64,2.1429818189806364e+18,7.162507350716428e+18,5.040784525061225e+18,5.808678955518541e+17,-2.401146119855933e+18,-2.5957299011629604e+18,2.4367079396213437e+18,0.0,0.0,0.0,0.0,0.0,0.0,0.0,0.0,0.0,0.0,0.0,0.0,0.0,0.0,0.0,0.0,0.0,0.0,0.0,0.0,0.0,0.0,0.0,0.0,0.0
83,9.011498589063389e+18,-7.478594840619475e+18,-5.03875675806436e+18,7.624566155365802e+18,-8.131342239023322e+16,-2.6866208583776225e+18,1.9753063365014354e+18,6.860425869196233e+18,-4.1015162044829225e+18,-8.454989472439486e+18,4.781980369111843e+18,-9.042072787098768e+18,4.5646485659980836e+18,8.546740029156284e+18,3.852725309508019e+18,-5.811000055560539e+18,-9.824696592360472e+17,-2.6136844211641503e+18,2.9465669336588564e+18,-2.4230982561238994e+18,7.664040401758024e+18,-7.709150939148307e+18,6.033737063993454e+18,8.548380502623993e+18,7.004654154166191e+17,-8.009511149790753e+18,-1.8427741306983862e+18,-8.998761709571196e+18,0.0,0.0,0.0,0.0
94,5.000392043466546e+18,-1.5904054777329743e+18,1.412187323615592e+18,-8.975041121760273e+18,0.0,0.0,0.0,0.0,0.0,0.0,0.0,0.0,0.0,0.0,0.0,0.0,0.0,0.0,0.0,0.0,0.0,0.0,0.0,0.0,0.0,0.0,0.0,0.0,0.0,0.0,0.0,0.0
0,-3.984105319664957e+18,8.038309433075628e+18,-8.956106633695911e+18,2.7379372790545485e+18,5.685162918927025e+18,-4.1734763832334223e+18,-4.334629279748096e+18,6.152032014877773e+18,-3.6401679729853563e+18,4.5474319500250235e+18,-4.660447008565765e+18,-4.0871231530363955e+18,1.6772861730671516e+18,-8.73086580265813e+18,-1.9991926182490086e+18,2.534049289383195e+18,4.2734253836278615e+18,0.0,0.0,0.0,0.0,0.0,0.0,0.0,0.0,0.0,0.0,0.0,0.0,0.0,0.0,0.0
99,-1.7040109157031898e+18,6.105745367588653e+18,-7.054170702388539e+18,-8.501042956283258e+18,2.0315743394767434e+18,-1.8429621526707277e+18,-3.758947533236849e+18,-6.477705584112596e+18,9.702278585789814e+17,3.0338311696134533e+18,1.3636841023755581e+18,3.169024402579727e+18,-4.145861090237725e+18,6.863447432671341e+18,-2.07494974929047e+18,-1.5655909126869804e+18,-2.642066231413686e+18,3.8472706353996856e+18,-5.310830676239983e+18,1.96724887887726e+17,0.0,0.0,0.0,0.0,0.0,0.0,0.0,0.0,0.0,0.0,0.0,0.0
96,7.03177826871537e+18,2.8241076468739315e+17,4.899863195780137e+18,-4.910230024274578e+18,-7.571993952226973e+18,7.524936222737e+18,9.032610422221474e+18,8.546975287643292e+18,-4.7098929669047315e+17,-1.500707199540023e+18,-5.012894466856637e+18,-3.8387702035877606e+18,-4.983463001070815e+18,-3.773003091071898e+18,-3.846084567975173e+16,1.6467015208279444e+18,7.579359217055459e+18,0.0,0.0,0.0,0.0,0.0,0.0,0.0,0.0,0.0,0.0,0.0,0.0,0.0,0.0,0.0
67,2.0349799107254927e+18,-8.373264989864333e+18,3.597960887759533e+18,-8.432502408865155e+18,-8.089704980887588e+18,-7.282850209587639e+18,-7.594443419422892e+18,-8.389622319555923e+18,0.0,0.0,0.0,0.0,0.0,0.0,0.0,0.0,0.0,0.0,0.0,0.0,0.0,0.0,0.0,0.0,0.0,0.0,0.0,0.0,0.0,0.0,0.0,0.0
61,6.667574837588691e+17,3.3182431546206213e+18,6.880047441221665e+18,7.497404368196084e+18,4.681638119449904e+18,5.618594526821704e+18,5.354585906327143e+18,-7.011620632277876e+18,2.2440159517366764e+18,5.98068419900129e+18,-3.2541570179694853e+18,5.37934670743449e+18,0.0,0.0,0.0,0.0,0.0,0.0,0.0,0.0,0.0,0.0,0.0,0.0,0.0,0.0,0.0,0.0,0.0,0.0,0.0,0.0
43,8.366414769031862e+18,7.152320349836584e+18,-8.830748855818014e+18,-7.548668797500511e+18,-1.1169612543725224e+17,7.497970416180274e+18,-5.573249702766458e+18,-1.4506294547231665e+18,-7.666015455785908e+18,-5.350541283247669e+17,-5.784963307786469e+18,-8.501996253270012e+17,6.874743129256897e+18,-6.765805900460164e+18,3.647069502200275e+18,-6.079791649611225e+18,-2.39817940523935e+18,-2.9344488733518986e+18,-4.330030749709305e+18,-5.14530426856256e+18,-8.485455788660759e+18,2.499020494366102e+18,-5.049277997649446e+18,-6.432310732717983e+18,3.5473234186262036e+18,-4.703968628782056e+18,4.381582089654264e+18,-7.504296491168463e+18,-3.19915228325461e+17,0.0,0.0,0.0
2,-8.930976175464974e+18,1.3213041862565696e+18,6.774386452641203e+18,-4.286080151825081e+18,4.776022931807155e+18,1.6839563598619814e+18,0.0,0.0,0.0,0.0,0.0,0.0,0.0,0.0,0.0,0.0,0.0,0.0,0.0,0.0,0.0,0.0,0.0,0.0,0.0,0.0,0.0,0.0,0.0,0.0,0.0,0.0
54,8.144313774839367e+18,-3.421110137229538e+18,8.334786738277748e+18,-8.372028874522413e+18,-4.4216798425477146e+18,3.160297860913406e+18,-8.939734055444571e+18,4.0379220174869187e+18,-1.1785217236594026e+17,6.323402804750255e+17,1.292249748536197e+18,-8.491065803501503e+18,0.0,0.0,0.0,0.0,0.0,0.0,0.0,0.0,0.0,0.0,0.0,0.0,0.0,0.0,0.0,0.0,0.0,0.0,0.0,0.0
30,-6.049874536607688e+17,-1.3997868191771973e+18,-4.348429974437884e+18,-3.855484321635402e+18,-4.204879475349473e+18,-6.113306406436646e+17,-6.18403607445444e+17,-7.776224348393783e+18,4.0833118144287713e+18,-7.523655803217206e+18,6.68337740623189e+18,0.0,0.0,0.0,0.0,0.0,0.0,0.0,0.0,0.0,0.0,0.0,0.0,0.0,0.0,0.0,0.0,0.0,0.0,0.0,0.0,0.0
59,-8.807953334340548e+18,7.606620226208222e+18,8.890975080872608e+18,-3.1909450260739323e+18,-7.901730610242239e+18,0.0,0.0,0.0,0.0,0.0,0.0,0.0,0.0,0.0,0.0,0.0,0.0,0.0,0.0,0.0,0.0,0.0,0.0,0.0,0.0,0.0,0.0,0.0,0.0,0.0,0.0,0.0
85,-6.993482896974809e+18,2.9128847370225393e+18,-5.092601264192127e+17,7.268776675891211e+18,7.290148888355209e+18,-1.2268401678003274e+18,7.508008918073116e+18,-8.740378104196623e+18,4.2534750522281206e+18,-3.195229459144925e+18,3.5975453646313815e+18,-6.556897637279898e+17,7.018590577299375e+18,-6.233374759795381e+18,5.25385285420312e+18,-7.857452492317748e+18,8.290060428383138e+18,-7.513689991617622e+18,-7.768108352523233e+18,-2.935450341159514e+18,4.972040199297829e+18,6.070594029828903e+18,-6.349763632362486e+18,0.0,0.0,0.0,0.0,0.0,0.0,0.0,0.0,0.0
74,1.289603425046932e+18,-5.560325723494241e+18,-6.106285150016819e+18,7.180918213802063e+18,1.41128631907255e+18,-2.627006123726346e+18,-3.673739232455421e+18,-5.32352353912133e+18,7.508011598334456e+18,-7.497012029557693e+18,-2.8703071609815475e+18,6.331329931929898e+18,1.5937498949271398e+18,-7.572775309139251e+18,-2.6905000373452755e+17,4.72620219688571e+18,-9.774613392237962e+16,-3.8206393672584494e+18,1.095104012707826e+18,-8.816670905838987e+18,2.9561950138872535e+18,6.201079103831838e+18,-2.3838659557449283e+18,3.4072561326900854e+18,0.0,0.0,0.0,0.0,0.0,0.0,0.0,0.0
90,-4.660156961397106e+18,-2.346844089035086e+18,-6.623287720170143e+18,-8.940087668850435e+18,0.0,0.0,0.0,0.0,0.0,0.0,0.0,0.0,0.0,0.0,0.0,0.0,0.0,0.0,0.0,0.0,0.0,0.0,0.0,0.0,0.0,0.0,0.0,0.0,0.0,0.0,0.0,0.0
18,3.44909195149687e+18,-3.186169750336231e+18,6.424927986665795e+18,-3.4630816123001795e+18,1.7845054259833062e+18,-2.4920362207859354e+18,3.1381027757663293e+18,-3.4402481907562875e+18,-8.749152113963388e+18,-1.2041962456305244e+18,-9.197218843759633e+18,1.479769706479976e+17,2.524551769592995e+18,6.940993320442248e+18,2.3161461538004844e+18,2.632360258847588e+18,-3.3685600146224937e+18,1.1003219684665807e+18,2.8286369043315763e+18,6.77105484539452e+18,3.5040117305337943e+18,0.0,0.0,0.0,0.0,0.0,0.0,0.0,0.0,0.0,0.0,0.0
52,6.61036057559449e+17,7.649058309259496e+18,2.2418773024156314e+18,-3.937785141833941e+18,-7.687004325577823e+18,-7.266632274490679e+18,7.917501902533857e+18,-4.532027569849218e+18,9.092045811654041e+18,-3.619415211839067e+18,4.818243414344342e+18,-3.785278749157144e+18,2.567445444753737e+18,7.719924380207854e+18,6.396844490847194e+18,7.999073544096751e+18,-8.923771721699719e+18,-7.369919847168922e+18,-2.6360658102949014e+17,-6.436948055320484e+18,8.821776938284895e+18,-1.6555334523344064e+18,0.0,0.0,0.0,0.0,0.0,0.0,0.0,0.0,0.0,0.0
44,7.741706572765546e+18,8.501350191471267e+18,5.567047327190121e+18,6.723561685817982e+18,8.998316581161651e+18,-7.390502708465022e+18,2.6665015880671606e+18,8.769825183722189e+18,7.109337765824268e+18,-1.2498999729986328e+17,1.7658713348554273e+18,-1.39522700680659e+18,5.021428028757774e+18,-7.40508980283199e+18,0.0,0.0,0.0,0.0,0.0,0.0,0.0,0.0,0.0,0.0,0.0,0.0,0.0,0.0,0.0,0.0,0.0,0.0
17,6.209689074433435e+18,3.167283543800485e+18,-9.050832808179365e+18,-8.094037720439424e+18,8.639425686593594e+18,-8.184645643895906e+18,-5.807530689276717e+18,-9.070253886093528e+17,1.873462296509284e+18,8.950470597612986e+18,-4.09237390459983e+17,-7.93440991810838e+17,-1.3328849362570045e+18,-7.52872328921727e+18,-8.245226043387418e+17,7.179827829600949e+18,-5.621457522766749e+18,1.7121568623969482e+17,-3.514548466701078e+18,3.209326375721963e+18,-6.83918039666595e+18,-6.797971439915606e+17,-3.205949798924702e+18,0.0,0.0,0.0,0.0,0.0,0.0,0.0,0.0,0.0
36,-7.562752656343977e+18,3.616319653930741e+18,2.114701352258161e+18,-7.498488119984398e+18,5.619131624899389e+18,-1.7213244127944515e+18,8.413037234860233e+18,3.4369760143612503e+18,-5.394055668901973e+18,4.0362446183661916e+18,7.382873653119551e+18,5.259179413677323e+18,7.021082595000604e+18,-6.694010501777936e+18,-8.051483682271315e+18,6.65978053963334e+18,-8.819162809748954e+18,-4.19471007245747e+18,-1.888581349652963e+17,-2.0055584098618176e+18,-2.860249631725247e+18,8.637937408648024e+18,-5.447010746165512e+18,-3.362040638240155e+18,-9.7728709021603e+17,-3.123877260892272e+18,3.668582265323549e+18,0.0,0.0,0.0,0.0,0.0
49,4.674183242659596e+18,-1.3272468203417334e+18,2.3562552265379804e+18,-7.975038987089449e+18,7.179893726735572e+18,6.340408954690056e+18,-1.108379808006629e+18,-7.966522411842504e+18,4.633573649008191e+18,-7.568029765113745e+18,-6.397855595664403e+18,8.53226379861595e+18,-1.8775104078083108e+18,-5.154965669630585e+18,-1.6905387366246643e+18,0.0,0.0,0.0,0.0,0.0,0.0,0.0,0.0,0.0,0.0,0.0,0.0,0.0,0.0,0.0,0.0,0.0
86,-6.850616573552997e+18,8.529883257022743e+17,5.786777967179661e+16,-4.2150312334400855e+18,7.013558646661275e+18,-8.805554829633178e+18,-8.949164522039781e+18,-1.7272592807337375e+18,-1.5127921225913068e+18,2.803030294378312e+18,-6.2004190284295e+18,-1.237766964554877e+18,-7.51139861522375e+18,9.021344747038795e+18,-3.6860314028047995e+18,4.931677189851428e+18,0.0,0.0,0.0,0.0,0.0,0.0,0.0,0.0,0.0,0.0,0.0,0.0,0.0,0.0,0.0,0.0
37,4.749436296861975e+18,-4.2207235238583025e+18,6.013610514931251e+18,-9.153657841488953e+18,3.150949861490703e+18,-5.122055647575777e+18,7.356088127158551e+18,6.489095229880067e+18,3.960020275157249e+18,1.0045824019373963e+17,-7.757366293942899e+18,-4.056579644849175e+16,2.561322820793027e+18,5.762238615635039e+18,-4.20114457004684e+18,0.0,0.0,0.0,0.0,0.0,0.0,0.0,0.0,0.0,0.0,0.0,0.0,0.0,0.0,0.0,0.0,0.0
56,-7.641992447951063e+18,-7.11728522408808e+17,-8.699054756227508e+18,-6.184023653762093e+18,-1.0817695440522388e+18,1.727232317181648e+18,8.942915661457948e+18,-2.2850204339526144e+18,6.857489860915106e+18,-4.926977660989922e+18,2.0067307122044408e+18,4.850028477368655e+18,-4.823285865065095e+18,2.1068918610297098e+18,-7.454153147989807e+18,-2.390476268326156e+18,-3.322791441129081e+18,3.3201270030908303e+18,-9.893331034047057e+17,-7.502528940462464e+18,-8.628394965159717e+18,4.890398830866648e+18,-6.138906400083019e+18,-2.773930922109854e+18,-7.999414808863613e+18,-2.9772341339923625e+18,5.076966111069274e+18,2.962714863065436e+18,-2.790176199534604e+18,0.0,0.0,0.0
63,-4.592152081563777e+18,-2.2598931159649536e+18,-3.742316027744732e+18,-3.6707878120128604e+18,-5.903485695409714e+18,-4.348479019104547e+18,-1.0871845039639091e+18,-8.152002091751401e+18,6.53241141413171e+18,-5.801214922003744e+18,-1.6534023357163405e+18,-2.5901018102767293e+18,-1.2663889772043523e+18,-6.411083373054972e+17,7.652662965264266e+18,-7.550525153310228e+18,-3.5728529084608215e+18,0.0,0.0,0.0,0.0,0.0,0.0,0.0,0.0,0.0,0.0,0.0,0.0,0.0,0.0,0.0
35,7.247615105993975e+17,-7.352331416815514e+18,7.866491307438407e+18,574183138066069.0,-3.4883441061880074e+18,-3.8878227982803087e+18,3.5986087746016676e+18,-6.467547582608479e+18,-7.005487907860976e+18,-3.2509515367557463e+18,6.819348839278339e+18,-8.906077822673431e+18,4.682754936317766e+18,7.610009997761122e+18,4.256909799614737e+18,7.612848505844621e+18,-5.011567170398331e+18,-7.614765149188478e+18,7.482349535302234e+18,2.6353806702235146e+18,7.664916961132486e+18,-3.105016762701114e+18,-2.833916219153957e+18,8.718941553085257e+18,-3.243546322075382e+18,-1.6447175325735955e+17,0.0,0.0,0.0,0.0,0.0,0.0
97,-6.096127718337722e+18,-3.0049832987651507e+18,2.642275587119998e+18,-1.4124260159973714e+18,6.349212119246508e+18,-1.1085820497386163e+18,2.4889274457963105e+18,-1.8631665876612232e+18,2.357848502119945e+18,-7.576713176999665e+18,-5.506797918603444e+18,6.721752849694007e+18,3.394803277732434e+16,-1.2175135401783107e+18,-8.910670999965674e+17,8.133331740784551e+18,6.139096625478396e+18,2.3163204210703145e+18,7.331365552906251e+18,-6.628772363028641e+18,-4.848005695907827e+18,-6.034871247217756e+18,6.8941378512415e+18,0.0,0.0,0.0,0.0,0.0,0.0,0.0,0.0,0.0
75,1.4457571089733174e+18,-3.6663565732477706e+18,5.233767652627745e+18,4.666690226163308e+17,7.423641047397784e+18,-8.39748864611456e+18,-5.352449123380169e+18,-5.930922996046183e+18,-7.811975773019344e+18,0.0,0.0,0.0,0.0,0.0,0.0,0.0,0.0,0.0,0.0,0.0,0.0,0.0,0.0,0.0,0.0,0.0,0.0,0.0,0.0,0.0,0.0,0.0
57,6.558771901056584e+17,1.7445559510739366e+18,6.034451909802563e+18,3.936781655086651e+17,-4.715361821989757e+18,9.101823810373286e+18,-6.151220278370767e+18,4.2423814948107177e+18,2.1083579308521485e+18,-1.2031914726495808e+18,-2.4748926666259195e+18,-7.793838807930446e+18,1.5660827627132777e+18,2.8823197255609974e+18,8.625280482863242e+18,8.853428854046472e+17,-1.4102759529764237e+18,6.517741685504413e+18,-4.767076455214024e+18,2.684813136423868e+18,-7.129734164583218e+18,2.7375169976134973e+18,-7.244286343775158e+18,-2.956559137252845e+18,0.0,0.0,0.0,0.0,0.0,0.0,0.0,0.0
88,-4.52744929854332e+18,-4.1087284499102095e+18,7.105517323747854e+18,7.745045450979151e+18,-1.223578938624875e+18,-6.995352115609543e+18,-8.783187477110803e+18,-2.9336390192670643e+18,-2.065128324921487e+17,2.2842951911695642e+18,1.6286888619867277e+18,-7.428137788402375e+18,0.0,0.0,0.0,0.0,0.0,0.0,0.0,0.0,0.0,0.0,0.0,0.0,0.0,0.0,0.0,0.0,0.0,0.0,0.0,0.0
10,-2.902316209355571e+18,-1.468895842375813e+18,6.663311017635174e+17,-6.279779280412254e+18,-7.499828211157059e+18,-5.148946917459039e+17,-3.403838682530833e+18,2.325880227601459e+18,5.361438481368986e+18,-6.650526166667357e+18,5.480174960954145e+18,5.249692823403932e+18,-5.385667763058973e+17,-1.572644532416452e+17,-4.4594383071347676e+18,-2.6334111086845072e+17,8.007950690845523e+18,-8.814399582922681e+18,4.117775240320399e+18,-7.903586913511048e+18,4.202641994788326e+18,-8.006850810848041e+18,6.947941297488006e+18,6.11314785318444e+18,1.915443303624894e+18,0.0,0.0,0.0,0.0,0.0,0.0,0.0
53,-8.47421407571251e+18,7.97154282081251e+18,2.9723419877601956e+18,3.774416156758167e+17,8.605951133192402e+18,-1.2386964557761892e+18,-6.612378507263883e+18,-5.293430026220436e+18,-6.114581114849458e+18,-4.3352482854833705e+18,6.604148772334641e+18,2.8922228060970107e+18,1.3005511622499845e+18,8.704968284533943e+18,-7.301292024158131e+18,3.126561134850654e+17,0.0,0.0,0.0,0.0,0.0,0.0,0.0,0.0,0.0,0.0,0.0,0.0,0.0,0.0,0.0,0.0
8,-3606351732399749.0,8.110020377016699e+18,-4.681870281041326e+18,-9.62580646882332e+17,-8.682590604631626e+18,1.2713732320196319e+18,4.50451276885779e+18,3.373257473828869e+18,-6.132648533381524e+18,3.5430678244354836e+18,1.9542513139292209e+18,5.416020747561209e+18,5.733860931641901e+18,-6.402616705676782e+18,2.0429909532841132e+18,2.716402611547158e+18,0.0,0.0,0.0,0.0,0.0,0.0,0.0,0.0,0.0,0.0,0.0,0.0,0.0,0.0,0.0,0.0
39,-6.527996881132558e+18,-1.7129467731973353e+18,8.550937854443849e+18,6.272079747875513e+18,7.751623088578701e+18,9.0203498999079e+18,5.780694676339121e+18,-8.457569747653912e+18,-4.0437441517952404e+18,5.951194688810277e+17,8.806273149446101e+18,0.0,0.0,0.0,0.0,0.0,0.0,0.0,0.0,0.0,0.0,0.0,0.0,0.0,0.0,0.0,0.0,0.0,0.0,0.0,0.0,0.0
47,7.250851605905628e+17,-7.677000214154094e+18,-3.2370384877161385e+18,5.249173366569185e+18,-2.4328944090471706e+18,1.4808379652085583e+18,2.788874557959634e+18,-1.212938400520826e+18,-8.134759554818772e+18,2.8290615416781747e+18,8.013323996546929e+18,-4.106595890511009e+18,3.5591657235724887e+18,-1.53891116269735e+18,-3.4475292945947853e+18,-8.918971198215584e+18,2.067633975932885e+18,-2.958390918241582e+18,7.550734210062309e+18,-5.548742687678646e+18,-6.793733418449824e+18,-7.373576799312081e+18,-2.2808383931148933e+18,5.867842128616508e+18,7.097300222092265e+18,2.6538465389041183e+18,-6.361084787020584e+17,-2.0024152302298916e+18,6.263022586227831e+17,0.0,0.0,0.0
60,-6.074645430826856e+17,-6.864327434638929e+18,8.141589325669241e+18,2.1631911072678372e+18,-3.2821143054080133e+18,-1.601619867001414e+18,6.784542699828054e+18,-1.0513524507034614e+18,7.570426369157409e+18,-7.146560848524123e+18,5.666908206632715e+18,7.700028780509953e+17,-2.363079740083021e+18,8.040555225908473e+18,-7.214754919027559e+18,-7.700223327064818e+18,-7.49725933745506e+18,1.3120321944440863e+18,-6.173953142854675e+17,2.575356674518066e+17,6.929917696751511e+18,0.0,0.0,0.0,0.0,0.0,0.0,0.0,0.0,0.0,0.0,0.0
89,3.972304742930093e+18,7.99023326662496e+18,1.7914292113515694e+18,2.6685864198448195e+18,4.2208974945745024e+18,-5.049611067067662e+18,1.3028372130884319e+18,4.873013335834159e+18,-3.865269708963559e+18,2.0477885900910065e+18,2.1433967169967276e+18,2.4206619692633774e+18,-7.593820684882428e+18,4.0691141006279347e+18,-4.5713877367228897e+18,3.7996120122049106e+18,-5.541161563929331e+18,4.5533418470053857e+18,4.604434068160058e+18,1.0734172968595068e+18,-7.75726685102757e+18,-8.258112861613109e+18,1.1983311444353766e+18,-3.0284474118198067e+18,5.628034948894852e+18,-7.455565549766701e+18,7.676768529895837e+18,2.6371116339239526e+18,-3.181293498819861e+18,0.0,0.0,0.0
51,7.867168670192976e+18,6.729380339829293e+18,1.626984123471714e+18,-2.976124530422064e+18,3.411102400574539e+18,-5.349621183558747e+17,-3.810961719907635e+18,-6.322921817553861e+18,-8.341343468249368e+18,3.487456246390293e+18,-3.408916180011324e+18,5.103468410787176e+18,-7.429302077774296e+18,-4.751628384503605e+18,4.3346485217609385e+18,-5.561016651574467e+18,-6.955030102696557e+18,4.550016490217208e+18,0.0,0.0,0.0,0.0,0.0,0.0,0.0,0.0,0.0,0.0,0.0,0.0,0.0,0.0
14,1.677158962684086e+18,-8.399204136187222e+18,-5.086172436608579e+18,-8.253546843553648e+18,0.0,0.0,0.0,0.0,0.0,0.0,0.0,0.0,0.0,0.0,0.0,0.0,0.0,0.0,0.0,0.0,0.0,0.0,0.0,0.0,0.0,0.0,0.0,0.0,0.0,0.0,0.0,0.0
28,6.132012417057875e+18,-2.686076248958436e+18,-7.036361414139338e+18,-4.922218884889716e+18,-5.070057036520631e+18,-3.2215437792424e+18,8.062706535758381e+18,-4.1669523310817536e+18,8.244193519086197e+18,8.424138028993092e+18,-5.523073704285592e+18,6.230271131472729e+18,0.0,0.0,0.0,0.0,0.0,0.0,0.0,0.0,0.0,0.0,0.0,0.0,0.0,0.0,0.0,0.0,0.0,0.0,0.0,0.0
16,-4.004670862495968e+18,-4.5622869748881213e+18,0.0,0.0,0.0,0.0,0.0,0.0,0.0,0.0,0.0,0.0,0.0,0.0,0.0,0.0,0.0,0.0,0.0,0.0,0.0,0.0,0.0,0.0,0.0,0.0,0.0,0.0,0.0,0.0,0.0,0.0
34,3.976983872673711e+18,-8.095704417751925e+18,-7.960524615495231e+18,6.597670942983656e+18,3.283243646107147e+18,-6.445030061666034e+18,8.734887792167067e+18,7.011491247514131e+18,1.9143121937613614e+18,-7.861990954925975e+18,3.0421197622767933e+18,4.623578510942531e+18,1.2788960606699364e+18,6.991801945730233e+18,1.3566843929838461e+18,0.0,0.0,0.0,0.0,0.0,0.0,0.0,0.0,0.0,0.0,0.0,0.0,0.0,0.0,0.0,0.0,0.0
82,5.688694997844583e+18,-1.2871197793566723e+18,-3.942628343012989e+18,-8.796666768626207e+18,7.441313210810678e+18,-5.675720412475684e+17,3.5440175520481137e+18,6.798558339037252e+18,5.702647913500841e+18,7.823705672132111e+18,-6.463477430169821e+18,1.545050490197872e+18,-5.938696769265525e+18,0.0,0.0,0.0,0.0,0.0,0.0,0.0,0.0,0.0,0.0,0.0,0.0,0.0,0.0,0.0,0.0,0.0,0.0,0.0
46,2.1876933304231875e+18,-2.2430168732951366e+17,3.8032633784516224e+17,-8.019333768017246e+18,-9.000117852389118e+18,-7.021916544699702e+18,6.786724285668606e+18,-3.2212905900605363e+18,4.0468266874797645e+18,2.891536286558363e+18,6.089141527087821e+18,5.154445803768468e+18,-5.413352682456708e+18,-2.9560204626615393e+18,1.3028367947378437e+18,1.6064423091766653e+17,8.793113696665719e+18,8.310845066881162e+18,-1.912178074042097e+18,7.87812392616586e+18,8.734355237498099e+18,5.195747105958298e+18,3.8391283998803415e+18,-3.7430316645500063e+18,2.109296287379553e+18,1.756835267177417e+18,-4.5508983184616525e+18,-5.046069276582961e+18,-2.0287710149888944e+16,4.355387505625336e+17,7.106296144000754e+18,0.0
27,-8.694266709111108e+18,-3.3667449677577656e+18,-3.801457812943585e+18,-8.082178457977754e+18,-8.596604506866172e+18,-6.251002094015735e+18,-6.614122359610533e+18,3.473398380857201e+18,6.381383219273472e+17,8.543105623705414e+18,-3.4763096558013957e+18,6.472182165468127e+18,7.828907507637467e+18,4.442451423385137e+18,-5.042680670985047e+18,7.058859652668511e+17,5.541378667304638e+18,3.152221167421237e+18,-7.772070479715388e+18,3.133528593556607e+18,-1.964898678013622e+18,5.404072049055335e+18,8.067464990178305e+18,-5.31741015092043e+18,-6.918229489900682e+18,3.549978735229572e+18,-1.698129007390433e+18,-7.141926453879798e+18,-5.09350452152991e+18,3.0193181998667745e+18,-2.3502577222059054e+18,-5.088049524206079e+17
20,7.059717642753944e+18,5.105017163863705e+18,3.5276059986345984e+18,4.506305472928257e+18,4.124213965938047e+18,5.66739940006888e+18,1.4736189000102927e+18,5.747486647678252e+18,-5.670335043951191e+18,1.6454198189586301e+18,6.616169718414309e+18,0.0,0.0,0.0,0.0,0.0,0.0,0.0,0.0,0.0,0.0,0.0,0.0,0.0,0.0,0.0,0.0,0.0,0.0,0.0,0.0,0.0
9,1.5050220143608212e+18,-8.121287192111789e+17,-1.527999150343726e+18,9.147395734547541e+18,1.7359446146998164e+18,-4.435131865972521e+17,-7.857187414975397e+18,-2.8547502771012803e+17,6.722949580097121e+18,-8.45110297004737e+18,-7.210846655159963e+18,-5.5780459308934925e+17,-6.073783437184949e+18,-4.907840960022478e+18,3.343040221352323e+18,7.580952593541795e+18,9.07476077899667e+18,-4.77565616029366e+18,-4.5500018350012667e+18,-1.5236730467680928e+17,0.0,0.0,0.0,0.0,0.0,0.0,0.0,0.0,0.0,0.0,0.0,0.0
92,3.288203541905802e+18,-2.8262867594311498e+17,6.94373732105325e+17,4.717071181152163e+18,1.3508991478272865e+18,5.923145777131176e+18,5.323271404407375e+18,5.517340846445023e+18,-5.917856641935283e+18,4.2824246373562106e+17,2.4717852477063276e+18,2.2618778479749523e+17,-5.397928640006072e+18,-8.350916017638415e+17,-3.456267967592663e+18,8.406175783614583e+18,7.600580092962276e+18,-3.6618530476588836e+18,4.1734247994945116e+18,7.517467017044665e+18,1.0558732478524033e+18,-4.444879390665607e+18,-1.8183359377324265e+18,8.079503616479725e+18,-1.2804798009086917e+18,-1.4741828188808978e+18,7.486211837578953e+17,-4.875584043197436e+18,1.3648107830093773e+18,-3.939924125331081e+18,2.2852198764080456e+18,0.0
3,-3.5539987041419187e+18,4.5399264052368594e+18,-6.279871946493669e+18,7.745203804163377e+18,5.048619294286506e+18,0.0,0.0,0.0,0.0,0.0,0.0,0.0,0.0,0.0,0.0,0.0,0.0,0.0,0.0,0.0,0.0,0.0,0.0,0.0,0.0,0.0,0.0,0.0,0.0,0.0,0.0,0.0
98,-3.407058085913143e+18,-8.827734135415857e+18,8.854814244636104e+18,7.907866136109808e+18,8.483786315920498e+18,-5.050824412642871e+18,-7.469257008484499e+18,-5.06445860524117e+18,6.731836563632373e+18,2.783604367205718e+18,5.10519324730815e+18,6.056601847445563e+18,-1.504068850889804e+18,6.819445574979848e+18,0.0,0.0,0.0,0.0,0.0,0.0,0.0,0.0,0.0,0.0,0.0,0.0,0.0,0.0,0.0,0.0,0.0,0.0
29,8.359616089307883e+16,4.378838830617208e+18,-7.3142989616908e+18,2.927197514915299e+18,5.167697476163621e+17,9.051067566515871e+18,5.941694497703118e+18,-5.9275691979617e+18,-3.748741199385321e+18,-8.202059220051885e+18,-3.4129473265752243e+18,4.740138019637016e+18,0.0,0.0,0.0,0.0,0.0,0.0,0.0,0.0,0.0,0.0,0.0,0.0,0.0,0.0,0.0,0.0,0.0,0.0,0.0,0.0
80,6.816142788732166e+18,-8.675739612667816e+18,2.522128785455557e+18,0.0,0.0,0.0,0.0,0.0,0.0,0.0,0.0,0.0,0.0,0.0,0.0,0.0,0.0,0.0,0.0,0.0,0.0,0.0,0.0,0.0,0.0,0.0,0.0,0.0,0.0,0.0,0.0,0.0
73,7.95293762496005e+18,-3.3625864072836444e+18,-8.209942240009856e+18,3.134815842531519e+18,8.504405375055015e+18,0.0,0.0,0.0,0.0,0.0,0.0,0.0,0.0,0.0,0.0,0.0,0.0,0.0,0.0,0.0,0.0,0.0,0.0,0.0,0.0,0.0,0.0,0.0,0.0,0.0,0.0,0.0
