11,3.1749347439804416e+16,1.3923453326956954e+17,1.3663222117485773e+17,2.3840143689383936e+17,7.432196092592128e+16,1.5561884566133146e+17,6.436324173152256e+16,1.455481609644933e+17,4.949622532132045e+16,3.950408269142426e+16,2.7780786920882176e+16,1.079445454669742e+17,0.0,4.749601610190029e+16,1.35851963056128e+16,7.98883330308178e+16,0.0,0.0,0.0,0.0,0.0,0.0,0.0,0.0,2.933075257117901e+16,0.0,3.292795948027085e+16,3.905441250043494e+16,0.0,1.719301715263488e+16,0.0,3.901108916532019e+16,0.0,0.0,6172677605687296.0,1.4365289068101632e+16,447007579701248.0,6701421365821440.0,0.0,1.605009414291456e+16,0.0,0.0,0.0,0.0,0.0,0.0,0.0,0.0,0.0,0.0,0.0,0.0,0.0,0.0,0.0,0.0,0.0,0.0,0.0,0.0,0.0,0.0,0.0,0.0,0.0,0.0,0.0,0.0,0.0,0.0,0.0,0.0
19,1.1471518345199616e+16,2.2769721875103744e+16,0.0,3.899445475698278e+16,0.0,4.654340953551667e+16,0.0,5.303149021206938e+16,0.0,0.0,0.0,0.0,0.0,0.0,0.0,0.0,0.0,0.0,0.0,0.0,0.0,0.0,0.0,0.0,0.0,0.0,0.0,0.0,0.0,0.0,0.0,0.0,0.0,0.0,0.0,0.0,0.0,0.0,0.0,0.0,0.0,0.0,0.0,0.0,0.0,0.0,0.0,0.0,0.0,0.0,0.0,0.0,0.0,0.0,0.0,0.0,0.0,0.0,0.0,0.0,0.0,0.0,0.0,0.0,0.0,0.0,0.0,0.0,0.0,0.0,0.0,0.0
12,1.3101259791794176e+16,9.305093891424256e+16,1.9594491207876608e+17,2.6937571024044032e+17,5.945183495939686e+16,6.108226037953331e+16,1.422382530077655e+17,1.2237759408662118e+17,0.0,0.0,0.0,0.0,0.0,0.0,0.0,0.0,0.0,0.0,0.0,0.0,0.0,0.0,0.0,0.0,0.0,0.0,0.0,0.0,0.0,0.0,0.0,0.0,0.0,0.0,0.0,0.0,0.0,0.0,0.0,0.0,0.0,0.0,0.0,0.0,0.0,0.0,0.0,0.0,0.0,0.0,0.0,0.0,0.0,0.0,0.0,0.0,0.0,0.0,0.0,0.0,0.0,0.0,0.0,0.0,0.0,0.0,0.0,0.0,0.0,0.0,0.0,0.0
38,1.8530662168395776e+17,2.697559351052206e+17,9.008484308955955e+16,5.83743573728428e+17,0.0,2.39017077506048e+17,4.252996531986104e+17,3.966275510421422e+17,0.0,4385380652548096.0,7621753400459264.0,3.0435710217486336e+16,0.0,1.1299913785881395e+17,3.97890065268736e+16,1.1955881564019098e+17,0.0,0.0,0.0,0.0,0.0,0.0,0.0,0.0,0.0,3.8921708318910054e+17,4.649920916808008e+17,2.079723151561851e+17,0.0,0.0,0.0,9.964038940891546e+16,0.0,8.33927944161198e+16,6.242163734085632e+16,8.944318356547174e+16,1.6002159945659187e+17,3.61578264264704e+16,0.0,2.635997523214336e+16,0.0,0.0,0.0,0.0,0.0,0.0,0.0,0.0,0.0,0.0,0.0,0.0,0.0,0.0,0.0,0.0,0.0,0.0,0.0,0.0,0.0,0.0,0.0,0.0,0.0,0.0,0.0,0.0,0.0,0.0,0.0,0.0
81,2.6274812473114624e+16,1.1988882374734643e+17,1.1162278122907238e+17,2.076006630461276e+17,970611606159360.0,8.223591061520384e+16,7.229768270977434e+16,1.451352084489175e+17,0.0,0.0,0.0,0.0,0.0,0.0,0.0,0.0,0.0,0.0,0.0,0.0,0.0,0.0,0.0,0.0,0.0,0.0,0.0,0.0,0.0,0.0,0.0,0.0,0.0,0.0,0.0,0.0,0.0,0.0,0.0,0.0,0.0,0.0,0.0,0.0,0.0,0.0,0.0,0.0,0.0,0.0,0.0,0.0,0.0,0.0,0.0,0.0,0.0,0.0,0.0,0.0,0.0,0.0,0.0,0.0,0.0,0.0,0.0,0.0,0.0,0.0,0.0,0.0
5,2.2262378863263744e+17,5.2915161881850675e+17,3.505960500687012e+17,8.59108770481963e+17,0.0,4.686292417857454e+17,6.796854465396736e+17,3.337847921579131e+17,6.387898846386586e+16,2.5609936503308288e+17,3.782171393680998e+16,2.2988625191265894e+17,2.270691442085069e+16,2.7609084006812877e+17,9.6179771049771e+16,9.813274421886976e+16,0.0,0.0,0.0,0.0,0.0,0.0,0.0,0.0,1.3519239351841587e+17,2.6951601823206605e+17,1.265528262843433e+17,3.3007892257623245e+17,2.003463516140339e+16,1.787400977247109e+17,2.5422818522116915e+17,1.6305637180833792e+17,1.4992985224013414e+17,4.467121181635379e+16,9.508057724957491e+16,1.3087319401693184e+17,3.0808803289071616e+16,1.0692197388333875e+17,1.2016892433452237e+17,1.494758054774702e+17,0.0,0.0,0.0,0.0,0.0,0.0,0.0,0.0,0.0,0.0,0.0,0.0,0.0,0.0,0.0,0.0,0.0,0.0,0.0,0.0,0.0,0.0,0.0,0.0,0.0,0.0,0.0,0.0,0.0,0.0,0.0,0.0
40,6.27593506193408e+16,4.601268901668454e+16,1.2451704614577766e+17,5.290473026528215e+17,5.810197398290432e+16,1.075480254962729e+17,1.3137717406937907e+17,9.113649160178893e+16,0.0,1.0894832012623872e+16,5.313632177383014e+16,6.805248978976768e+16,5.923815174648627e+16,2.857886271143936e+16,0.0,2.5929679638626304e+16,0.0,0.0,0.0,0.0,0.0,0.0,0.0,0.0,0.0,2.118889817327534e+17,1.7537035228361523e+17,8.533254767588147e+16,3.566786514727731e+16,4839458553724928.0,0.0,3.205656000803635e+16,0.0,2.054899185483776e+16,64905545777152.0,2.252176911813837e+16,4.560380383513805e+16,2.436191134888755e+16,5351886806843392.0,1.2347551013404672e+16,0.0,0.0,0.0,0.0,0.0,0.0,0.0,0.0,0.0,0.0,0.0,0.0,0.0,0.0,0.0,0.0,0.0,0.0,0.0,0.0,0.0,0.0,0.0,0.0,0.0,0.0,0.0,0.0,0.0,0.0,0.0,0.0
70,0.0,5.725439225180979e+16,1.6051637109915648e+16,7.28436074128343e+16,2.2127549102424064e+16,1.6224489142484992e+16,0.0,5.548089717607629e+16,0.0,0.0,0.0,0.0,0.0,0.0,0.0,0.0,0.0,0.0,0.0,0.0,0.0,0.0,0.0,0.0,0.0,0.0,0.0,0.0,0.0,0.0,0.0,0.0,0.0,0.0,0.0,0.0,0.0,0.0,0.0,0.0,0.0,0.0,0.0,0.0,0.0,0.0,0.0,0.0,0.0,0.0,0.0,0.0,0.0,0.0,0.0,0.0,0.0,0.0,0.0,0.0,0.0,0.0,0.0,0.0,0.0,0.0,0.0,0.0,0.0,0.0,0.0,0.0
23,4.136553440241254e+16,1.0914517780476723e+17,3.164828428234916e+17,7.968807416768758e+17,0.0,0.0,2.5326824285064397e+17,3.691059245953843e+16,5.125910753286554e+16,2.531040376609833e+17,3.210113189014405e+17,2.8291188378933658e+17,1.3625915816804352e+16,1.7676879363519283e+17,1.2707601343053824e+17,1.2431173811909427e+17,0.0,0.0,0.0,0.0,0.0,0.0,0.0,0.0,2.1136131923063603e+17,2.5921230578961613e+17,3.77837515798741e+17,4.834587330666824e+17,3.69261960757248e+16,3.649312421534761e+17,1.3684064734779802e+17,9.322887081938125e+16,0.0,3.2689429881552896e+16,6.308522267299021e+16,1.026090192643031e+17,5.440893776350413e+16,6.77483803354071e+16,6385223189135360.0,1.2311047012614144e+17,0.0,0.0,0.0,0.0,0.0,0.0,0.0,0.0,0.0,0.0,0.0,0.0,0.0,0.0,0.0,0.0,0.0,0.0,0.0,0.0,0.0,0.0,0.0,0.0,0.0,0.0,0.0,0.0,0.0,0.0,0.0,0.0
72,0.0,1.8608109018677248e+17,1.6878379659689984e+17,1.5095377931544822e+18,0.0,3.6479287548706816e+17,5.47675366089556e+17,4.33522230647849e+16,0.0,2.445310767797371e+17,3.647827823139226e+16,5.2115105681873306e+17,0.0,3.3807240646990234e+17,1.1404505688467046e+17,1.633164578479145e+17,0.0,0.0,0.0,0.0,0.0,0.0,0.0,0.0,2.355606939846574e+17,4.6329956532853146e+17,4.108120069546967e+17,3.479527210363126e+17,2.951510974739251e+16,1.8049909299085312e+17,1.903901965151109e+17,1.7504048161541325e+17,9.633516296654029e+16,1.842973730888745e+17,1.6061217463966106e+17,1.5167594542451917e+17,3.030045525488435e+16,7.403941220738662e+16,9.153319196111667e+16,9.329010846308762e+16,0.0,0.0,0.0,0.0,0.0,0.0,0.0,0.0,0.0,0.0,0.0,0.0,0.0,0.0,0.0,0.0,0.0,0.0,0.0,0.0,0.0,0.0,0.0,0.0,0.0,0.0,0.0,0.0,0.0,0.0,0.0,0.0
79,2.3434191970500608e+17,5.058537233401774e+17,2.658000640671744e+17,5.7187754116225434e+17,0.0,2.8340510065374003e+17,3.5534202329051955e+17,2.6471340298154803e+17,0.0,5.868068217133466e+16,5.45902154481664e+16,1.3869111682741043e+17,1.1746433188862362e+17,6.354643773607117e+16,1.7816715123490816e+16,1.7591000633442304e+17,0.0,0.0,0.0,0.0,0.0,0.0,0.0,0.0,0.0,1.1879931080343552e+17,2.4186857501333914e+17,3.3542485118969446e+17,2.0537238676832256e+16,7.25546591930286e+16,8.971508935504691e+16,1.7979975205598003e+17,2.838438659227648e+16,2.005688523948032e+16,0.0,4.292090956401869e+16,0.0,9.19734948284334e+16,0.0,8.669796931888742e+16,0.0,0.0,0.0,0.0,0.0,0.0,0.0,0.0,0.0,0.0,0.0,0.0,0.0,0.0,0.0,0.0,0.0,0.0,0.0,0.0,0.0,0.0,0.0,0.0,0.0,0.0,0.0,0.0,0.0,0.0,0.0,0.0
78,7.038883603467469e+16,8.735381426096046e+17,4.484526536602419e+17,1.3488981822637343e+18,0.0,9.290929604678124e+17,5.3217472603907686e+17,2.4716643435282432e+17,4063439030845440.0,1.067204883775488e+17,9.353757588874854e+16,7.597103767103734e+17,0.0,1.887786388863058e+17,0.0,8.850820354487091e+16,0.0,0.0,0.0,0.0,0.0,0.0,0.0,0.0,5.238348272631808e+17,2.784812814261289e+17,4.1749095597788365e+17,5.115017084136325e+17,1.0878181498159104e+17,1.6723623398080512e+17,3.9703811555590144e+17,2.182804256451461e+17,0.0,1.3356988372300595e+17,1.2005960023696998e+17,2.381999513880494e+17,1.503806691873915e+17,1.0379059912717107e+17,0.0,1.477476308966441e+17,0.0,0.0,0.0,0.0,0.0,0.0,0.0,0.0,0.0,0.0,0.0,0.0,0.0,0.0,0.0,0.0,0.0,0.0,0.0,0.0,0.0,0.0,0.0,0.0,0.0,0.0,0.0,0.0,0.0,0.0,0.0,0.0
87,6.254869106340659e+16,2.7674518692560896e+17,2.961691593418998e+17,4.664377776726344e+17,0.0,2.8765352768412058e+17,2.8881201780280525e+17,4.326923914266542e+17,1.413009880645632e+17,2.4078254958287258e+17,0.0,1.3280388489569894e+17,0.0,9.752737716843315e+16,0.0,1.8560053488595763e+17,0.0,0.0,0.0,0.0,0.0,0.0,0.0,0.0,1.05788918560981e+17,0.0,2.256616533608366e+17,1.683577873807442e+17,0.0,1.4144816800386253e+17,5.05096700994519e+16,6.607493222786662e+16,0.0,1.4414105666387968e+16,6012102737133568.0,9.023836240058778e+16,0.0,4.249186810095206e+16,0.0,1.2245009313457766e+17,0.0,0.0,0.0,0.0,0.0,0.0,0.0,0.0,0.0,0.0,0.0,0.0,0.0,0.0,0.0,0.0,0.0,0.0,0.0,0.0,0.0,0.0,0.0,0.0,0.0,0.0,0.0,0.0,0.0,0.0,0.0,0.0
6,0.0,5.272385458955878e+16,1.2883185619068518e+17,9.136279342861517e+16,4.506503025262592e+16,4.428321306076774e+16,5288659519537152.0,7.679597375756698e+16,0.0,0.0,0.0,0.0,0.0,0.0,0.0,0.0,0.0,0.0,0.0,0.0,0.0,0.0,0.0,0.0,0.0,0.0,0.0,0.0,0.0,0.0,0.0,0.0,0.0,0.0,0.0,0.0,0.0,0.0,0.0,0.0,0.0,0.0,0.0,0.0,0.0,0.0,0.0,0.0,0.0,0.0,0.0,0.0,0.0,0.0,0.0,0.0,0.0,0.0,0.0,0.0,0.0,0.0,0.0,0.0,0.0,0.0,0.0,0.0,0.0,0.0,0.0,0.0
68,1.025627366967214e+17,3.628887618659287e+17,1.4275600272536371e+17,5.445377378610053e+17,0.0,2.940306779453522e+17,3.4116014435834266e+17,2.3402447008222413e+17,1.0310507080712192e+17,8.557951688533606e+16,922342079332352.0,2.4470507449483264e+17,0.0,6.665270411342643e+16,3.832601611180442e+16,1.2895781899154227e+17,0.0,0.0,0.0,0.0,0.0,0.0,0.0,0.0,0.0,1.442240354320384e+16,1.153607857560617e+17,1.9936284705292288e+17,2.499229873130701e+16,1.0643104194153677e+17,4.966497029141299e+16,6.661070362823885e+16,0.0,1.0626319247212544e+16,3584782642446336.0,4.239925572114842e+16,0.0,4.140583837551821e+16,0.0,7.359807854791885e+16,0.0,0.0,0.0,0.0,0.0,0.0,0.0,0.0,0.0,0.0,0.0,0.0,0.0,0.0,0.0,0.0,0.0,0.0,0.0,0.0,0.0,0.0,0.0,0.0,0.0,0.0,0.0,0.0,0.0,0.0,0.0,0.0
69,4.306409947870003e+16,8.559831338021028e+17,0.0,9.982258535758561e+17,0.0,2.407854358008955e+17,8.611827242898555e+17,1.7700348782811546e+17,0.0,7.571203568120627e+16,0.0,8.107373369659228e+17,0.0,1.415052051695534e+17,3.971158716438282e+17,2.035512819801129e+17,0.0,0.0,0.0,0.0,0.0,0.0,0.0,0.0,1.4331633274873446e+17,3.771523826156831e+17,1.8133484208704717e+17,4.088673832020214e+17,4.560025189718426e+16,2.3581371909799936e+17,4.7493796462801715e+17,1.3872687672511693e+17,1.893628575177769e+17,1.0704882144745882e+17,1.1653543354171392e+17,2.588342799480914e+17,4.914895144563507e+16,1.1187612416999424e+17,3.297699297440563e+16,2.2877748033539277e+17,0.0,0.0,0.0,0.0,0.0,0.0,0.0,0.0,0.0,0.0,0.0,0.0,0.0,0.0,0.0,0.0,0.0,0.0,0.0,0.0,0.0,0.0,0.0,0.0,0.0,0.0,0.0,0.0,0.0,0.0,0.0,0.0
1,5.676697788822323e+16,2.3024537989808128e+17,1.825342718339973e+17,4.5906548348891955e+17,4.122263654550733e+16,4.650880584300626e+17,1.2942816945006182e+17,9.873386784161792e+16,0.0,1.2516449528578048e+17,1.1174934532535091e+17,1.364759187250217e+17,6.83262681850839e+16,9.591337140826931e+16,5767479116693504.0,7.21772432368599e+16,0.0,0.0,0.0,0.0,0.0,0.0,0.0,0.0,0.0,1.8874123831109222e+17,1.664684312672338e+17,1.1000937676432998e+17,8.837298079452365e+16,3122250366582784.0,3.862415985659085e+16,3.221304714146611e+16,0.0,9350873947832320.0,1.1172564999077888e+16,8.452234504516403e+16,9.256976513813709e+16,4.64283860163625e+16,0.0,3.829453400152474e+16,0.0,0.0,0.0,0.0,0.0,0.0,0.0,0.0,0.0,0.0,0.0,0.0,0.0,0.0,0.0,0.0,0.0,0.0,0.0,0.0,0.0,0.0,0.0,0.0,0.0,0.0,0.0,0.0,0.0,0.0,0.0,0.0
45,8.518946513538253e+16,3.634860457879142e+16,1.1460318788478566e+17,3.1903195745327514e+17,0.0,5.429638385054515e+16,1.0977128095730893e+17,1.1811848976754278e+17,0.0,0.0,0.0,0.0,0.0,0.0,0.0,0.0,0.0,0.0,0.0,0.0,0.0,0.0,0.0,0.0,0.0,0.0,0.0,0.0,0.0,0.0,0.0,0.0,0.0,0.0,0.0,0.0,0.0,0.0,0.0,0.0,0.0,0.0,0.0,0.0,0.0,0.0,0.0,0.0,0.0,0.0,0.0,0.0,0.0,0.0,0.0,0.0,0.0,0.0,0.0,0.0,0.0,0.0,0.0,0.0,0.0,0.0,0.0,0.0,0.0,0.0,0.0,0.0
33,2.640621914501939e+16,1.5504879183200256e+16,0.0,1.9477262223015936e+16,0.0,6.792698655041126e+16,0.0,5.689084474503987e+16,0.0,0.0,0.0,0.0,0.0,0.0,0.0,0.0,0.0,0.0,0.0,0.0,0.0,0.0,0.0,0.0,0.0,0.0,0.0,0.0,0.0,0.0,0.0,0.0,0.0,0.0,0.0,0.0,0.0,0.0,0.0,0.0,0.0,0.0,0.0,0.0,0.0,0.0,0.0,0.0,0.0,0.0,0.0,0.0,0.0,0.0,0.0,0.0,0.0,0.0,0.0,0.0,0.0,0.0,0.0,0.0,0.0,0.0,0.0,0.0,0.0,0.0,0.0,0.0
15,2.3559910817215283e+17,2.0431035732013875e+17,5.268381260945818e+16,4.8670456011135386e+17,0.0,2.7230932752243098e+17,2.0674273473881702e+17,2.6717110352740352e+17,5.268824072074035e+16,3.646056578626355e+16,4.672962213760205e+16,9.489187356645786e+16,0.0,6.568313672119091e+16,3.3968782527430656e+16,1.1180077326375322e+17,0.0,0.0,0.0,0.0,0.0,0.0,0.0,0.0,2.4385832169242624e+16,5.73411377062871e+16,1.4203031646109696e+17,8.349505758743757e+16,0.0,1.1127515087110144e+16,0.0,1.1932228320126566e+17,0.0,1.4635513377980416e+16,46228343619584.0,1.6040577569128448e+16,3.2480179074891776e+16,1.7351171807117312e+16,3811750994509824.0,8794237596336128.0,0.0,0.0,0.0,0.0,0.0,0.0,0.0,0.0,0.0,0.0,0.0,0.0,0.0,0.0,0.0,0.0,0.0,0.0,0.0,0.0,0.0,0.0,0.0,0.0,0.0,0.0,0.0,0.0,0.0,0.0,0.0,0.0
93,2947265077444608.0,6.995753112384307e+16,2.151182903332045e+16,6.910187313624515e+17,0.0,6.25322774163882e+17,4.267862616388403e+17,7.140000018517197e+16,4.052820905322086e+16,2.2856503407306342e+17,2.5097816628841677e+17,4.699596508553544e+17,0.0,1.950860216987812e+17,1.8386093569212416e+17,2.587240882671452e+17,0.0,0.0,0.0,0.0,0.0,0.0,0.0,0.0,3.0659060542786765e+17,1.645060607096914e+17,2.447332666601636e+17,5.528230390126346e+17,0.0,4.152914173262561e+17,7.118860189486285e+17,3.9929651243935334e+17,2.1250503466182246e+17,1.1863422944044646e+17,7.243391907240346e+16,1.803544728520622e+17,7.612548641298842e+16,1.8913355780377805e+17,1.3884937778233344e+16,1.5968621405038182e+17,0.0,0.0,0.0,0.0,0.0,0.0,0.0,0.0,0.0,0.0,0.0,0.0,0.0,0.0,0.0,0.0,0.0,0.0,0.0,0.0,0.0,0.0,0.0,0.0,0.0,0.0,0.0,0.0,0.0,0.0,0.0,0.0
24,5.383238135368909e+16,1.3881756925453926e+17,1.714186903135191e+17,2.4604039700702822e+17,4.898810492039987e+16,6.551939109303091e+16,3.487798844928819e+16,1.8119288482797978e+17,0.0,0.0,0.0,0.0,0.0,0.0,0.0,0.0,0.0,0.0,0.0,0.0,0.0,0.0,0.0,0.0,0.0,0.0,0.0,0.0,0.0,0.0,0.0,0.0,0.0,0.0,0.0,0.0,0.0,0.0,0.0,0.0,0.0,0.0,0.0,0.0,0.0,0.0,0.0,0.0,0.0,0.0,0.0,0.0,0.0,0.0,0.0,0.0,0.0,0.0,0.0,0.0,0.0,0.0,0.0,0.0,0.0,0.0,0.0,0.0,0.0,0.0,0.0,0.0
25,1271075170156544.0,1482392929828864.0,0.0,3.240783464575795e+16,0.0,4.014384383996723e+16,0.0,4.588299818421453e+16,0.0,0.0,0.0,0.0,0.0,0.0,0.0,0.0,0.0,0.0,0.0,0.0,0.0,0.0,0.0,0.0,0.0,0.0,0.0,0.0,0.0,0.0,0.0,0.0,0.0,0.0,0.0,0.0,0.0,0.0,0.0,0.0,0.0,0.0,0.0,0.0,0.0,0.0,0.0,0.0,0.0,0.0,0.0,0.0,0.0,0.0,0.0,0.0,0.0,0.0,0.0,0.0,0.0,0.0,0.0,0.0,0.0,0.0,0.0,0.0,0.0,0.0,0.0,0.0
26,2.544633948101673e+17,1.5133420346671104e+17,1.2238200072306688e+17,3.3804361300914995e+17,0.0,8.069379401764045e+16,8.747385516090982e+16,1.0860722456100864e+17,0.0,2.233373544991949e+16,1.0553026704048128e+17,6.241259213973094e+16,5870109507715072.0,4.343387039308186e+16,3270393720733696.0,7.51259530339287e+16,0.0,0.0,0.0,0.0,0.0,0.0,0.0,0.0,0.0,1.7269414098160845e+17,1.494748605846651e+17,1.4771567633996186e+17,4.891077832920269e+16,1.5144653833633792e+16,0.0,9.304976209320346e+16,0.0,1.8398110887706624e+16,58111981256704.0,2.0164394713350144e+16,4.083041583706931e+16,2.181192698822656e+16,4791700664877056.0,1.1055121265852416e+16,0.0,0.0,0.0,0.0,0.0,0.0,0.0,0.0,0.0,0.0,0.0,0.0,0.0,0.0,0.0,0.0,0.0,0.0,0.0,0.0,0.0,0.0,0.0,0.0,0.0,0.0,0.0,0.0,0.0,0.0,0.0,0.0
48,6.583128302813184e+16,5.296997769045606e+16,1.3969174971809792e+17,1.6662887406554317e+17,5.587100476060467e+16,5.57772413295657e+16,0.0,1.3581933848454758e+17,0.0,0.0,0.0,0.0,0.0,0.0,0.0,0.0,0.0,0.0,0.0,0.0,0.0,0.0,0.0,0.0,0.0,0.0,0.0,0.0,0.0,0.0,0.0,0.0,0.0,0.0,0.0,0.0,0.0,0.0,0.0,0.0,0.0,0.0,0.0,0.0,0.0,0.0,0.0,0.0,0.0,0.0,0.0,0.0,0.0,0.0,0.0,0.0,0.0,0.0,0.0,0.0,0.0,0.0,0.0,0.0,0.0,0.0,0.0,0.0,0.0,0.0,0.0,0.0
71,0.0,7.576261321608397e+16,1.7432791218126848e+17,1.1275224595877069e+17,1.1036280103318323e+17,7.356357278066278e+16,3959502432894976.0,9.330453955320218e+16,0.0,0.0,0.0,0.0,0.0,0.0,0.0,0.0,0.0,0.0,0.0,0.0,0.0,0.0,0.0,0.0,0.0,0.0,0.0,0.0,0.0,0.0,0.0,0.0,0.0,0.0,0.0,0.0,0.0,0.0,0.0,0.0,0.0,0.0,0.0,0.0,0.0,0.0,0.0,0.0,0.0,0.0,0.0,0.0,0.0,0.0,0.0,0.0,0.0,0.0,0.0,0.0,0.0,0.0,0.0,0.0,0.0,0.0,0.0,0.0,0.0,0.0,0.0,0.0
76,0.0,5.919881929498296e+17,3.668175574301409e+17,1.2600170982481592e+18,6.026585409805353e+17,5.2751406804762624e+17,6.083503003606712e+17,0.0,0.0,1.227462998491136e+17,1.4173075108213555e+17,2.7887391015646003e+17,0.0,1.462801608306852e+17,3.0716259199247974e+17,1.6376610656406733e+17,0.0,0.0,0.0,0.0,0.0,0.0,0.0,0.0,2.0169448171870618e+17,2.7169530181792563e+17,2.3906569653583872e+17,3.451889954806825e+17,0.0,1.3375479065503334e+17,3.4371125185295155e+17,1.1882776066680422e+17,1.5754168748736512e+16,2.3232199658569728e+17,2.1751327576660378e+17,4.2407029611954176e+17,6.197005159445299e+16,2.0082542085616435e+17,1.2520071903995494e+17,3.906835224629084e+17,0.0,0.0,0.0,0.0,0.0,0.0,0.0,0.0,0.0,0.0,0.0,0.0,0.0,0.0,0.0,0.0,0.0,0.0,0.0,0.0,0.0,0.0,0.0,0.0,0.0,0.0,0.0,0.0,0.0,0.0,0.0,0.0
7,9.357915976210842e+16,1.4591416089758925e+17,9.574120334924186e+16,6.720696105304064e+17,0.0,2.0538904694646374e+17,2.8733956557478298e+17,2.7079076452551885e+17,2.210882519249715e+16,1.3521503014354944e+16,7.54645167159378e+16,7.931157905250714e+16,0.0,7.971883644144845e+16,0.0,1.505753171052462e+17,0.0,0.0,0.0,0.0,0.0,0.0,0.0,0.0,1.2149160246299853e+17,8.527874891553178e+16,1.4118273902496973e+17,2.041176850872402e+17,0.0,1.3264192167896678e+17,0.0,1.3712001779053363e+17,0.0,5.679681073106125e+16,3.896846161490739e+16,2.978353661345792e+16,4.045755684120166e+16,2395038583619584.0,0.0,3.496617486529331e+16,0.0,0.0,0.0,0.0,0.0,0.0,0.0,0.0,0.0,0.0,0.0,0.0,0.0,0.0,0.0,0.0,0.0,0.0,0.0,0.0,0.0,0.0,0.0,0.0,0.0,0.0,0.0,0.0,0.0,0.0,0.0,0.0
50,2.4150896599157965e+17,2.977835172893819e+17,0.0,6.891474312914534e+17,0.0,4.425264577852211e+17,4.526154734024786e+17,4.5454267676780134e+17,0.0,6.60057016500224e+16,2.727034938510541e+16,1.6467879570440192e+16,0.0,7.803105173307392e+16,0.0,9.123274181889229e+16,0.0,0.0,0.0,0.0,0.0,0.0,0.0,0.0,1.7170480385490944e+17,2.7312109352124416e+17,3.879229236434698e+17,1.2746219970992538e+17,0.0,7.078926013064806e+16,0.0,7.908446977182925e+16,0.0,7.316441570004173e+16,3.677382352096461e+16,8.043236794826752e+16,1.5096775685701632e+17,2.062226614439117e+16,2323700250574848.0,3.1668679364050944e+16,0.0,0.0,0.0,0.0,0.0,0.0,0.0,0.0,0.0,0.0,0.0,0.0,0.0,0.0,0.0,0.0,0.0,0.0,0.0,0.0,0.0,0.0,0.0,0.0,0.0,0.0,0.0,0.0,0.0,0.0,0.0,0.0
22,0.0,4.207781607374848e+16,5.475204981587968e+16,1.2358182560700826e+17,5.011235555980083e+16,0.0,0.0,9.030113764258611e+16,0.0,0.0,0.0,0.0,0.0,0.0,0.0,0.0,0.0,0.0,0.0,0.0,0.0,0.0,0.0,0.0,0.0,0.0,0.0,0.0,0.0,0.0,0.0,0.0,0.0,0.0,0.0,0.0,0.0,0.0,0.0,0.0,0.0,0.0,0.0,0.0,0.0,0.0,0.0,0.0,0.0,0.0,0.0,0.0,0.0,0.0,0.0,0.0,0.0,0.0,0.0,0.0,0.0,0.0,0.0,0.0,0.0,0.0,0.0,0.0,0.0,0.0,0.0,0.0
4,8.183493246844928e+16,1.4374529690238976e+16,7.178986725153178e+16,8.88561044857815e+16,1.1771774140153856e+16,1.409820953327698e+17,1304965280694272.0,1.0798762398895309e+17,0.0,0.0,0.0,0.0,0.0,0.0,0.0,0.0,0.0,0.0,0.0,0.0,0.0,0.0,0.0,0.0,0.0,0.0,0.0,0.0,0.0,0.0,0.0,0.0,0.0,0.0,0.0,0.0,0.0,0.0,0.0,0.0,0.0,0.0,0.0,0.0,0.0,0.0,0.0,0.0,0.0,0.0,0.0,0.0,0.0,0.0,0.0,0.0,0.0,0.0,0.0,0.0,0.0,0.0,0.0,0.0,0.0,0.0,0.0,0.0,0.0,0.0,0.0,0.0
32,0.0,4.665228867445719e+17,8.03228720520233e+16,1.1014351546493174e+18,0.0,2.7492286666165453e+17,5.023648011465523e+17,2.958524656333619e+17,0.0,1.5109463019094016e+17,2.339414140046541e+16,5.799467539192873e+17,0.0,2.2821152390486426e+17,4.324533850865664e+16,1.842417446724567e+17,0.0,0.0,0.0,0.0,0.0,0.0,0.0,0.0,1.854745033656238e+17,2.1824623770546995e+17,2.1184295686320947e+17,2.5297821229907968e+17,0.0,1.1178062127720038e+17,3.96567868176597e+17,1.2451308618593075e+17,3.4957400247107584e+16,2.1270949228498125e+17,1.0426478928645325e+17,1.651886340922409e+17,7.131412660905574e+16,4.06256661561344e+16,1.0719473007643853e+17,1.0873806644471398e+17,0.0,0.0,0.0,0.0,0.0,0.0,0.0,0.0,0.0,0.0,0.0,0.0,0.0,0.0,0.0,0.0,0.0,0.0,0.0,0.0,0.0,0.0,0.0,0.0,0.0,0.0,0.0,0.0,0.0,0.0,0.0,0.0
77,2.6682884617351987e+17,5.5423786995941376e+17,2.3070947688421786e+17,8.173449895319962e+17,1.2475925653146829e+17,4.940952023953572e+17,6.737739909924127e+17,2.6417295865675776e+17,0.0,1.2000577570681651e+17,1.0302287372301107e+17,6.560900644465541e+17,0.0,2.3112179374463386e+17,1.9651104030798643e+17,4.35081492754858e+17,0.0,0.0,0.0,0.0,0.0,0.0,0.0,0.0,1.8689553624517837e+17,3.1456141189421466e+17,2.4794121209328435e+17,2.875936043004068e+17,5.210521179521024e+16,1.1760055966131814e+17,1.4174201248638566e+17,1.558277356907397e+17,1.3807759792904602e+17,1.7265356213059584e+17,1.5051085823606784e+17,1.3766439630536704e+17,2.6270987804737536e+16,7.519395954609357e+16,1.2236561971779994e+17,9.654219757007667e+16,0.0,0.0,0.0,0.0,0.0,0.0,0.0,0.0,0.0,0.0,0.0,0.0,0.0,0.0,0.0,0.0,0.0,0.0,0.0,0.0,0.0,0.0,0.0,0.0,0.0,0.0,0.0,0.0,0.0,0.0,0.0,0.0
91,1.0869329570562048e+17,2.662706894036009e+17,2.2376760714303898e+17,6.042094708509901e+17,0.0,1.507269466306642e+17,1.6251804060745728e+17,2.4082496667988787e+17,1.7256435565985792e+16,7.92154147347497e+16,4.028699509994291e+16,1.544817101200425e+17,6.399655889862656e+16,6.278729367656858e+16,6800865427980288.0,6.876033905485414e+16,0.0,0.0,0.0,0.0,0.0,0.0,0.0,0.0,9.321379548417229e+16,0.0,4.292478362451968e+16,1.251139091609682e+17,0.0,4.608431618627994e+16,0.0,5.357865186571059e+16,0.0,3159796702248960.0,1.442035806502912e+16,3.05752279351296e+16,4997570258534400.0,1.790662060015616e+16,0.0,3.4410015255166976e+16,0.0,0.0,0.0,0.0,0.0,0.0,0.0,0.0,0.0,0.0,0.0,0.0,0.0,0.0,0.0,0.0,0.0,0.0,0.0,0.0,0.0,0.0,0.0,0.0,0.0,0.0,0.0,0.0,0.0,0.0,0.0,0.0
42,9.052167562330112e+16,2.1416888781242368e+17,2.2707916436720845e+17,5.7156452394572186e+17,4.847630373250662e+16,1.238415165095936e+17,1.616619333662802e+17,2.2338760561655808e+17,0.0,2.1570940668215296e+16,2.2444171944001536e+16,5.57511408133079e+16,8.557563423490048e+16,9560077509853184.0,0.0,1.41335830986752e+16,0.0,0.0,0.0,0.0,0.0,0.0,0.0,0.0,0.0,5.780019669578547e+16,9.702505497336218e+16,6.673091976285389e+16,8116309220917248.0,0.0,0.0,6.252180027316634e+16,0.0,8951356089958400.0,28274038145024.0,9810718916345856.0,1.986549934928691e+16,1.061230584266752e+16,2331338581475328.0,5378723909992448.0,0.0,0.0,0.0,0.0,0.0,0.0,0.0,0.0,0.0,0.0,0.0,0.0,0.0,0.0,0.0,0.0,0.0,0.0,0.0,0.0,0.0,0.0,0.0,0.0,0.0,0.0,0.0,0.0,0.0,0.0,0.0,0.0
13,0.0,6.414478680994611e+16,1.0747942627862118e+17,1.8481063886061568e+17,1.3618308785478042e+17,9.679574666942874e+16,1.6162674899419136e+16,7.959697103939174e+16,0.0,0.0,0.0,0.0,0.0,0.0,0.0,0.0,0.0,0.0,0.0,0.0,0.0,0.0,0.0,0.0,0.0,0.0,0.0,0.0,0.0,0.0,0.0,0.0,0.0,0.0,0.0,0.0,0.0,0.0,0.0,0.0,0.0,0.0,0.0,0.0,0.0,0.0,0.0,0.0,0.0,0.0,0.0,0.0,0.0,0.0,0.0,0.0,0.0,0.0,0.0,0.0,0.0,0.0,0.0,0.0,0.0,0.0,0.0,0.0,0.0,0.0,0.0,0.0
41,0.0,4.035374318669005e+17,5.929929404191867e+17,9.248826555671511e+17,0.0,3.51547368144896e+17,9.62451662218199e+17,3.514004802633728e+17,0.0,2.1632186901856256e+17,5.71208058840023e+16,3.874414749894574e+17,0.0,2.40194551380181e+17,1.830414043924398e+17,1.664361159332987e+17,0.0,0.0,0.0,0.0,0.0,0.0,0.0,0.0,2.418207290776617e+17,2.2180707483149926e+17,2.124182247828357e+17,2.7177225045200077e+17,3.131944698327859e+16,2.1425523383494246e+17,4.204678837100872e+17,2.369275930964132e+17,8.010557247664947e+16,5.19872462234583e+16,1.1594655916569395e+17,4.502767434507223e+17,3.223828222181376e+16,1.3875414117751194e+17,1.2191794668660326e+17,1.5763242940891136e+17,0.0,0.0,0.0,0.0,0.0,0.0,0.0,0.0,0.0,0.0,0.0,0.0,0.0,0.0,0.0,0.0,0.0,0.0,0.0,0.0,0.0,0.0,0.0,0.0,0.0,0.0,0.0,0.0,0.0,0.0,0.0,0.0
55,0.0,5.115491592123187e+16,1.596577813668823e+17,1.3872703134393958e+17,9.416986379419648e+16,7.699069898483302e+16,0.0,1.555622036326318e+17,0.0,0.0,0.0,0.0,0.0,0.0,0.0,0.0,0.0,0.0,0.0,0.0,0.0,0.0,0.0,0.0,0.0,0.0,0.0,0.0,0.0,0.0,0.0,0.0,0.0,0.0,0.0,0.0,0.0,0.0,0.0,0.0,0.0,0.0,0.0,0.0,0.0,0.0,0.0,0.0,0.0,0.0,0.0,0.0,0.0,0.0,0.0,0.0,0.0,0.0,0.0,0.0,0.0,0.0,0.0,0.0,0.0,0.0,0.0,0.0,0.0,0.0,0.0,0.0
31,2.0120262206396826e+17,3.5843288791515136e+17,3.036301574851789e+16,6.934012356208886e+17,0.0,1.6900005679018803e+17,3.612816194635039e+17,3.8496805486329856e+17,0.0,1.4783529976909005e+17,3194668078596096.0,1.0119216968289485e+17,0.0,1.0058122776490803e+17,0.0,2.724483470238679e+17,0.0,0.0,0.0,0.0,0.0,0.0,0.0,0.0,9.116635021443072e+16,3.667866680253481e+17,2.1955061927326515e+17,1.8687330549445427e+17,5.943075955487539e+16,1.5196047412297728e+16,0.0,4.712548497830707e+16,0.0,6.634976289017037e+16,3.0076017443864576e+16,7.189113828540416e+16,1.1899773829251072e+17,2.6228231405305856e+16,0.0,2.210623103225037e+16,0.0,0.0,0.0,0.0,0.0,0.0,0.0,0.0,0.0,0.0,0.0,0.0,0.0,0.0,0.0,0.0,0.0,0.0,0.0,0.0,0.0,0.0,0.0,0.0,0.0,0.0,0.0,0.0,0.0,0.0,0.0,0.0
66,1.919602304000983e+17,2.10737707159126e+17,8.973019904999424e+16,7.376284036534108e+17,0.0,1.4672561765875712e+17,3.3518165296152576e+17,2.9647121580189286e+17,1.784874591584256e+16,1.0766222867667354e+17,1.1077679293084467e+17,1.7316734329841254e+17,0.0,1.0653768597949645e+17,1.3029145787655782e+17,2.6891147581535027e+17,0.0,0.0,0.0,0.0,0.0,0.0,0.0,0.0,2.0084256636561e+17,1.6940871433846784e+17,1.1757356149689549e+17,1.4470382193370726e+17,0.0,2.44757301297152e+16,0.0,2.37038708195328e+16,0.0,9.030135239095091e+16,7.838501716780646e+16,4.8982491398144e+16,4.296509618755994e+16,4.020165409977139e+16,0.0,6.706802745094963e+16,0.0,0.0,0.0,0.0,0.0,0.0,0.0,0.0,0.0,0.0,0.0,0.0,0.0,0.0,0.0,0.0,0.0,0.0,0.0,0.0,0.0,0.0,0.0,0.0,0.0,0.0,0.0,0.0,0.0,0.0,0.0,0.0
65,4.536030066429133e+16,4.279426729933537e+17,1.6846423385020826e+17,4.410189586240635e+17,1.0011798547726336e+16,3.2322673175219405e+17,8.025057916249702e+16,1.0392997940586086e+17,0.0,9.898039037447373e+16,0.0,1.3316340801811251e+17,9.787365461170586e+16,1.9306611575934157e+17,6799117913161728.0,1.2342235347130778e+17,0.0,0.0,0.0,0.0,0.0,0.0,0.0,0.0,6.114925327941632e+16,1.3238426659087974e+17,1.8294289502253875e+17,2.6018972008710144e+17,0.0,4.956935143450214e+16,4.660886054214042e+16,7.155171990490317e+16,2.26438192037888e+16,1.1639885358170112e+16,0.0,3.077351369028403e+16,0.0,5.611129100094669e+16,0.0,5.65682669313065e+16,0.0,0.0,0.0,0.0,0.0,0.0,0.0,0.0,0.0,0.0,0.0,0.0,0.0,0.0,0.0,0.0,0.0,0.0,0.0,0.0,0.0,0.0,0.0,0.0,0.0,0.0,0.0,0.0,0.0,0.0,0.0,0.0
62,6.238694259503923e+16,8.968864094643814e+16,6.470506529370931e+16,1.1440851419712717e+17,406034329894912.0,6.031113336127488e+16,4.389033522233344e+16,1.3248435650874573e+17,0.0,0.0,0.0,0.0,0.0,0.0,0.0,0.0,0.0,0.0,0.0,0.0,0.0,0.0,0.0,0.0,0.0,0.0,0.0,0.0,0.0,0.0,0.0,0.0,0.0,0.0,0.0,0.0,0.0,0.0,0.0,0.0,0.0,0.0,0.0,0.0,0.0,0.0,0.0,0.0,0.0,0.0,0.0,0.0,0.0,0.0,0.0,0.0,0.0,0.0,0.0,0.0,0.0,0.0,0.0,0.0,0.0,0.0,0.0,0.0,0.0,0.0,0.0,0.0
21,6.260512693367603e+16,4.4400925229449216e+17,1.5937342017214874e+17,1.2878236098756608e+18,0.0,4.565547830466314e+17,6.479123779954934e+17,0.0,0.0,6.252188015955804e+17,2.1079639359225856e+17,7.084234506743316e+17,1647183845654528.0,1.8456692523637146e+17,2.1448339967757517e+17,2.283907958397993e+17,0.0,0.0,0.0,0.0,0.0,0.0,0.0,0.0,4.006169571848356e+17,3.07444960322388e+17,4.955491347243991e+17,8.094147619166618e+17,0.0,4.348309759024169e+17,4.9642568600990515e+17,3.186842025412526e+17,6.427078397054157e+16,1.8824845094341837e+17,1.1444728057194086e+17,1.802184254679941e+17,1.4783645082032538e+17,1.2137282084746035e+17,0.0,1.425337467577303e+17,0.0,0.0,0.0,0.0,0.0,0.0,0.0,0.0,0.0,0.0,0.0,0.0,0.0,0.0,0.0,0.0,0.0,0.0,0.0,0.0,0.0,0.0,0.0,0.0,0.0,0.0,0.0,0.0,0.0,0.0,0.0,0.0
95,0.0,6.423041127795917e+17,9.184012406798418e+17,1.212830594669478e+18,0.0,4.804625295212544e+17,2.0121992219223654e+17,1.4107412789198848e+17,0.0,1.621266316478382e+17,7.583760334507213e+16,8.351735018569073e+17,0.0,2.8054863816425472e+17,8.88747875935191e+16,2.595368335185019e+17,0.0,0.0,0.0,0.0,0.0,0.0,0.0,0.0,2.3257232445957734e+17,2.5089051459584e+17,2.651817090356347e+17,6.047754444613878e+17,0.0,2.6989182787046605e+17,6.754076591128576e+17,3.181059968639959e+17,2.6968426069098496e+16,1.4057862610498355e+17,1.5405137157685248e+17,2.8508412362883072e+17,3.616013282390835e+16,1.7005533025481523e+17,2.4227176936321843e+17,2.704987582889984e+17,0.0,0.0,0.0,0.0,0.0,0.0,0.0,0.0,0.0,0.0,0.0,0.0,0.0,0.0,0.0,0.0,0.0,0.0,0.0,0.0,0.0,0.0,0.0,0.0,0.0,0.0,0.0,0.0,0.0,0.0,0.0,0.0
84,9.516518810530611e+16,1.0923376580021453e+17,6.901643936478003e+16,3.581214512465838e+17,0.0,2.0186064541345382e+17,2.144444872738734e+17,2.0526834118557696e+17,4.500377972401766e+16,7.06927951651799e+16,4546385017831424.0,1.662263840903004e+17,0.0,5.579912418793882e+16,2.5533520445177856e+16,1.1232164971754291e+17,0.0,0.0,0.0,0.0,0.0,0.0,0.0,0.0,1.0222144141551206e+17,0.0,1.0893434645014118e+17,5.983439199141888e+16,0.0,1.0382254509391872e+16,0.0,6.978572813703578e+16,0.0,0.0,1.947487207371571e+16,4.532265098097459e+16,1410314520231936.0,2.114306314128589e+16,0.0,5.063823135552307e+16,0.0,0.0,0.0,0.0,0.0,0.0,0.0,0.0,0.0,0.0,0.0,0.0,0.0,0.0,0.0,0.0,0.0,0.0,0.0,0.0,0.0,0.0,0.0,0.0,0.0,0.0,0.0,0.0,0.0,0.0,0.0,0.0
58,6.519328281618022e+16,1.5551880728307302e+17,1.4003801857143603e+17,1.844674366139269e+17,1540198894665728.0,1.3701959286521856e+17,4.964519196701491e+16,1.4913227681326694e+17,0.0,0.0,0.0,0.0,0.0,0.0,0.0,0.0,0.0,0.0,0.0,0.0,0.0,0.0,0.0,0.0,0.0,0.0,0.0,0.0,0.0,0.0,0.0,0.0,0.0,0.0,0.0,0.0,0.0,0.0,0.0,0.0,0.0,0.0,0.0,0.0,0.0,0.0,0.0,0.0,0.0,0.0,0.0,0.0,0.0,0.0,0.0,0.0,0.0,0.0,0.0,0.0,0.0,0.0,0.0,0.0,0.0,0.0,0.0,0.0,0.0,0.0,0.0,0.0
64,4.77945077390377e+16,2.5265138246772326e+17,1.5915104394543104e+17,3.446787190061793e+17,5.975715988950221e+16,9.79040028506194e+16,1.9623829270482125e+17,2.1517413349798707e+17,2.0363088490397696e+16,1.2402219719380173e+17,9883126696247296.0,6.703280012918784e+16,0.0,4.859332441145344e+16,5.267224196756275e+16,7.112655679730483e+16,0.0,0.0,0.0,0.0,0.0,0.0,0.0,0.0,5.998855125257421e+16,1393719035035648.0,5.710324376272896e+16,5.912707100730982e+16,2.5122535024623616e+16,6.640592817750016e+16,0.0,5.889722153749709e+16,0.0,0.0,1.0767034186989568e+16,2.5057444795252736e+16,779718899007488.0,1.1689321505488896e+16,0.0,2.7996256840187904e+16,0.0,0.0,0.0,0.0,0.0,0.0,0.0,0.0,0.0,0.0,0.0,0.0,0.0,0.0,0.0,0.0,0.0,0.0,0.0,0.0,0.0,0.0,0.0,0.0,0.0,0.0,0.0,0.0,0.0,0.0,0.0,0.0
83,1.7959646266392576e+17,1.5530605178309837e+17,7.061015569943757e+16,8.265938751864177e+17,0.0,9.91115157260206e+16,1.3072224309634662e+17,1.2160035962486784e+17,6.722618103169024e+16,5.675754184507392e+16,1.1997128926691328e+16,1.9505801851201126e+17,0.0,9.063007200791757e+16,3.158789532418048e+16,1.268308137476096e+17,0.0,0.0,0.0,0.0,0.0,0.0,0.0,0.0,2.770041090290483e+16,2.140911489043661e+16,1.2273752093596058e+17,1.7597795271704576e+17,0.0,6.586997209353421e+16,9016493563969536.0,5.76965548399657e+16,0.0,0.0,1.812524302545715e+16,4.218175857727898e+16,1312577439137792.0,1.9677826458320896e+16,0.0,4.712895531188224e+16,0.0,0.0,0.0,0.0,0.0,0.0,0.0,0.0,0.0,0.0,0.0,0.0,0.0,0.0,0.0,0.0,0.0,0.0,0.0,0.0,0.0,0.0,0.0,0.0,0.0,0.0,0.0,0.0,0.0,0.0,0.0,0.0
94,0.0,3.885725632167936e+17,7.071954336250593e+17,8.630815808710246e+17,0.0,5.2254874225606656e+17,5.961551358606705e+17,3.662471170537554e+17,0.0,4.151194468357243e+17,9.190955994526515e+16,6.583316937776824e+17,0.0,9.18264093784146e+16,2.0457774480411853e+17,3.0184112751273574e+17,0.0,0.0,0.0,0.0,0.0,0.0,0.0,0.0,1.7714724897344717e+17,6.037553725487186e+17,2.15939565389611e+17,5.865170230900163e+17,0.0,2.5317418306686157e+17,6.408191536068035e+17,3.2643658415079424e+17,9.64838633242624e+16,1.285385958237143e+17,1.400346169573376e+17,2.99616265733931e+17,1.136860749281362e+17,1.0717901908606976e+17,7.046164002530918e+16,1.9096558469382144e+17,0.0,0.0,0.0,0.0,0.0,0.0,0.0,0.0,0.0,0.0,0.0,0.0,0.0,0.0,0.0,0.0,0.0,0.0,0.0,0.0,0.0,0.0,0.0,0.0,0.0,0.0,0.0,0.0,0.0,0.0,0.0,0.0
0,5.325234172539699e+16,1.6693728278216704e+16,4.522942871581491e+16,9.778655267494298e+16,4.769777648559718e+16,3.808298538736026e+16,1975999965167616.0,7.803774329212109e+16,0.0,0.0,0.0,0.0,0.0,0.0,0.0,0.0,0.0,0.0,0.0,0.0,0.0,0.0,0.0,0.0,0.0,0.0,0.0,0.0,0.0,0.0,0.0,0.0,0.0,0.0,0.0,0.0,0.0,0.0,0.0,0.0,0.0,0.0,0.0,0.0,0.0,0.0,0.0,0.0,0.0,0.0,0.0,0.0,0.0,0.0,0.0,0.0,0.0,0.0,0.0,0.0,0.0,0.0,0.0,0.0,0.0,0.0,0.0,0.0,0.0,0.0,0.0,0.0
99,1.826259779757015e+17,1.1691805499824538e+17,1.6221515951374336e+17,3.892890668409815e+17,0.0,1.81899613106602e+17,3.563285257388032e+16,2.6702378614915072e+17,4.764540794935706e+16,7.277002603311923e+16,5397828461395968.0,8.19119068723282e+16,8.15082830257193e+16,2.529554060227379e+16,3.82538821360681e+16,2.793174857888563e+16,0.0,0.0,0.0,0.0,0.0,0.0,0.0,0.0,7.400387564797952e+16,0.0,6.894928755110707e+16,4.118489237291008e+16,0.0,8729576326823936.0,0.0,5.190269549726925e+16,0.0,0.0,1.2542985984016384e+16,2.9190513299030016e+16,908327869480960.0,1.3617399970398208e+16,0.0,3.261406179544269e+16,0.0,0.0,0.0,0.0,0.0,0.0,0.0,0.0,0.0,0.0,0.0,0.0,0.0,0.0,0.0,0.0,0.0,0.0,0.0,0.0,0.0,0.0,0.0,0.0,0.0,0.0,0.0,0.0,0.0,0.0,0.0,0.0
96,6.069396527120384e+16,2.1784046637521306e+17,1.6482929994838835e+17,3.1820536522735616e+17,1.7631430234341376e+16,3.321197535963382e+17,6.719435102905958e+16,2.096924495582331e+17,1.1621022935547904e+16,4.759777676204442e+16,0.0,2.868172932566221e+16,0.0,3.1073480648687616e+16,0.0,6.254034594195046e+16,0.0,0.0,0.0,0.0,0.0,0.0,0.0,0.0,0.0,1.3084806845825024e+16,7.455557278708531e+16,6.587282395181875e+16,0.0,1.8966171852210176e+16,1.846115241767731e+16,6.809536644828365e+16,0.0,692124718727168.0,2186138353664.0,758571285348352.0,1536013449035776.0,820550482001920.0,180260582719488.0,415886414446592.0,0.0,0.0,0.0,0.0,0.0,0.0,0.0,0.0,0.0,0.0,0.0,0.0,0.0,0.0,0.0,0.0,0.0,0.0,0.0,0.0,0.0,0.0,0.0,0.0,0.0,0.0,0.0,0.0,0.0,0.0,0.0,0.0
67,0.0,2.459438719120179e+16,1.824100441999278e+17,8.0903646119723e+16,9.039992189039411e+16,9.572165265811046e+16,5.327993689027379e+16,5.186652328270234e+16,0.0,0.0,0.0,0.0,0.0,0.0,0.0,0.0,0.0,0.0,0.0,0.0,0.0,0.0,0.0,0.0,0.0,0.0,0.0,0.0,0.0,0.0,0.0,0.0,0.0,0.0,0.0,0.0,0.0,0.0,0.0,0.0,0.0,0.0,0.0,0.0,0.0,0.0,0.0,0.0,0.0,0.0,0.0,0.0,0.0,0.0,0.0,0.0,0.0,0.0,0.0,0.0,0.0,0.0,0.0,0.0,0.0,0.0,0.0,0.0,0.0,0.0,0.0,0.0
61,9.754609463590912e+16,6.949827027088179e+16,1.2517247533501645e+17,8.28703288244306e+16,9.391710496882688e+16,1.223439644926935e+17,2.712091458797568e+16,9.715189394754765e+16,0.0,0.0,0.0,0.0,0.0,0.0,0.0,0.0,0.0,0.0,0.0,0.0,0.0,0.0,0.0,0.0,0.0,0.0,0.0,0.0,0.0,0.0,0.0,0.0,0.0,0.0,0.0,0.0,0.0,0.0,0.0,0.0,0.0,0.0,0.0,0.0,0.0,0.0,0.0,0.0,0.0,0.0,0.0,0.0,0.0,0.0,0.0,0.0,0.0,0.0,0.0,0.0,0.0,0.0,0.0,0.0,0.0,0.0,0.0,0.0,0.0,0.0,0.0,0.0
43,5.921596394543514e+16,3.1925282185150464e+17,1.969120012748718e+17,4.386475869208576e+17,0.0,5.304110664384512e+16,2.9822840718177075e+17,3.5027567986815795e+17,0.0,5.898632063405261e+16,7.873385441158758e+16,1.3357196248717722e+17,4.690894990711194e+16,9.428244347695923e+16,0.0,2.6624296109473792e+17,0.0,0.0,0.0,0.0,0.0,0.0,0.0,0.0,5.337750995730432e+16,2.056445459609682e+17,2.6285217031389184e+17,1.3448436815967027e+17,1670498270314496.0,1.2827729860336026e+17,5.932834605970227e+16,8.690829386737254e+16,0.0,3.18701068877824e+16,6024317087252480.0,3.957700264617574e+16,1.60022159949824e+16,6.730985558455091e+16,0.0,4.481024420269261e+16,0.0,0.0,0.0,0.0,0.0,0.0,0.0,0.0,0.0,0.0,0.0,0.0,0.0,0.0,0.0,0.0,0.0,0.0,0.0,0.0,0.0,0.0,0.0,0.0,0.0,0.0,0.0,0.0,0.0,0.0,0.0,0.0
2,1.5697593506778317e+17,3.1360889122717696e+17,1.4838730614584115e+17,3.093658758555894e+17,0.0,1.1368432258147942e+17,1.48253028288299e+17,2.893375843608822e+17,0.0,0.0,0.0,0.0,0.0,0.0,0.0,0.0,0.0,0.0,0.0,0.0,0.0,0.0,0.0,0.0,0.0,0.0,0.0,0.0,0.0,0.0,0.0,0.0,0.0,0.0,0.0,0.0,0.0,0.0,0.0,0.0,0.0,0.0,0.0,0.0,0.0,0.0,0.0,0.0,0.0,0.0,0.0,0.0,0.0,0.0,0.0,0.0,0.0,0.0,0.0,0.0,0.0,0.0,0.0,0.0,0.0,0.0,0.0,0.0,0.0,0.0,0.0,0.0
54,0.0,1.4261547998537318e+17,5.18288547015295e+17,9.719150900789903e+17,0.0,1.7591705008078848e+17,4.887968276597965e+17,3.0638197309649715e+17,4.366308850270208e+16,5.29275073358463e+17,2.7942904326940262e+17,1.0571465514045932e+18,1.1540894951931904e+17,3.012567714423112e+17,1.408095407266857e+17,3.122328180652769e+17,0.0,0.0,0.0,0.0,0.0,0.0,0.0,0.0,2.1366072446183014e+17,1.8264451505455104e+17,3.509922522118226e+17,5.6503950655042355e+17,7.369999812185293e+16,1.765400264971387e+17,3.6721654271207014e+17,2.9710302267100365e+17,8942517584134144.0,7.690035864272896e+16,8.91463497857106e+16,2.717824037546885e+17,1.4135923641103155e+17,1.0420959036676506e+17,1618694522273792.0,9.911428168495923e+16,0.0,0.0,0.0,0.0,0.0,0.0,0.0,0.0,0.0,0.0,0.0,0.0,0.0,0.0,0.0,0.0,0.0,0.0,0.0,0.0,0.0,0.0,0.0,0.0,0.0,0.0,0.0,0.0,0.0,0.0,0.0,0.0
30,1.3882871898963968e+17,2.956226333434184e+17,8.209525043625984e+16,3.6274613459196314e+17,0.0,1.1543661769863987e+17,6.368714515965542e+16,2.290572545050542e+17,0.0,2357618681053184.0,3344312523816960.0,3.795889948721152e+16,3693162920935424.0,9714595400777728.0,8828784165781504.0,3.829140726533325e+16,0.0,0.0,0.0,0.0,0.0,0.0,0.0,0.0,0.0,7.596789547296358e+16,1.851317821552722e+17,9.064428834966733e+16,4.592160994020557e+16,3.58792977973248e+16,0.0,8.605323459821568e+16,0.0,1.1438812169240576e+16,36130875506688.0,1.2536979472252928e+16,2.5385837994704896e+16,1.3561311992479744e+16,2979183126904832.0,6873392930095104.0,0.0,0.0,0.0,0.0,0.0,0.0,0.0,0.0,0.0,0.0,0.0,0.0,0.0,0.0,0.0,0.0,0.0,0.0,0.0,0.0,0.0,0.0,0.0,0.0,0.0,0.0,0.0,0.0,0.0,0.0,0.0,0.0
59,0.0,7.724752084926464e+16,1.3305362006409216e+17,4.1477234475873075e+17,1.003055252242432e+17,9.258849119554765e+16,1.312175902645289e+17,1.9471143183109325e+17,0.0,0.0,0.0,0.0,0.0,0.0,0.0,0.0,0.0,0.0,0.0,0.0,0.0,0.0,0.0,0.0,0.0,0.0,0.0,0.0,0.0,0.0,0.0,0.0,0.0,0.0,0.0,0.0,0.0,0.0,0.0,0.0,0.0,0.0,0.0,0.0,0.0,0.0,0.0,0.0,0.0,0.0,0.0,0.0,0.0,0.0,0.0,0.0,0.0,0.0,0.0,0.0,0.0,0.0,0.0,0.0,0.0,0.0,0.0,0.0,0.0,0.0,0.0,0.0
85,3.284982028126126e+17,3.928831985534894e+17,8.772432047374336e+16,8.451984365621084e+17,0.0,4.91017188312875e+17,2.673433488958423e+17,3.63403161509036e+17,2.9075721708109824e+16,1.2902840248408474e+17,8.83807546853294e+16,5.281557018019103e+17,2.622586573731922e+17,1.297839301811241e+17,5594427905015808.0,5.358017657910067e+16,0.0,0.0,0.0,0.0,0.0,0.0,0.0,0.0,2.1034660743715226e+17,3.207048643949363e+17,4.0650398295811686e+17,3.5753376228153754e+17,6413463135977472.0,1.1491440980498842e+17,1.9604630766669005e+17,2.612742336890798e+17,0.0,6.360540334207795e+16,1.3996498694753485e+17,2.3164074605307494e+17,9.036305389112525e+16,6.299025665110835e+16,4837382473908224.0,1.6251099686109184e+17,0.0,0.0,0.0,0.0,0.0,0.0,0.0,0.0,0.0,0.0,0.0,0.0,0.0,0.0,0.0,0.0,0.0,0.0,0.0,0.0,0.0,0.0,0.0,0.0,0.0,0.0,0.0,0.0,0.0,0.0,0.0,0.0
74,0.0,1.1562705654854451e+17,6.020306768914022e+16,1.3372351470318387e+17,6.080045898530816e+16,2.836045503450317e+16,3166445848494080.0,6.177757693005005e+16,0.0,0.0,0.0,0.0,0.0,0.0,0.0,0.0,0.0,0.0,0.0,0.0,0.0,0.0,0.0,0.0,0.0,0.0,0.0,0.0,0.0,0.0,0.0,0.0,0.0,0.0,0.0,0.0,0.0,0.0,0.0,0.0,0.0,0.0,0.0,0.0,0.0,0.0,0.0,0.0,0.0,0.0,0.0,0.0,0.0,0.0,0.0,0.0,0.0,0.0,0.0,0.0,0.0,0.0,0.0,0.0,0.0,0.0,0.0,0.0,0.0,0.0,0.0,0.0
90,0.0,1.857104173292585e+17,7.042162381501235e+17,7.470402231871734e+17,1.558743618557051e+17,2.0129676774709658e+17,1.6535746066671206e+17,1.3981013619664486e+17,0.0,3.722613941180826e+16,1.4592788117061632e+16,2.6987225999946547e+17,4.51084351921193e+16,2.156902339481436e+17,4556466916687872.0,2.3279519890250138e+17,0.0,0.0,0.0,0.0,0.0,0.0,0.0,0.0,1.8509422696123597e+17,2.4831672967390822e+17,2.041656856417403e+17,4.498169757916201e+17,7.942537850598195e+16,1.0389033685771878e+17,9.675405971685376e+16,1.4424290322336973e+17,7856677911003136.0,1.0972957682486477e+17,1.176327031965614e+17,2.0110210264937267e+17,9.474473657683149e+16,1.1067085326752154e+17,332023017242624.0,1.2065909177214566e+17,0.0,0.0,0.0,0.0,0.0,0.0,0.0,0.0,0.0,0.0,0.0,0.0,0.0,0.0,0.0,0.0,0.0,0.0,0.0,0.0,0.0,0.0,0.0,0.0,0.0,0.0,0.0,0.0,0.0,0.0,0.0,0.0
18,0.0,4.833778244727603e+16,4.472437062657638e+16,3.5354126376239104e+16,0.0,1.0628259498688512e+16,0.0,6.959188337806541e+16,0.0,0.0,0.0,0.0,0.0,0.0,0.0,0.0,0.0,0.0,0.0,0.0,0.0,0.0,0.0,0.0,0.0,0.0,0.0,0.0,0.0,0.0,0.0,0.0,0.0,0.0,0.0,0.0,0.0,0.0,0.0,0.0,0.0,0.0,0.0,0.0,0.0,0.0,0.0,0.0,0.0,0.0,0.0,0.0,0.0,0.0,0.0,0.0,0.0,0.0,0.0,0.0,0.0,0.0,0.0,0.0,0.0,0.0,0.0,0.0,0.0,0.0,0.0,0.0
52,9.921146820493312e+16,6.920587319233741e+16,1.4886294800406938e+17,1.906903116498862e+17,1.2240877554919014e+17,1.2081997265711923e+17,1.387534196230062e+17,1.4615148361049702e+17,0.0,0.0,0.0,0.0,0.0,0.0,0.0,0.0,0.0,0.0,0.0,0.0,0.0,0.0,0.0,0.0,0.0,0.0,0.0,0.0,0.0,0.0,0.0,0.0,0.0,0.0,0.0,0.0,0.0,0.0,0.0,0.0,0.0,0.0,0.0,0.0,0.0,0.0,0.0,0.0,0.0,0.0,0.0,0.0,0.0,0.0,0.0,0.0,0.0,0.0,0.0,0.0,0.0,0.0,0.0,0.0,0.0,0.0,0.0,0.0,0.0,0.0,0.0,0.0
44,0.0,1.7243564622741504e+16,1.3568367764753613e+17,1.5038073790686822e+17,1.811052202505011e+16,3.4746450780880896e+16,5177502007820288.0,1.2097238386658509e+17,0.0,0.0,0.0,0.0,0.0,0.0,0.0,0.0,0.0,0.0,0.0,0.0,0.0,0.0,0.0,0.0,0.0,0.0,0.0,0.0,0.0,0.0,0.0,0.0,0.0,0.0,0.0,0.0,0.0,0.0,0.0,0.0,0.0,0.0,0.0,0.0,0.0,0.0,0.0,0.0,0.0,0.0,0.0,0.0,0.0,0.0,0.0,0.0,0.0,0.0,0.0,0.0,0.0,0.0,0.0,0.0,0.0,0.0,0.0,0.0,0.0,0.0,0.0,0.0
17,9.416590383434957e+16,1.1587205007304294e+17,9.106226597697946e+16,3.7238132678485606e+17,1.6755861422604288e+16,2.2990114685924147e+17,9.985073113726976e+16,2.6299158495232e+17,0.0,0.0,0.0,0.0,0.0,0.0,0.0,0.0,0.0,0.0,0.0,0.0,0.0,0.0,0.0,0.0,0.0,0.0,0.0,0.0,0.0,0.0,0.0,0.0,0.0,0.0,0.0,0.0,0.0,0.0,0.0,0.0,0.0,0.0,0.0,0.0,0.0,0.0,0.0,0.0,0.0,0.0,0.0,0.0,0.0,0.0,0.0,0.0,0.0,0.0,0.0,0.0,0.0,0.0,0.0,0.0,0.0,0.0,0.0,0.0,0.0,0.0,0.0,0.0
36,5.246839422976e+16,5.3916263782966886e+17,6.12905645754024e+17,1.0717888851906396e+18,0.0,2.1377263412969472e+17,7.436716631570514e+17,0.0,0.0,1.5979869065392947e+17,8.32192777373614e+16,8.001083580602122e+17,9242318649425920.0,2.970463634624348e+17,8.37380067075031e+16,1.6647746787842458e+17,0.0,0.0,0.0,0.0,0.0,0.0,0.0,0.0,2.170474607935488e+17,3.337707046651822e+17,1.9889861262783283e+17,4.072268087741645e+17,8.799320260634214e+16,2.398262493446144e+17,4.419145452046254e+17,2.3707580382786355e+17,8.38138128802775e+16,6.538699443116442e+16,9.426729942227354e+16,2.012079478234153e+17,9.883645743045018e+16,1.395699014959104e+17,1.2468070157962445e+17,1.9506392838701056e+17,0.0,0.0,0.0,0.0,0.0,0.0,0.0,0.0,0.0,0.0,0.0,0.0,0.0,0.0,0.0,0.0,0.0,0.0,0.0,0.0,0.0,0.0,0.0,0.0,0.0,0.0,0.0,0.0,0.0,0.0,0.0,0.0
49,0.0,5.59619163333591e+16,5.652458281893888e+16,2.956114664284488e+17,8.560061376469402e+16,7.480513615678669e+16,4.388412899459072e+16,1.3490756846721434e+17,0.0,0.0,0.0,0.0,0.0,0.0,0.0,0.0,0.0,0.0,0.0,0.0,0.0,0.0,0.0,0.0,0.0,0.0,0.0,0.0,0.0,0.0,0.0,0.0,0.0,0.0,0.0,0.0,0.0,0.0,0.0,0.0,0.0,0.0,0.0,0.0,0.0,0.0,0.0,0.0,0.0,0.0,0.0,0.0,0.0,0.0,0.0,0.0,0.0,0.0,0.0,0.0,0.0,0.0,0.0,0.0,0.0,0.0,0.0,0.0,0.0,0.0,0.0,0.0
86,0.0,3.587552037358797e+16,8967717767872512.0,5.059102536997274e+16,4.650935044485939e+16,2.085831325201203e+16,741508051369984.0,2.558357614152909e+16,0.0,0.0,0.0,0.0,0.0,0.0,0.0,0.0,0.0,0.0,0.0,0.0,0.0,0.0,0.0,0.0,0.0,0.0,0.0,0.0,0.0,0.0,0.0,0.0,0.0,0.0,0.0,0.0,0.0,0.0,0.0,0.0,0.0,0.0,0.0,0.0,0.0,0.0,0.0,0.0,0.0,0.0,0.0,0.0,0.0,0.0,0.0,0.0,0.0,0.0,0.0,0.0,0.0,0.0,0.0,0.0,0.0,0.0,0.0,0.0,0.0,0.0,0.0,0.0
37,3.660586452988723e+16,9.978705395213926e+16,2.4127233047343923e+17,2.6148767638382182e+17,6.645531171146957e+16,6.008923387592704e+16,1.1472336965966234e+17,2.1908404838596608e+17,0.0,0.0,0.0,0.0,0.0,0.0,0.0,0.0,0.0,0.0,0.0,0.0,0.0,0.0,0.0,0.0,0.0,0.0,0.0,0.0,0.0,0.0,0.0,0.0,0.0,0.0,0.0,0.0,0.0,0.0,0.0,0.0,0.0,0.0,0.0,0.0,0.0,0.0,0.0,0.0,0.0,0.0,0.0,0.0,0.0,0.0,0.0,0.0,0.0,0.0,0.0,0.0,0.0,0.0,0.0,0.0,0.0,0.0,0.0,0.0,0.0,0.0,0.0,0.0
56,1.705283607729275e+17,7.506185837797704e+17,5.747320107869143e+17,6.425015438362542e+17,0.0,3.25053398523052e+17,3.409412728249385e+17,1.6477659210973184e+17,6.5302830252032e+16,1.0995390296673485e+17,1.818119957737636e+17,4.880469950893916e+17,7.526052294924698e+16,1.4137599537342054e+17,4.794083297984512e+16,7.170713759147622e+16,0.0,0.0,0.0,0.0,0.0,0.0,0.0,0.0,2.43907550607573e+17,1.9458399156148634e+17,2.4462195828772045e+17,3.385150286195589e+17,5.56682479444951e+16,1.5573511901596877e+17,1.0093725478394266e+17,9.36478964187136e+16,0.0,8.25697756029911e+16,1.7544219849654272e+17,1.1924487071072256e+17,4.044616229296538e+16,7.24221680418816e+16,4746605118881792.0,1.2918582162541773e+17,0.0,0.0,0.0,0.0,0.0,0.0,0.0,0.0,0.0,0.0,0.0,0.0,0.0,0.0,0.0,0.0,0.0,0.0,0.0,0.0,0.0,0.0,0.0,0.0,0.0,0.0,0.0,0.0,0.0,0.0,0.0,0.0
63,0.0,2.1846419870580736e+17,2.255069314589655e+17,4.872121908860027e+17,0.0,2.2278904179431834e+17,2.705796239332475e+17,2.3841951011622093e+17,2.215987087881011e+16,5.26738053356585e+16,0.0,1.176002933733458e+17,3.4999018480205824e+16,1.20363658151723e+17,1.3628959874875392e+16,1.6969292091437875e+17,0.0,0.0,0.0,0.0,0.0,0.0,0.0,0.0,1.28684083545899e+17,1.537442642353193e+17,1.7910348631769088e+17,2.3641824433484595e+17,4731878212894720.0,9.95333931836375e+16,4.101743589300634e+16,1.2903249988288512e+17,0.0,7.912936077000704e+16,3.391727942710067e+16,1.0180172003147776e+17,6.841080173140378e+16,1.828545604301619e+16,0.0,7.51170538616914e+16,0.0,0.0,0.0,0.0,0.0,0.0,0.0,0.0,0.0,0.0,0.0,0.0,0.0,0.0,0.0,0.0,0.0,0.0,0.0,0.0,0.0,0.0,0.0,0.0,0.0,0.0,0.0,0.0,0.0,0.0,0.0,0.0
35,1.1966579468559974e+17,3.463178503250248e+17,4.067671441942774e+17,3.408062046934139e+17,0.0,2.463520226541568e+17,1.3521488196717773e+17,1.8119419049803776e+17,0.0,2.3481642769186816e+16,1638648269242368.0,3.317475903851725e+16,5.00659011935273e+16,2.049574285030195e+16,3812119019520000.0,2.107944393821389e+16,0.0,0.0,0.0,0.0,0.0,0.0,0.0,0.0,0.0,2.170114045430989e+16,8.251185367403725e+16,1.0823590745840026e+17,0.0,1.1162644698365952e+16,0.0,6.43969142751232e+16,0.0,3247954127224832.0,10259066257408.0,3559769289785344.0,7208093825892352.0,3850620448538624.0,845914075824128.0,1951642534543360.0,0.0,0.0,0.0,0.0,0.0,0.0,0.0,0.0,0.0,0.0,0.0,0.0,0.0,0.0,0.0,0.0,0.0,0.0,0.0,0.0,0.0,0.0,0.0,0.0,0.0,0.0,0.0,0.0,0.0,0.0,0.0,0.0
97,1.7665584888020992e+16,9.948671547906458e+16,1.8695118184146534e+17,3.2017376591898214e+17,6.918689373185638e+16,8.107604610698445e+16,3.499434126082048e+16,3.632834865403003e+17,0.0,0.0,0.0,0.0,0.0,0.0,0.0,0.0,0.0,0.0,0.0,0.0,0.0,0.0,0.0,0.0,0.0,0.0,0.0,0.0,0.0,0.0,0.0,0.0,0.0,0.0,0.0,0.0,0.0,0.0,0.0,0.0,0.0,0.0,0.0,0.0,0.0,0.0,0.0,0.0,0.0,0.0,0.0,0.0,0.0,0.0,0.0,0.0,0.0,0.0,0.0,0.0,0.0,0.0,0.0,0.0,0.0,0.0,0.0,0.0,0.0,0.0,0.0,0.0
75,1.0672632094313677e+17,8.892624989165978e+16,1.3208738127151104e+17,2.3105374428279603e+17,4231041271201792.0,1.741967954196562e+17,6.39743968673792e+16,1.8354738589964698e+17,0.0,0.0,0.0,0.0,0.0,0.0,0.0,0.0,0.0,0.0,0.0,0.0,0.0,0.0,0.0,0.0,0.0,0.0,0.0,0.0,0.0,0.0,0.0,0.0,0.0,0.0,0.0,0.0,0.0,0.0,0.0,0.0,0.0,0.0,0.0,0.0,0.0,0.0,0.0,0.0,0.0,0.0,0.0,0.0,0.0,0.0,0.0,0.0,0.0,0.0,0.0,0.0,0.0,0.0,0.0,0.0,0.0,0.0,0.0,0.0,0.0,0.0,0.0,0.0
57,0.0,9.941651853357875e+16,1.8605021796184883e+17,1.98960717854933e+17,5.238476262657229e+16,9.411715595553997e+16,834282230644736.0,1.4148863518572544e+17,0.0,0.0,0.0,0.0,0.0,0.0,0.0,0.0,0.0,0.0,0.0,0.0,0.0,0.0,0.0,0.0,0.0,0.0,0.0,0.0,0.0,0.0,0.0,0.0,0.0,0.0,0.0,0.0,0.0,0.0,0.0,0.0,0.0,0.0,0.0,0.0,0.0,0.0,0.0,0.0,0.0,0.0,0.0,0.0,0.0,0.0,0.0,0.0,0.0,0.0,0.0,0.0,0.0,0.0,0.0,0.0,0.0,0.0,0.0,0.0,0.0,0.0,0.0,0.0
88,0.0,6.246219042206515e+17,5.410503618556068e+17,6.885850998133228e+17,0.0,3.5681316984848384e+17,3.785390729367388e+17,2.0186746582151987e+17,0.0,9.23756154364887e+16,1.1150871119265792e+16,4.91190292674773e+17,7.835600036875469e+16,9.773512473654067e+16,3.0586399145066496e+16,1.9470136442775142e+17,0.0,0.0,0.0,0.0,0.0,0.0,0.0,0.0,3.273205571397878e+17,1.4417480222192435e+17,1.3435338024707686e+17,4.491721809414062e+17,0.0,1.0288219636419789e+17,2.0927568311169843e+17,1.4505207506193613e+17,9.071092906223206e+16,1.347556812437586e+17,1.8838934305059635e+17,9.775073264769434e+16,1.152322008776704e+16,1.3360274881275494e+17,6.73877190466601e+16,1.76489448962261e+17,0.0,0.0,0.0,0.0,0.0,0.0,0.0,0.0,0.0,0.0,0.0,0.0,0.0,0.0,0.0,0.0,0.0,0.0,0.0,0.0,0.0,0.0,0.0,0.0,0.0,0.0,0.0,0.0,0.0,0.0,0.0,0.0
10,1.754439379582976e+16,5.684839328828621e+16,7.338067589332992e+16,1.5995002812157133e+17,8.075305597639066e+16,2.7102031764258816e+16,2301393264181248.0,6.627656376254464e+16,0.0,0.0,0.0,0.0,0.0,0.0,0.0,0.0,0.0,0.0,0.0,0.0,0.0,0.0,0.0,0.0,0.0,0.0,0.0,0.0,0.0,0.0,0.0,0.0,0.0,0.0,0.0,0.0,0.0,0.0,0.0,0.0,0.0,0.0,0.0,0.0,0.0,0.0,0.0,0.0,0.0,0.0,0.0,0.0,0.0,0.0,0.0,0.0,0.0,0.0,0.0,0.0,0.0,0.0,0.0,0.0,0.0,0.0,0.0,0.0,0.0,0.0,0.0,0.0
53,0.0,4.313028836070523e+17,1.859089307176796e+17,1.0586401005119734e+18,1979216493019136.0,1.5845278534231654e+17,3.0688125445472256e+17,3.169008290407383e+17,0.0,2.2413821128107622e+17,1.52637348083925e+17,2.3631368765099213e+17,8.346186608017408e+16,1.419497342846894e+17,0.0,4.195444313817088e+16,0.0,0.0,0.0,0.0,0.0,0.0,0.0,0.0,2.247484402344919e+17,3.5256125530465894e+17,3.051347833132155e+17,1.661050770339922e+17,0.0,2.874592834931917e+16,9.21573280186368e+16,1.2081508498433638e+17,0.0,2.1955898586955776e+16,6.190768866931507e+16,7.438612773732352e+16,9.065131491616358e+16,2.602987693067469e+16,5718309794217984.0,5.444013640594227e+16,0.0,0.0,0.0,0.0,0.0,0.0,0.0,0.0,0.0,0.0,0.0,0.0,0.0,0.0,0.0,0.0,0.0,0.0,0.0,0.0,0.0,0.0,0.0,0.0,0.0,0.0,0.0,0.0,0.0,0.0,0.0,0.0
8,0.0,4.585532485093294e+17,6.545573452374344e+17,1.0151450010651197e+18,7.018135045957222e+16,0.0,9.827749664265339e+17,2.0260384655435366e+17,0.0,2.742624553103524e+17,1.288527812713513e+17,6.243986346407363e+17,0.0,1.5821547980927795e+17,2.537853053734748e+17,1.9913559174335693e+17,0.0,0.0,0.0,0.0,0.0,0.0,0.0,0.0,1.4236802114964685e+17,4.10859182875476e+17,1.761496139699323e+17,3.681564533551268e+17,0.0,3.268432660141179e+17,4.286679383508255e+17,1.9158326971046298e+17,8.361105606416794e+16,7.75919170968617e+16,1.4895553031910195e+17,2.4089822164208845e+17,2.4087630442397696e+16,1.8601012014717338e+17,2.451978446826373e+17,2.150043620307108e+17,0.0,0.0,0.0,0.0,0.0,0.0,0.0,0.0,0.0,0.0,0.0,0.0,0.0,0.0,0.0,0.0,0.0,0.0,0.0,0.0,0.0,0.0,0.0,0.0,0.0,0.0,0.0,0.0,0.0,0.0,0.0,0.0
39,2.4153990693598003e+17,3.530643505938432e+17,1.1592657897783296e+17,4.3263446090776576e+17,0.0,1.4922793432488346e+17,6.797749192983839e+17,4.1168007138482586e+17,2.287818483171328e+16,5.345965550180762e+16,4.314311828701184e+16,5.83298477677609e+17,0.0,9.130637473821491e+16,2.5231122105788006e+17,3.1202514780658074e+17,0.0,0.0,0.0,0.0,0.0,0.0,0.0,0.0,1.1883306924638208e+17,2.820228856886067e+16,8.991538085992858e+16,3.0818939841386906e+17,0.0,1.6082089287037747e+17,1.9934290122480026e+17,1.4620826307815014e+17,1.3416422988736102e+17,4.091209323013734e+16,1.1760460552051098e+17,1.3682515110579405e+17,1531624797765632.0,1.0369464096784384e+17,1.2241914360024269e+17,1.863833356253266e+17,0.0,0.0,0.0,0.0,0.0,0.0,0.0,0.0,0.0,0.0,0.0,0.0,0.0,0.0,0.0,0.0,0.0,0.0,0.0,0.0,0.0,0.0,0.0,0.0,0.0,0.0,0.0,0.0,0.0,0.0,0.0,0.0
47,8.482483959182131e+16,6.87503962055639e+16,1.4640119300908646e+17,9.513286418143642e+16,1510268743974912.0,8.08982945904722e+16,8.933034618467123e+16,1.0436831517815603e+17,0.0,0.0,0.0,0.0,0.0,0.0,0.0,0.0,0.0,0.0,0.0,0.0,0.0,0.0,0.0,0.0,0.0,0.0,0.0,0.0,0.0,0.0,0.0,0.0,0.0,0.0,0.0,0.0,0.0,0.0,0.0,0.0,0.0,0.0,0.0,0.0,0.0,0.0,0.0,0.0,0.0,0.0,0.0,0.0,0.0,0.0,0.0,0.0,0.0,0.0,0.0,0.0,0.0,0.0,0.0,0.0,0.0,0.0,0.0,0.0,0.0,0.0,0.0,0.0
60,0.0,4.615337840140616e+17,4.298138012656599e+17,8.469083833017303e+17,2.911302693504942e+17,8.458434719304909e+16,3.675459838835425e+17,7.596361768553677e+16,0.0,1.1660375788145869e+17,1.4395379179480678e+17,5.566567268210442e+17,2.452282444611584e+16,2.6100530001687347e+17,9.244212730003456e+16,2.0632918092781978e+17,0.0,0.0,0.0,0.0,0.0,0.0,0.0,0.0,2.1080438223142912e+17,1.7810181404491776e+17,9.623262491731558e+16,6.070784402852413e+17,0.0,3.370573167192965e+17,4.7492614487801856e+17,1.1830800949444608e+17,8.166614025371648e+16,2.2208487331620454e+17,1.2705191866400768e+17,2.2401709320332902e+17,0.0,1.0344295588429824e+17,2.2813869843939328e+17,1.627181689035817e+17,0.0,0.0,0.0,0.0,0.0,0.0,0.0,0.0,0.0,0.0,0.0,0.0,0.0,0.0,0.0,0.0,0.0,0.0,0.0,0.0,0.0,0.0,0.0,0.0,0.0,0.0,0.0,0.0,0.0,0.0,0.0,0.0
89,8069324426182656.0,9.248281782019686e+16,1.577739056316416e+17,2.0958014475337728e+17,1.0923117163996774e+17,9.690355034855834e+16,2.338181054935859e+16,1.0360268571803648e+17,0.0,0.0,0.0,0.0,0.0,0.0,0.0,0.0,0.0,0.0,0.0,0.0,0.0,0.0,0.0,0.0,0.0,0.0,0.0,0.0,0.0,0.0,0.0,0.0,0.0,0.0,0.0,0.0,0.0,0.0,0.0,0.0,0.0,0.0,0.0,0.0,0.0,0.0,0.0,0.0,0.0,0.0,0.0,0.0,0.0,0.0,0.0,0.0,0.0,0.0,0.0,0.0,0.0,0.0,0.0,0.0,0.0,0.0,0.0,0.0,0.0,0.0,0.0,0.0
51,1.028618897588224e+17,3.8425058916643635e+17,2.0633814881953382e+17,5.801737343509463e+17,4.764083380918682e+16,2.238046125812613e+17,2.8671083390225613e+17,2.8408274341383373e+17,2.570914595287859e+16,1.4323575057232691e+17,4.14972266896425e+16,3.9853352008915354e+17,2.9674233990742016e+16,3.6426352935777075e+17,1.1455403627905024e+17,1.64210979276587e+17,0.0,0.0,0.0,0.0,0.0,0.0,0.0,0.0,6.337586310991053e+16,1.9033181931962368e+17,1.7315176115706266e+17,5.0255247403751834e+17,9.643702241093222e+16,1.3675287539613696e+17,5.027993659375616e+16,1.7787902550133965e+17,6964616961720320.0,5.045593146864435e+16,1.260173555316818e+17,1.5772272680134246e+17,3.4906129075011584e+16,1.0377944080213606e+17,8515146326474752.0,8.027997391867085e+16,0.0,0.0,0.0,0.0,0.0,0.0,0.0,0.0,0.0,0.0,0.0,0.0,0.0,0.0,0.0,0.0,0.0,0.0,0.0,0.0,0.0,0.0,0.0,0.0,0.0,0.0,0.0,0.0,0.0,0.0,0.0,0.0
14,1.1591392600417894e+17,2.5699928094067917e+17,4.775160531071795e+16,2.543964963995648e+17,1.237023681591378e+17,3.0507321066206e+17,1.2066693438242816e+17,1.5701201279306957e+17,8.825797875020595e+16,5.808015554904064e+16,1.6223115826692096e+16,1.4160083691136614e+17,0.0,5.86548694178857e+16,2.3778618282868736e+16,1.0412645697978368e+17,0.0,0.0,0.0,0.0,0.0,0.0,0.0,0.0,1.0186281164629606e+17,0.0,1.1715864188629811e+17,1.1221162124535398e+17,0.0,4.994371796389069e+16,0.0,6.472734758404096e+16,0.0,0.0,2.0927223854792704e+16,4.870263562410394e+16,1515490618900480.0,2.271981650260787e+16,0.0,5.441461141530214e+16,0.0,0.0,0.0,0.0,0.0,0.0,0.0,0.0,0.0,0.0,0.0,0.0,0.0,0.0,0.0,0.0,0.0,0.0,0.0,0.0,0.0,0.0,0.0,0.0,0.0,0.0,0.0,0.0,0.0,0.0,0.0,0.0
28,3.560081426533581e+16,7.396089161528115e+16,2.027109802185851e+17,2.379047840555991e+17,2.198857684562739e+16,6.328506320630579e+16,6.813323087996518e+16,2.563549843066716e+17,5.336680260383539e+16,8.588854837221786e+16,3.831627942094438e+16,5.72847662605271e+16,3.675377031865958e+16,4.100560755307315e+16,4.474222051065856e+16,5.015377192943616e+16,0.0,0.0,0.0,0.0,0.0,0.0,0.0,0.0,0.0,4.79966847345623e+16,2.8976218053279744e+16,9.59353960005632e+16,9.32785378211922e+16,3.974814420801946e+16,0.0,2.435011092624179e+16,0.0,1048199921926144.0,3310882914304.0,1148830871453696.0,2326241260601344.0,1242695905312768.0,272998674202624.0,629846216540160.0,0.0,0.0,0.0,0.0,0.0,0.0,0.0,0.0,0.0,0.0,0.0,0.0,0.0,0.0,0.0,0.0,0.0,0.0,0.0,0.0,0.0,0.0,0.0,0.0,0.0,0.0,0.0,0.0,0.0,0.0,0.0,0.0
16,2.8177944694226944e+16,1.6623195251539968e+16,0.0,3.2539934954881024e+16,0.0,5.264686300581069e+16,0.0,5.538310077074637e+16,0.0,0.0,0.0,0.0,0.0,0.0,0.0,0.0,0.0,0.0,0.0,0.0,0.0,0.0,0.0,0.0,0.0,0.0,0.0,0.0,0.0,0.0,0.0,0.0,0.0,0.0,0.0,0.0,0.0,0.0,0.0,0.0,0.0,0.0,0.0,0.0,0.0,0.0,0.0,0.0,0.0,0.0,0.0,0.0,0.0,0.0,0.0,0.0,0.0,0.0,0.0,0.0,0.0,0.0,0.0,0.0,0.0,0.0,0.0,0.0,0.0,0.0,0.0,0.0
34,2.62493905616896e+16,0.0,0.0,9.591395552382157e+16,0.0,8.052341266500813e+16,0.0,9.191245475322266e+16,0.0,0.0,0.0,0.0,0.0,0.0,0.0,0.0,0.0,0.0,0.0,0.0,0.0,0.0,0.0,0.0,0.0,0.0,0.0,0.0,0.0,0.0,0.0,0.0,0.0,0.0,0.0,0.0,0.0,0.0,0.0,0.0,0.0,0.0,0.0,0.0,0.0,0.0,0.0,0.0,0.0,0.0,0.0,0.0,0.0,0.0,0.0,0.0,0.0,0.0,0.0,0.0,0.0,0.0,0.0,0.0,0.0,0.0,0.0,0.0,0.0,0.0,0.0,0.0
82,5.084227666182144e+16,1.2061822086335693e+17,1.3322840805317018e+17,1.6624631273855386e+17,1564710809894912.0,1.286696009161769e+17,9.674183623992934e+16,1.2039252033195213e+17,0.0,0.0,0.0,0.0,0.0,0.0,0.0,0.0,0.0,0.0,0.0,0.0,0.0,0.0,0.0,0.0,0.0,0.0,0.0,0.0,0.0,0.0,0.0,0.0,0.0,0.0,0.0,0.0,0.0,0.0,0.0,0.0,0.0,0.0,0.0,0.0,0.0,0.0,0.0,0.0,0.0,0.0,0.0,0.0,0.0,0.0,0.0,0.0,0.0,0.0,0.0,0.0,0.0,0.0,0.0,0.0,0.0,0.0,0.0,0.0,0.0,0.0,0.0,0.0
46,0.0,2.7348384645906432e+17,2.5096634653841818e+17,2.42515981203669e+17,2.839679045782733e+16,1.6553944702097818e+17,9.436884962902016e+16,1.1773544740421632e+17,9.227367009275085e+16,1.1361848073283174e+17,1.2906717100638208e+16,1.591508893266084e+17,3.719380689800397e+16,3.4450916228726784e+16,5.400375484376678e+16,5.288000242057216e+16,0.0,0.0,0.0,0.0,0.0,0.0,0.0,0.0,3.700470378292838e+16,1.481867870076928e+16,1.5277109336552243e+17,1.874046788483154e+17,0.0,4.645827469377536e+16,1.559579934588928e+16,2.8392390263832576e+16,0.0,0.0,2.2623862638247936e+16,5.265110213853184e+16,1638355271942144.0,2.456178838942515e+16,0.0,5.882618277842125e+16,0.0,0.0,0.0,0.0,0.0,0.0,0.0,0.0,0.0,0.0,0.0,0.0,0.0,0.0,0.0,0.0,0.0,0.0,0.0,0.0,0.0,0.0,0.0,0.0,0.0,0.0,0.0,0.0,0.0,0.0,0.0,0.0
27,0.0,1.765147720894382e+17,1.0437883784803123e+17,6.991646006957834e+17,0.0,6.416219345340334e+17,1.888071918288896e+17,3.048851254542336e+17,0.0,3.654848806177997e+16,4850048332464128.0,1.0468243190631629e+17,2.065893013271347e+16,1.2813495479723622e+17,0.0,1.9165597491684966e+17,0.0,0.0,0.0,0.0,0.0,0.0,0.0,0.0,841288798699520.0,4.033946242043085e+16,1.3023473853844685e+17,2.2107414725237146e+17,0.0,9.396697812906803e+16,4.102919551346278e+16,1.3436125721709773e+17,0.0,5.115487726652621e+16,1.7549465078464512e+16,9.414527940139418e+16,2.480211757944013e+16,3645252560748544.0,0.0,6.660734925878067e+16,0.0,0.0,0.0,0.0,0.0,0.0,0.0,0.0,0.0,0.0,0.0,0.0,0.0,0.0,0.0,0.0,0.0,0.0,0.0,0.0,0.0,0.0,0.0,0.0,0.0,0.0,0.0,0.0,0.0,0.0,0.0,0.0
20,0.0,1.874883104515031e+17,2.795977495847895e+17,5.0070873047669146e+17,0.0,7.92475239102546e+16,1.6102849440959693e+17,2.1406623809404928e+17,9308144391946240.0,1.2424312172157338e+17,2.6041413212831744e+16,4.35937222038913e+17,6.085055118888141e+16,7.106544370765005e+16,1.2821212676961075e+17,7.920673890081178e+16,0.0,0.0,0.0,0.0,0.0,0.0,0.0,0.0,4.128221633183744e+16,1.8636888735534285e+17,3.147556818549473e+17,1.9883212653409075e+17,0.0,5.136876234289971e+16,1.073880379644969e+17,1.4879318055531315e+17,4.550177688702157e+16,1.0679637185973453e+17,1.0850932507646362e+17,1.5765584557060915e+17,2.6018218241949696e+16,4.314883488848282e+16,5.416310242541568e+16,9.47480437016494e+16,0.0,0.0,0.0,0.0,0.0,0.0,0.0,0.0,0.0,0.0,0.0,0.0,0.0,0.0,0.0,0.0,0.0,0.0,0.0,0.0,0.0,0.0,0.0,0.0,0.0,0.0,0.0,0.0,0.0,0.0,0.0,0.0
9,3.327612155519304e+17,8.075503337933373e+17,1.9783117581582336e+17,1.168818106282279e+18,0.0,3.824924700736225e+17,3.0755236886452634e+17,0.0,0.0,1.911702656552796e+17,9.648674095235072e+16,7.657409918302945e+17,0.0,1.4566802491179008e+17,8.690866323456e+16,8.192960213758771e+16,0.0,0.0,0.0,0.0,0.0,0.0,0.0,0.0,1.4046155388642918e+17,1.715934095831204e+17,2.462278809194332e+17,5.326832845266616e+17,1.1491587009386906e+17,3.319861629335634e+17,1.3988832178130125e+17,1.4767104303982182e+17,0.0,8.020592009255322e+16,1.25380179953451e+17,2.3061960898851635e+17,5.644516457866854e+16,1.769937640221573e+17,1974449079320576.0,1.377807297895465e+17,0.0,0.0,0.0,0.0,0.0,0.0,0.0,0.0,0.0,0.0,0.0,0.0,0.0,0.0,0.0,0.0,0.0,0.0,0.0,0.0,0.0,0.0,0.0,0.0,0.0,0.0,0.0,0.0,0.0,0.0,0.0,0.0
92,3.204815475703808e+16,6.868671472546611e+16,2.215629660702638e+17,1.1636696774449562e+17,4.907331707155251e+16,3.298546479739699e+16,1.1306655166549197e+17,1.2912930844573696e+17,0.0,0.0,0.0,0.0,0.0,0.0,0.0,0.0,0.0,0.0,0.0,0.0,0.0,0.0,0.0,0.0,0.0,0.0,0.0,0.0,0.0,0.0,0.0,0.0,0.0,0.0,0.0,0.0,0.0,0.0,0.0,0.0,0.0,0.0,0.0,0.0,0.0,0.0,0.0,0.0,0.0,0.0,0.0,0.0,0.0,0.0,0.0,0.0,0.0,0.0,0.0,0.0,0.0,0.0,0.0,0.0,0.0,0.0,0.0,0.0,0.0,0.0,0.0,0.0
3,2.198085019946189e+16,1.7281793911894835e+17,1.5504825066612326e+17,2.1775745324731597e+17,0.0,1.7352073320752742e+17,1.3284020313915392e+17,1.8416866150894797e+17,0.0,5848396300550144.0,2.9387738197262336e+16,3.013551992078336e+16,1.0158127009759232e+16,2437956581195776.0,5217466678509568.0,2.092313504592691e+16,0.0,0.0,0.0,0.0,0.0,0.0,0.0,0.0,0.0,8.672722663610778e+16,1.4244257319197082e+17,1.511078930499502e+17,9.407132006455706e+16,4.880192667805286e+16,0.0,3.1797861242896384e+16,0.0,9351039304073216.0,29535684788224.0,1.0248775515766784e+16,2.075250673267507e+16,1.1086152404566016e+16,2435434361651200.0,5618886670024704.0,0.0,0.0,0.0,0.0,0.0,0.0,0.0,0.0,0.0,0.0,0.0,0.0,0.0,0.0,0.0,0.0,0.0,0.0,0.0,0.0,0.0,0.0,0.0,0.0,0.0,0.0,0.0,0.0,0.0,0.0,0.0,0.0
98,1.7992157021339648e+16,2.818101989081088e+16,0.0,2.438726239335219e+16,0.0,6.956702840232346e+16,0.0,6.440261799169229e+16,0.0,0.0,0.0,0.0,0.0,0.0,0.0,0.0,0.0,0.0,0.0,0.0,0.0,0.0,0.0,0.0,0.0,0.0,0.0,0.0,0.0,0.0,0.0,0.0,0.0,0.0,0.0,0.0,0.0,0.0,0.0,0.0,0.0,0.0,0.0,0.0,0.0,0.0,0.0,0.0,0.0,0.0,0.0,0.0,0.0,0.0,0.0,0.0,0.0,0.0,0.0,0.0,0.0,0.0,0.0,0.0,0.0,0.0,0.0,0.0,0.0,0.0,0.0,0.0
29,1.9459384421646336e+16,5.5853541423579136e+17,7.757085457724211e+16,1.437101279921832e+18,0.0,5.399765169523917e+17,4.2437805629610394e+17,2.502084737892352e+17,0.0,4.740246741922611e+16,7.195844042293248e+16,9.874869406872371e+16,1.7929921871478784e+16,1.1230915136271155e+17,0.0,9.560079227840102e+16,0.0,0.0,0.0,0.0,0.0,0.0,0.0,0.0,1.9617625619719782e+17,1.652690530598912e+17,2.1520703294747443e+17,2.906123993738117e+17,0.0,1.55328986908459e+17,3.251807700731822e+17,1.9215465497965363e+17,9.153856067023667e+16,7.391454032822272e+16,4.736505395911066e+16,1.345482343233618e+17,613199258845184.0,5.924297928972698e+16,6.146974803401114e+16,9.364645330970214e+16,0.0,0.0,0.0,0.0,0.0,0.0,0.0,0.0,0.0,0.0,0.0,0.0,0.0,0.0,0.0,0.0,0.0,0.0,0.0,0.0,0.0,0.0,0.0,0.0,0.0,0.0,0.0,0.0,0.0,0.0,0.0,0.0
80,1214001228808192.0,9.68432490077225e+16,5.55836456786985e+16,4.6318294837651046e+17,1.035702415350825e+17,1.888486468532306e+17,3.802091881496576e+16,1.7713771414605005e+17,0.0,0.0,0.0,0.0,0.0,0.0,0.0,0.0,0.0,0.0,0.0,0.0,0.0,0.0,0.0,0.0,0.0,0.0,0.0,0.0,0.0,0.0,0.0,0.0,0.0,0.0,0.0,0.0,0.0,0.0,0.0,0.0,0.0,0.0,0.0,0.0,0.0,0.0,0.0,0.0,0.0,0.0,0.0,0.0,0.0,0.0,0.0,0.0,0.0,0.0,0.0,0.0,0.0,0.0,0.0,0.0,0.0,0.0,0.0,0.0,0.0,0.0,0.0,0.0
73,1.871789482521395e+16,4.082848739675341e+16,1.0059690439553843e+17,1.2620175565756826e+17,2.281877254910771e+16,3.752937698780774e+16,1.9096814019936256e+16,1.0778153427822182e+17,0.0,0.0,0.0,0.0,0.0,0.0,0.0,0.0,0.0,0.0,0.0,0.0,0.0,0.0,0.0,0.0,0.0,0.0,0.0,0.0,0.0,0.0,0.0,0.0,0.0,0.0,0.0,0.0,0.0,0.0,0.0,0.0,0.0,0.0,0.0,0.0,0.0,0.0,0.0,0.0,0.0,0.0,0.0,0.0,0.0,0.0,0.0,0.0,0.0,0.0,0.0,0.0,0.0,0.0,0.0,0.0,0.0,0.0,0.0,0.0,0.0,0.0,0.0,0.0
