11,408095285.0,-236532500.0,1966533562.0,700722450.0,-597569478.0,446570758.0,444757484.0,1094063219.0,0.0,0.0,0.0,0.0,0.0,0.0,0.0,0.0,0.0,0.0,0.0,0.0,0.0,0.0,0.0,0.0,0.0,0.0,0.0,0.0,0.0,0.0,0.0,0.0
19,-1123274741.0,1285315748.0,147404953.0,137588719.0,311612632.0,-637238859.0,-995289042.0,1703145639.0,0.0,0.0,0.0,0.0,0.0,0.0,0.0,0.0,0.0,0.0,0.0,0.0,0.0,0.0,0.0,0.0,0.0,0.0,0.0,0.0,0.0,0.0,0.0,0.0
12,271849798.0,528392275.0,-1215622421.0,2114700151.0,1697880365.0,-1882729966.0,-313607409.0,1567169695.0,0.0,0.0,0.0,0.0,0.0,0.0,0.0,0.0,0.0,0.0,0.0,0.0,0.0,0.0,0.0,0.0,0.0,0.0,0.0,0.0,0.0,0.0,0.0,0.0
38,1272318780.0,564336491.0,-609891066.0,-1600354731.0,1302312481.0,-1293455008.0,-1795285827.0,-498743433.0,-240251741.0,1399174127.0,232524193.0,1755950262.0,-1776935298.0,897929527.0,-1366860392.0,-1995301908.0,1301346132.0,-1030903433.0,-881293120.0,577751828.0,-1246696854.0,1966093778.0,1622387099.0,-592145020.0,-1134721222.0,-1568926575.0,895349266.0,1225175957.0,0.0,0.0,0.0,0.0
81,2036271996.0,1091126335.0,-1890330635.0,-1583251915.0,-1245125513.0,380156415.0,744826947.0,933879087.0,-2048533404.0,1698043366.0,1518033240.0,-1248754439.0,-327668134.0,0.0,0.0,0.0,0.0,0.0,0.0,0.0,0.0,0.0,0.0,0.0,0.0,0.0,0.0,0.0,0.0,0.0,0.0,0.0
5,-170418483.0,-1287258676.0,101066874.0,-1296799605.0,-1708424581.0,-1817647098.0,-283236116.0,-756407806.0,-1080347437.0,-1229942763.0,-1773539476.0,1120544772.0,-708674923.0,-719790793.0,-803001830.0,331618135.0,1076659530.0,-943734428.0,1249777706.0,287728638.0,1953515108.0,-1040868277.0,1882515399.0,-1907715164.0,-1728733857.0,-2111181080.0,-1561876937.0,-513267036.0,1474895749.0,-718933109.0,999024252.0,0.0
40,1087099206.0,-57735427.0,-954509053.0,-484534366.0,-1190327690.0,1605404376.0,-100212831.0,1524796267.0,-1621737881.0,409339040.0,1017641418.0,-449588683.0,288007373.0,221611651.0,-1051647628.0,-369782706.0,-1366817782.0,-1373114742.0,-502748090.0,1027487597.0,-1154470722.0,-114431845.0,290254006.0,-2095798918.0,1482200283.0,0.0,0.0,0.0,0.0,0.0,0.0,0.0
70,2143344545.0,-2048415113.0,-1951920134.0,-700670503.0,138761203.0,1680806787.0,724332029.0,-1368578916.0,1446276762.0,859328259.0,1870292553.0,-1944960217.0,-876073301.0,487290802.0,-1603915451.0,-105935558.0,-232141867.0,-866646843.0,-1867091589.0,1326872825.0,0.0,0.0,0.0,0.0,0.0,0.0,0.0,0.0,0.0,0.0,0.0,0.0
23,-273358450.0,138950486.0,461814838.0,-175566114.0,-1906112959.0,-1974758761.0,118735859.0,649805970.0,-623718682.0,113140847.0,833032662.0,952709614.0,-868357030.0,0.0,0.0,0.0,0.0,0.0,0.0,0.0,0.0,0.0,0.0,0.0,0.0,0.0,0.0,0.0,0.0,0.0,0.0,0.0
72,1307524597.0,894405672.0,-1878028606.0,-441448044.0,-106522189.0,-481554644.0,-362303853.0,-674039022.0,-1644642087.0,-1552416196.0,-1434703158.0,-396853560.0,819586572.0,148923892.0,1799369654.0,-1752685755.0,-2017255488.0,241573112.0,-927802561.0,1958425635.0,0.0,0.0,0.0,0.0,0.0,0.0,0.0,0.0,0.0,0.0,0.0,0.0
79,824321990.0,1894876171.0,1960300024.0,-615289166.0,-1826624162.0,-334401749.0,-1983896062.0,1371943307.0,-730154115.0,1225857868.0,456714140.0,-1654656198.0,-110336627.0,-1983842563.0,-1414169589.0,-1260099625.0,-626063121.0,-577813815.0,1226414003.0,1080541144.0,0.0,0.0,0.0,0.0,0.0,0.0,0.0,0.0,0.0,0.0,0.0,0.0
78,-702669421.0,1876476839.0,18466523.0,-1752198360.0,431490942.0,428833390.0,1144704554.0,-169798548.0,-122556148.0,224367541.0,1647535315.0,-863413770.0,502488035.0,836627196.0,-1946820379.0,498621000.0,-1219550498.0,-206394985.0,124947967.0,-720773403.0,0.0,0.0,0.0,0.0,0.0,0.0,0.0,0.0,0.0,0.0,0.0,0.0
87,759839130.0,1355153940.0,-566655339.0,425415560.0,-684271179.0,641453089.0,-1001724189.0,1076212722.0,-1972850917.0,-1764623423.0,-1501054871.0,1918340241.0,1767602142.0,0.0,0.0,0.0,0.0,0.0,0.0,0.0,0.0,0.0,0.0,0.0,0.0,0.0,0.0,0.0,0.0,0.0,0.0,0.0
6,-1548571919.0,605659565.0,929635448.0,1136972891.0,207951493.0,623051446.0,12929472.0,-1476867202.0,-1489353224.0,-980575797.0,123021692.0,586859736.0,1391126146.0,1764613007.0,1319635912.0,-1173007322.0,-798933461.0,1731222280.0,1423925311.0,1860796492.0,1363584792.0,-317614043.0,949386096.0,1364236708.0,736216183.0,-1387964357.0,-2100267188.0,1033114867.0,-349302205.0,-1832746293.0,1586818332.0,0.0
68,-504815804.0,-907028013.0,-388065745.0,-261315371.0,-1133453459.0,-1765714021.0,227056851.0,-2020552438.0,-744938000.0,-1392884687.0,0.0,0.0,0.0,0.0,0.0,0.0,0.0,0.0,0.0,0.0,0.0,0.0,0.0,0.0,0.0,0.0,0.0,0.0,0.0,0.0,0.0,0.0
69,-367978909.0,-496320631.0,-971058939.0,244480255.0,460315882.0,-734391278.0,-282062635.0,-181834308.0,2105197524.0,-38042679.0,0.0,0.0,0.0,0.0,0.0,0.0,0.0,0.0,0.0,0.0,0.0,0.0,0.0,0.0,0.0,0.0,0.0,0.0,0.0,0.0,0.0,0.0
1,1472917626.0,-523347784.0,93090068.0,987162610.0,-1333801075.0,460311457.0,-395901322.0,1573557588.0,423217302.0,1861161240.0,239852741.0,-1365575890.0,1709050371.0,1299437816.0,1248937292.0,-570538438.0,316974604.0,-1749696386.0,1057952694.0,514801396.0,-1459113522.0,-2125127323.0,-657609382.0,-1411409900.0,-1475179157.0,581686660.0,1986189136.0,-276437094.0,-205822114.0,2015311105.0,-842181721.0,0.0
45,-1409385474.0,1804538976.0,1973127361.0,-1993600924.0,-454423960.0,-654060796.0,1528013557.0,513779064.0,-1285743553.0,2136873160.0,1950587479.0,-520279114.0,1694240296.0,908120982.0,1495859430.0,-805951715.0,1715867074.0,75534550.0,1226206246.0,785320051.0,-1352500232.0,-262548181.0,906945949.0,-1922367531.0,-2048763993.0,0.0,0.0,0.0,0.0,0.0,0.0,0.0
33,663340367.0,-355858931.0,1003111774.0,96990037.0,298609896.0,-407897690.0,-1014385248.0,1078043614.0,250705891.0,-1501079262.0,-1014421884.0,463268974.0,2074990263.0,-845344333.0,-2053692238.0,1303464152.0,-1972110832.0,1881704218.0,1771355819.0,-1974698998.0,920988293.0,2120811747.0,-1272227708.0,1050598800.0,-1424202143.0,-123881476.0,-2092999954.0,944814627.0,0.0,0.0,0.0,0.0
15,1787955199.0,146508176.0,1457787511.0,1426402786.0,-1212860825.0,1820442156.0,-919553813.0,726069262.0,0.0,0.0,0.0,0.0,0.0,0.0,0.0,0.0,0.0,0.0,0.0,0.0,0.0,0.0,0.0,0.0,0.0,0.0,0.0,0.0,0.0,0.0,0.0,0.0
93,1181145770.0,1860996476.0,786603621.0,1091896283.0,-27713575.0,1090534423.0,-2115107246.0,1879501059.0,-1342011347.0,1986758880.0,190485019.0,1015901057.0,-1664225983.0,-389777773.0,538827119.0,-401587289.0,-469086658.0,771556229.0,-937999069.0,1241338315.0,991459988.0,208066905.0,2049505422.0,-1119559030.0,1733028616.0,-440028295.0,-178465856.0,-149962477.0,2129715720.0,1241509774.0,1384649433.0,1474631602.0
24,2107364314.0,-750555954.0,2129350200.0,-1784405783.0,-1743438327.0,-1823026302.0,-822653993.0,1950447951.0,890676344.0,804811795.0,-1729112009.0,-510917844.0,-1182712973.0,0.0,0.0,0.0,0.0,0.0,0.0,0.0,0.0,0.0,0.0,0.0,0.0,0.0,0.0,0.0,0.0,0.0,0.0,0.0
25,1510039514.0,-1838545509.0,546329084.0,-2114596997.0,-64085805.0,-614445041.0,-564052458.0,180829303.0,1291305369.0,-729025379.0,-1332320843.0,1273222863.0,1362687636.0,0.0,0.0,0.0,0.0,0.0,0.0,0.0,0.0,0.0,0.0,0.0,0.0,0.0,0.0,0.0,0.0,0.0,0.0,0.0
26,1003606874.0,2025920563.0,1722438332.0,-187278154.0,1247133834.0,253826645.0,-494563733.0,-1116077990.0,1984933116.0,57526332.0,-1389564519.0,170796965.0,-1958782268.0,0.0,0.0,0.0,0.0,0.0,0.0,0.0,0.0,0.0,0.0,0.0,0.0,0.0,0.0,0.0,0.0,0.0,0.0,0.0
48,-964652593.0,170600917.0,-508836540.0,-963425830.0,1821513823.0,860424565.0,132948795.0,-1994882434.0,996622236.0,-453669195.0,2141641895.0,-1818695274.0,1210418580.0,1334270048.0,-949128297.0,1559260515.0,-2020532977.0,1359183695.0,877173847.0,-1249934771.0,1637426306.0,-1454770852.0,96001223.0,-1857707622.0,1958300223.0,0.0,0.0,0.0,0.0,0.0,0.0,0.0
71,1832036359.0,-1273096349.0,538635511.0,1314946945.0,1649778164.0,-1503886608.0,-541793297.0,-423054442.0,984163966.0,-1149609445.0,945440575.0,1946304258.0,698619885.0,1094991020.0,1130956945.0,-195649613.0,-179687833.0,2072557082.0,-421837665.0,-1655209789.0,0.0,0.0,0.0,0.0,0.0,0.0,0.0,0.0,0.0,0.0,0.0,0.0
76,1515040552.0,656744422.0,911959009.0,-77602438.0,845958898.0,-726829937.0,1665081921.0,-673170023.0,-466783885.0,1539871642.0,-1374476893.0,510365266.0,53174933.0,-707836161.0,-989650284.0,1572950246.0,-1539436395.0,-1269827425.0,187608166.0,-1897355138.0,0.0,0.0,0.0,0.0,0.0,0.0,0.0,0.0,0.0,0.0,0.0,0.0
7,427637893.0,-1051689165.0,-1135964718.0,-1168321157.0,1402618395.0,1500350247.0,-447750063.0,-322140496.0,-347281786.0,-2099773796.0,-2000109769.0,-1196413634.0,-1963764085.0,2114080011.0,-1470667577.0,-443818600.0,268063469.0,240791382.0,1493412126.0,1144273871.0,1910883490.0,1268365871.0,-1106620641.0,2091767349.0,1816005886.0,1720450822.0,-908159869.0,1078788789.0,-1615373889.0,1424538852.0,-2142904450.0,0.0
50,-730914707.0,1054078683.0,-1828112978.0,-1335564440.0,-867728527.0,0.0,0.0,0.0,0.0,0.0,0.0,0.0,0.0,0.0,0.0,0.0,0.0,0.0,0.0,0.0,0.0,0.0,0.0,0.0,0.0,0.0,0.0,0.0,0.0,0.0,0.0,0.0
22,-216819715.0,348876543.0,-419991508.0,-676880688.0,-1617777884.0,2032460642.0,-1799521978.0,1964811437.0,-1080623965.0,864425803.0,-458694884.0,1066148970.0,965941307.0,0.0,0.0,0.0,0.0,0.0,0.0,0.0,0.0,0.0,0.0,0.0,0.0,0.0,0.0,0.0,0.0,0.0,0.0,0.0
4,1972937689.0,2091860184.0,1753481090.0,-1505011873.0,-2079830366.0,-414177566.0,-1184472587.0,-2134945469.0,-1010564210.0,-1635483021.0,1053536783.0,233903366.0,-1880958691.0,-1729445568.0,-981165205.0,-647169543.0,-1588943976.0,-115640255.0,-1607658538.0,-1707789446.0,1817048262.0,907768146.0,-197981578.0,-873780079.0,-718900664.0,-961322272.0,-1423462198.0,-1321830892.0,-87486737.0,933147129.0,736711371.0,0.0
32,1223133088.0,473302186.0,-344620278.0,-627489979.0,246384868.0,55892124.0,999926132.0,-2055287180.0,368516689.0,1804132548.0,-2070826255.0,-533478065.0,-1867679076.0,779380097.0,1374826409.0,-791393055.0,-54621411.0,-290040216.0,-1999065706.0,2102174473.0,-661298570.0,1052504503.0,-1153427747.0,-1108034604.0,297271865.0,-1266519306.0,-560142440.0,421810035.0,0.0,0.0,0.0,0.0
77,-153398296.0,-314456741.0,486796420.0,608566221.0,1010490267.0,-1309285375.0,1845277385.0,-1497249463.0,961909417.0,-20809625.0,-1412827941.0,-1926436164.0,-1016989506.0,-839087314.0,-1736804193.0,-704202766.0,1525317141.0,1965613040.0,-632869035.0,1686485687.0,0.0,0.0,0.0,0.0,0.0,0.0,0.0,0.0,0.0,0.0,0.0,0.0
91,-1778447910.0,1131744051.0,464839108.0,1117800971.0,-1280983856.0,-2130662398.0,167713065.0,1017100432.0,1428837220.0,-514812086.0,-1788211924.0,726484960.0,-961060150.0,1016116186.0,680715156.0,-211196983.0,906241042.0,2012306237.0,-1853870296.0,548104645.0,168174785.0,-391000231.0,-1651048561.0,145670167.0,-1277298016.0,-956000083.0,1571851462.0,497724066.0,-2064622060.0,688826304.0,1332194005.0,615836516.0
42,176206526.0,1106338493.0,2094367667.0,-1043170165.0,-876041655.0,1770675540.0,-1800605507.0,-1237602166.0,60947341.0,-1164399824.0,-144742397.0,-1644597796.0,-1979698392.0,2057971058.0,2082180721.0,-2021859427.0,309587900.0,572029050.0,-955754429.0,1402491661.0,-1751087938.0,-1480685325.0,-1353605223.0,-1141510124.0,412048357.0,0.0,0.0,0.0,0.0,0.0,0.0,0.0
13,-1296643021.0,114126076.0,-788840301.0,-1919009876.0,-1723927311.0,-571308415.0,-1268594027.0,67219203.0,0.0,0.0,0.0,0.0,0.0,0.0,0.0,0.0,0.0,0.0,0.0,0.0,0.0,0.0,0.0,0.0,0.0,0.0,0.0,0.0,0.0,0.0,0.0,0.0
41,834230535.0,1909612018.0,-1596452440.0,1563835837.0,1301281468.0,-1106835954.0,1070878215.0,-655886037.0,-244480644.0,-1063065996.0,1720202961.0,102153663.0,-391608528.0,-707462830.0,1497028224.0,-58996164.0,1039238876.0,-937054740.0,-1508433790.0,-454738473.0,-493395575.0,-1864317039.0,1532740695.0,-627713357.0,1590342005.0,0.0,0.0,0.0,0.0,0.0,0.0,0.0
55,341115673.0,-1034425807.0,1200066307.0,1631084527.0,1115221196.0,0.0,0.0,0.0,0.0,0.0,0.0,0.0,0.0,0.0,0.0,0.0,0.0,0.0,0.0,0.0,0.0,0.0,0.0,0.0,0.0,0.0,0.0,0.0,0.0,0.0,0.0,0.0
31,-151835729.0,-898215794.0,-991492899.0,-400226161.0,80515181.0,1265416722.0,1813002922.0,-1382537224.0,-2022910791.0,-199380551.0,-876194061.0,-1580540883.0,-1750817034.0,-338896184.0,1745407429.0,-1626828413.0,-1754070249.0,-1909771095.0,-303813479.0,-1925909011.0,-756169546.0,422830699.0,-1265578595.0,-938071643.0,-1294144356.0,446678778.0,-1797488585.0,-1241263728.0,0.0,0.0,0.0,0.0
66,845618036.0,1066509396.0,1250270918.0,-993431471.0,-304228591.0,2115850202.0,1188989597.0,221819159.0,-1145741637.0,238489699.0,0.0,0.0,0.0,0.0,0.0,0.0,0.0,0.0,0.0,0.0,0.0,0.0,0.0,0.0,0.0,0.0,0.0,0.0,0.0,0.0,0.0,0.0
65,-893886853.0,-1650420656.0,510879867.0,-2043907941.0,1252645004.0,-2115726220.0,1789601992.0,-1019063121.0,-758762451.0,-541241041.0,0.0,0.0,0.0,0.0,0.0,0.0,0.0,0.0,0.0,0.0,0.0,0.0,0.0,0.0,0.0,0.0,0.0,0.0,0.0,0.0,0.0,0.0
62,-712690513.0,-2133398147.0,1121356491.0,-2069884015.0,-886227200.0,249584627.0,676151015.0,1823896375.0,686137840.0,275703194.0,0.0,0.0,0.0,0.0,0.0,0.0,0.0,0.0,0.0,0.0,0.0,0.0,0.0,0.0,0.0,0.0,0.0,0.0,0.0,0.0,0.0,0.0
21,467840794.0,1266837409.0,-2075760911.0,-321135928.0,-1752801824.0,851546367.0,1196740710.0,-407861633.0,1897515356.0,-1460535089.0,-1162801265.0,1872459485.0,-1989981982.0,0.0,0.0,0.0,0.0,0.0,0.0,0.0,0.0,0.0,0.0,0.0,0.0,0.0,0.0,0.0,0.0,0.0,0.0,0.0
95,-1910247953.0,-316615553.0,55994649.0,-531897182.0,1631445709.0,531546348.0,510381398.0,-1388736901.0,1455212528.0,994623452.0,-537878487.0,-1893074219.0,2065214794.0,-83960464.0,240264267.0,-1960531465.0,641067988.0,-1856535471.0,1571741774.0,-1197768669.0,804327425.0,1823973166.0,159122474.0,990301608.0,-414364493.0,-647228827.0,682663635.0,-283519180.0,1402631550.0,1122820350.0,1811153293.0,-2108906667.0
84,315870129.0,-1899763720.0,-806527725.0,1025807520.0,-903334303.0,-894299721.0,790386512.0,1390321395.0,719715596.0,-1703169949.0,-969478480.0,1376809181.0,-235537128.0,0.0,0.0,0.0,0.0,0.0,0.0,0.0,0.0,0.0,0.0,0.0,0.0,0.0,0.0,0.0,0.0,0.0,0.0,0.0
58,-421427496.0,640146180.0,1682460829.0,593905343.0,1343804862.0,0.0,0.0,0.0,0.0,0.0,0.0,0.0,0.0,0.0,0.0,0.0,0.0,0.0,0.0,0.0,0.0,0.0,0.0,0.0,0.0,0.0,0.0,0.0,0.0,0.0,0.0,0.0
64,-1298118372.0,-1027997493.0,887248145.0,92338147.0,1151591651.0,-1271752925.0,1624197060.0,-83379233.0,38059158.0,-1878560678.0,0.0,0.0,0.0,0.0,0.0,0.0,0.0,0.0,0.0,0.0,0.0,0.0,0.0,0.0,0.0,0.0,0.0,0.0,0.0,0.0,0.0,0.0
83,-1447142922.0,1215243783.0,-153057645.0,-563784412.0,787870031.0,-933421151.0,1191656873.0,-1210492447.0,965224386.0,654216691.0,1729538155.0,132436258.0,-1787782815.0,0.0,0.0,0.0,0.0,0.0,0.0,0.0,0.0,0.0,0.0,0.0,0.0,0.0,0.0,0.0,0.0,0.0,0.0,0.0
94,-1354862870.0,2004097394.0,-1216111686.0,765922346.0,-843192156.0,371135851.0,-1323988828.0,-1221903752.0,66892952.0,-51073024.0,-1838653278.0,1322878623.0,-1795671817.0,-765519707.0,919486259.0,-676047940.0,1906144653.0,1299928768.0,-459451332.0,1174192369.0,217682667.0,-354017493.0,-31712789.0,1323282325.0,821011538.0,587647774.0,1819577835.0,1905633850.0,-483886497.0,-243012502.0,-214032967.0,1302834650.0
0,-1522715072.0,931502285.0,1210150841.0,819779892.0,-1039931078.0,43794296.0,497640956.0,-1479635217.0,1817225330.0,1047310391.0,-1212000081.0,1127394753.0,1671979819.0,-167139319.0,504151323.0,-1449484127.0,1007647024.0,-1049183785.0,243064267.0,744323753.0,-1375917233.0,684408486.0,229130120.0,1281638278.0,1522524233.0,-1557305455.0,-1582501211.0,1913033755.0,1691563195.0,2141835189.0,-1864008078.0,0.0
99,1704654119.0,-638719305.0,567458491.0,-1922537816.0,1705014445.0,-1904578578.0,1168973114.0,1371416813.0,190396052.0,-823627275.0,443121348.0,-227734843.0,-113410673.0,-378306476.0,1109042239.0,1901384953.0,-141851330.0,483432030.0,-108773822.0,1548812989.0,-1409333912.0,1115445582.0,-1180050446.0,865602568.0,-1256233470.0,-523204964.0,1011397269.0,283076034.0,-239230285.0,1281022312.0,1143273071.0,56740490.0
96,-818413379.0,2046198737.0,-1630153895.0,-1640958521.0,2080847485.0,-5861858.0,1199177028.0,-630357936.0,-1873533250.0,-922233330.0,-840007015.0,-524343121.0,1357938044.0,-1755479721.0,-1537247255.0,105338740.0,1638620349.0,-317511547.0,-127467082.0,-2016069707.0,527098909.0,-620508714.0,1162798710.0,1878985342.0,-876906836.0,1763421309.0,1216265611.0,-1347529179.0,1358100709.0,-828296099.0,2000630709.0,1425689650.0
67,1190942682.0,-1939169513.0,-862624056.0,982717551.0,1861914158.0,-2030164654.0,676474083.0,-667331833.0,953647960.0,-118375604.0,0.0,0.0,0.0,0.0,0.0,0.0,0.0,0.0,0.0,0.0,0.0,0.0,0.0,0.0,0.0,0.0,0.0,0.0,0.0,0.0,0.0,0.0
61,-1280861830.0,-1540076780.0,-1344251881.0,47499769.0,2005380249.0,1276443904.0,1228117450.0,-685780000.0,104866954.0,1899472882.0,0.0,0.0,0.0,0.0,0.0,0.0,0.0,0.0,0.0,0.0,0.0,0.0,0.0,0.0,0.0,0.0,0.0,0.0,0.0,0.0,0.0,0.0
43,1234192087.0,-802245487.0,1958486704.0,-1090824880.0,-852680318.0,167505598.0,-1366332604.0,-935166364.0,2140413161.0,-1578209557.0,-256009822.0,-517360325.0,1297584331.0,1962670509.0,-1290396058.0,2093535225.0,-1081678710.0,567971215.0,-1413795649.0,-306527931.0,1053755463.0,-1791570693.0,-1047745754.0,-1719738507.0,-460580692.0,0.0,0.0,0.0,0.0,0.0,0.0,0.0
2,26196458.0,1578202944.0,618873660.0,254298725.0,1101378784.0,-189603917.0,-505751188.0,-1427290159.0,1507225044.0,1510413069.0,1520599723.0,-749632971.0,306408198.0,-1079728421.0,696146717.0,-1235156198.0,1078243511.0,2128275514.0,-1188272727.0,63248778.0,-1385535713.0,-1306702030.0,-567250716.0,68809955.0,1330794905.0,-1492678756.0,-1893154315.0,118513306.0,1423227824.0,1198087540.0,2095314084.0,0.0
54,1710942183.0,-1924622555.0,-1761940615.0,-355143450.0,-242181041.0,0.0,0.0,0.0,0.0,0.0,0.0,0.0,0.0,0.0,0.0,0.0,0.0,0.0,0.0,0.0,0.0,0.0,0.0,0.0,0.0,0.0,0.0,0.0,0.0,0.0,0.0,0.0
30,898118882.0,-392058582.0,-111487582.0,-1704943304.0,1148169521.0,944595180.0,1239825116.0,2048850411.0,907988864.0,463198785.0,1332202517.0,1107795449.0,309348626.0,-1652411128.0,515509938.0,-1542235770.0,1804544356.0,-530078551.0,596781457.0,-540262021.0,-1618924753.0,-269284153.0,-257043692.0,2146014751.0,-1585311959.0,1487236312.0,953446750.0,1114626.0,0.0,0.0,0.0,0.0
59,-280523029.0,-1373521935.0,52793159.0,192996714.0,1804017631.0,0.0,0.0,0.0,0.0,0.0,0.0,0.0,0.0,0.0,0.0,0.0,0.0,0.0,0.0,0.0,0.0,0.0,0.0,0.0,0.0,0.0,0.0,0.0,0.0,0.0,0.0,0.0
85,156576915.0,-987460903.0,2129174239.0,33595696.0,318527199.0,756421608.0,-1090471212.0,997964503.0,-280829359.0,1385018936.0,273861957.0,1450054866.0,1121337465.0,0.0,0.0,0.0,0.0,0.0,0.0,0.0,0.0,0.0,0.0,0.0,0.0,0.0,0.0,0.0,0.0,0.0,0.0,0.0
74,-517041586.0,186419391.0,397202507.0,525758947.0,18847923.0,-1012709030.0,-382096481.0,1628409906.0,1633382714.0,-378775525.0,-1934840985.0,-1448244825.0,-1231068758.0,-2094920476.0,-660708342.0,915835454.0,-276192634.0,1101458875.0,2145044654.0,-1814487921.0,0.0,0.0,0.0,0.0,0.0,0.0,0.0,0.0,0.0,0.0,0.0,0.0
90,-1326408263.0,738980014.0,-1951244594.0,-415697605.0,-74874775.0,-588444757.0,-1157879405.0,-1361879965.0,452893778.0,531955079.0,260975903.0,1397204873.0,-1779390353.0,-83206678.0,-1870863543.0,-1373072240.0,-1338872621.0,-1499223524.0,441600079.0,653076776.0,1918848037.0,188266821.0,-410783696.0,1957445074.0,-1051848913.0,917475688.0,-916584625.0,-1402383530.0,-1749611942.0,-488222137.0,-639353926.0,-67139839.0
18,-2046441059.0,-2018846781.0,-720232067.0,1869438163.0,602816208.0,275990601.0,1462704029.0,-303491580.0,0.0,0.0,0.0,0.0,0.0,0.0,0.0,0.0,0.0,0.0,0.0,0.0,0.0,0.0,0.0,0.0,0.0,0.0,0.0,0.0,0.0,0.0,0.0,0.0
52,-721487699.0,-742234847.0,2016359234.0,-874864273.0,-1181673072.0,0.0,0.0,0.0,0.0,0.0,0.0,0.0,0.0,0.0,0.0,0.0,0.0,0.0,0.0,0.0,0.0,0.0,0.0,0.0,0.0,0.0,0.0,0.0,0.0,0.0,0.0,0.0
44,-380689855.0,1179184405.0,-1284477398.0,-446494793.0,-493795130.0,1850558925.0,-1273822619.0,396734087.0,-1543008873.0,-277629873.0,101693744.0,1997549795.0,-2140423539.0,870813008.0,-1560122817.0,-291919347.0,728931523.0,463170072.0,1284204706.0,1190098408.0,-841583358.0,69011371.0,-1286113896.0,-905550602.0,7528331.0,0.0,0.0,0.0,0.0,0.0,0.0,0.0
17,1505771654.0,-506501189.0,196520212.0,1133211988.0,-1475959533.0,-1098273212.0,1814224425.0,-700259928.0,0.0,0.0,0.0,0.0,0.0,0.0,0.0,0.0,0.0,0.0,0.0,0.0,0.0,0.0,0.0,0.0,0.0,0.0,0.0,0.0,0.0,0.0,0.0,0.0
36,1310572123.0,-1089347830.0,914341816.0,-32698500.0,-809598874.0,-1799978858.0,-82445676.0,1676634841.0,-453886630.0,1633218055.0,-117599496.0,1084587866.0,-285451074.0,1190316713.0,-1298790029.0,1337192454.0,240057940.0,-2021313252.0,923910220.0,-700765603.0,-320658600.0,-132252500.0,-393696611.0,-2078859218.0,-1887502716.0,888133957.0,-865187795.0,-1838084803.0,0.0,0.0,0.0,0.0
49,-2042192181.0,452322373.0,1679383495.0,-1912056400.0,-1950624080.0,-1152155171.0,-1987494675.0,2128440271.0,118439591.0,-1676016420.0,1136726223.0,418462121.0,-1197206877.0,-822638500.0,1293228570.0,2028695478.0,-845360421.0,-1533792554.0,903825587.0,584304638.0,911213416.0,2112492329.0,302392012.0,-602631020.0,879594369.0,0.0,0.0,0.0,0.0,0.0,0.0,0.0
86,558118552.0,-1370158167.0,-977200013.0,1454614572.0,-1895120101.0,871859883.0,-496537740.0,-887783857.0,1951680968.0,-110355816.0,339432467.0,986756332.0,1468936352.0,0.0,0.0,0.0,0.0,0.0,0.0,0.0,0.0,0.0,0.0,0.0,0.0,0.0,0.0,0.0,0.0,0.0,0.0,0.0
37,-1118296134.0,-965128893.0,-591586973.0,-1893914401.0,-975789623.0,574148498.0,665718109.0,-922891226.0,-1992592600.0,-1465812389.0,-905522391.0,333938177.0,-280274862.0,-523271855.0,1828139807.0,-601722586.0,291483321.0,-1797239074.0,1007336850.0,1652047303.0,-2010678512.0,-924305881.0,2096785509.0,-687522840.0,-873553190.0,1236324435.0,-1834282639.0,1180297475.0,0.0,0.0,0.0,0.0
56,-1330370502.0,-297204434.0,1730621711.0,-654966707.0,1223404348.0,0.0,0.0,0.0,0.0,0.0,0.0,0.0,0.0,0.0,0.0,0.0,0.0,0.0,0.0,0.0,0.0,0.0,0.0,0.0,0.0,0.0,0.0,0.0,0.0,0.0,0.0,0.0
63,2260655.0,-1620355874.0,-569095981.0,-361027128.0,1063617737.0,612462829.0,-389481299.0,1570675693.0,-398812110.0,-206920831.0,0.0,0.0,0.0,0.0,0.0,0.0,0.0,0.0,0.0,0.0,0.0,0.0,0.0,0.0,0.0,0.0,0.0,0.0,0.0,0.0,0.0,0.0
35,-1642568547.0,97794246.0,-1936906636.0,1546044352.0,1233365276.0,-663155298.0,1341732647.0,-1637068328.0,-1675544639.0,1004903347.0,1621350769.0,1399710564.0,-911175526.0,999943049.0,125943565.0,214597269.0,-796253996.0,-1834316429.0,1872726832.0,-1367515416.0,866952085.0,-1675235069.0,259169114.0,-174414696.0,-1705515461.0,-886078444.0,1822186744.0,-1047862589.0,0.0,0.0,0.0,0.0
97,-1774469290.0,-1229678931.0,-405405172.0,1416377634.0,803723454.0,487905461.0,-685404163.0,188085860.0,-530462008.0,-1205947476.0,-1165968008.0,1905673097.0,-1641497971.0,51091479.0,145349049.0,476869647.0,-378745224.0,-21084545.0,158394118.0,-406413479.0,-933515198.0,1871751944.0,-605066508.0,-169393099.0,452973070.0,-1659470016.0,1572874354.0,664273888.0,-1446055779.0,156705982.0,29087222.0,2105721624.0
75,580649773.0,1452702761.0,-1423508550.0,-1988807773.0,1347344705.0,315485084.0,1231212417.0,576116065.0,-769666920.0,806634216.0,1001346503.0,-671989984.0,1593085924.0,228898414.0,-710129681.0,2051736940.0,-544738409.0,836543546.0,-1415606954.0,2070383016.0,0.0,0.0,0.0,0.0,0.0,0.0,0.0,0.0,0.0,0.0,0.0,0.0
57,-1247102551.0,-2140506678.0,-205005874.0,1813513584.0,-1575164160.0,0.0,0.0,0.0,0.0,0.0,0.0,0.0,0.0,0.0,0.0,0.0,0.0,0.0,0.0,0.0,0.0,0.0,0.0,0.0,0.0,0.0,0.0,0.0,0.0,0.0,0.0,0.0
88,1495832346.0,-268615239.0,228630005.0,-310540762.0,5178881.0,-1056552163.0,1377883861.0,-1876324566.0,-1966319988.0,2039624285.0,136742681.0,-374503162.0,-98044491.0,0.0,0.0,0.0,0.0,0.0,0.0,0.0,0.0,0.0,0.0,0.0,0.0,0.0,0.0,0.0,0.0,0.0,0.0,0.0
10,974837597.0,696701824.0,1685116904.0,-1467770292.0,1555140740.0,390879634.0,1854569959.0,338513502.0,0.0,0.0,0.0,0.0,0.0,0.0,0.0,0.0,0.0,0.0,0.0,0.0,0.0,0.0,0.0,0.0,0.0,0.0,0.0,0.0,0.0,0.0,0.0,0.0
53,1687555656.0,-45332746.0,-1091697956.0,831267406.0,-1262749040.0,0.0,0.0,0.0,0.0,0.0,0.0,0.0,0.0,0.0,0.0,0.0,0.0,0.0,0.0,0.0,0.0,0.0,0.0,0.0,0.0,0.0,0.0,0.0,0.0,0.0,0.0,0.0
8,-407840310.0,-461748762.0,-1002224307.0,-493457714.0,577285169.0,508393291.0,421789835.0,-2027628569.0,646625881.0,-1912496442.0,1907504600.0,-541951776.0,2048079677.0,520989326.0,1924454489.0,416466932.0,-1985420806.0,1404878309.0,213254046.0,1278028548.0,270480450.0,-1370952325.0,336298984.0,-307946655.0,-1726705337.0,147731443.0,1396881457.0,-1824175311.0,-1095372570.0,1471292909.0,-1993629771.0,0.0
39,-915821535.0,1723702033.0,-1912066268.0,-712335845.0,768210867.0,-410891999.0,1934787466.0,1883967638.0,-837413332.0,-283434497.0,989977714.0,-1299321525.0,1390230561.0,-324222752.0,278660270.0,56709134.0,1295576791.0,-902600091.0,22469722.0,-1512746022.0,1348685311.0,-1905049549.0,-142273300.0,-186242627.0,-139738653.0,486443417.0,-1791208577.0,-1018610826.0,0.0,0.0,0.0,0.0
47,-2054102407.0,2006195656.0,828032141.0,-198950531.0,-169180068.0,-1642989543.0,-2028931259.0,-965608681.0,1636432800.0,866388780.0,-62461821.0,1565867803.0,-1413942275.0,-2095786743.0,1449017415.0,-1665794533.0,1887310832.0,1267410562.0,-406500854.0,1144705889.0,1265857900.0,-42033120.0,-554173269.0,719855967.0,1474521266.0,0.0,0.0,0.0,0.0,0.0,0.0,0.0
60,-283637624.0,1891816306.0,1766459898.0,-914939346.0,-1197988918.0,1920829265.0,2043558004.0,-1840309681.0,-458995554.0,-1993919223.0,0.0,0.0,0.0,0.0,0.0,0.0,0.0,0.0,0.0,0.0,0.0,0.0,0.0,0.0,0.0,0.0,0.0,0.0,0.0,0.0,0.0,0.0
89,631232770.0,-1670154698.0,-641502414.0,1188765028.0,887062291.0,-1279661434.0,1290014232.0,-1260536982.0,1996998262.0,781164913.0,-2105505865.0,-1737345406.0,-542042749.0,0.0,0.0,0.0,0.0,0.0,0.0,0.0,0.0,0.0,0.0,0.0,0.0,0.0,0.0,0.0,0.0,0.0,0.0,0.0
51,1422775577.0,1384768180.0,1822416886.0,1496013286.0,-927541772.0,0.0,0.0,0.0,0.0,0.0,0.0,0.0,0.0,0.0,0.0,0.0,0.0,0.0,0.0,0.0,0.0,0.0,0.0,0.0,0.0,0.0,0.0,0.0,0.0,0.0,0.0,0.0
14,-1339917027.0,966293051.0,1319366538.0,-360996861.0,935277126.0,2145385040.0,512533013.0,-1202634889.0,0.0,0.0,0.0,0.0,0.0,0.0,0.0,0.0,0.0,0.0,0.0,0.0,0.0,0.0,0.0,0.0,0.0,0.0,0.0,0.0,0.0,0.0,0.0,0.0
28,-1564033648.0,960037685.0,287009281.0,1331002624.0,796841600.0,-1495356455.0,-84724981.0,233710717.0,1132130454.0,-1052184243.0,406441300.0,-503865350.0,-1585914326.0,0.0,0.0,0.0,0.0,0.0,0.0,0.0,0.0,0.0,0.0,0.0,0.0,0.0,0.0,0.0,0.0,0.0,0.0,0.0
16,-966837696.0,575030086.0,-1125960013.0,412127786.0,1334495567.0,-53682554.0,994149420.0,-2045062881.0,0.0,0.0,0.0,0.0,0.0,0.0,0.0,0.0,0.0,0.0,0.0,0.0,0.0,0.0,0.0,0.0,0.0,0.0,0.0,0.0,0.0,0.0,0.0,0.0
34,-2114940897.0,-1610638998.0,-576684877.0,1371021516.0,1142442644.0,1051253121.0,-1920177265.0,513965015.0,-834406461.0,-275628799.0,707306843.0,25092675.0,-954205860.0,2119262464.0,290538967.0,110332650.0,-1535121812.0,1076104427.0,315215265.0,1813778306.0,-1565773909.0,1375972902.0,-1562312191.0,613673667.0,-844878396.0,5501302.0,-1283648667.0,1590468142.0,0.0,0.0,0.0,0.0
82,-444352727.0,-574062324.0,-988631084.0,-1004586853.0,529245593.0,-763114402.0,455854331.0,1034394602.0,1666615858.0,1298147784.0,1490012965.0,-834056224.0,385964375.0,0.0,0.0,0.0,0.0,0.0,0.0,0.0,0.0,0.0,0.0,0.0,0.0,0.0,0.0,0.0,0.0,0.0,0.0,0.0
46,-1495797402.0,929346431.0,799566326.0,-1045369607.0,-1873855377.0,1993797206.0,1817208528.0,1324527396.0,-812091422.0,1392561277.0,-1202021352.0,-1043658904.0,2050495093.0,-1642820273.0,-2009503641.0,-403061214.0,1422262914.0,-2032500149.0,1077701090.0,-851113861.0,-1309364402.0,1247737168.0,1323296969.0,188388024.0,-586013307.0,0.0,0.0,0.0,0.0,0.0,0.0,0.0
27,-973433152.0,524141846.0,-239313222.0,695572204.0,-2026487020.0,428511346.0,-1976953042.0,555513981.0,671786909.0,540154367.0,113420037.0,-238262202.0,21543154.0,0.0,0.0,0.0,0.0,0.0,0.0,0.0,0.0,0.0,0.0,0.0,0.0,0.0,0.0,0.0,0.0,0.0,0.0,0.0
20,-1855280590.0,2101776461.0,1781576795.0,946001157.0,500124154.0,1662326200.0,-57834543.0,-1072790435.0,1121467434.0,35744699.0,878268264.0,-357893794.0,-1984169405.0,0.0,0.0,0.0,0.0,0.0,0.0,0.0,0.0,0.0,0.0,0.0,0.0,0.0,0.0,0.0,0.0,0.0,0.0,0.0
9,-1451182741.0,-1932939878.0,1455021473.0,734975450.0,791273117.0,196196391.0,1787807697.0,-1143557657.0,-2137613401.0,1495782594.0,474432698.0,-1810462621.0,1558732540.0,984524109.0,56806435.0,-347996566.0,210927171.0,-352755854.0,-1706391200.0,-190975483.0,1680467790.0,731868287.0,-952731864.0,-231660151.0,-1134293984.0,1122830238.0,510958754.0,-84106466.0,-226588854.0,1247752304.0,-2125246823.0,0.0
92,378327009.0,924938979.0,-920131820.0,968462916.0,-889480711.0,-1749576359.0,-122767351.0,275193942.0,1370377306.0,-271623363.0,-1288773988.0,-15449489.0,1948171956.0,-1730588818.0,-1799533708.0,-2109839887.0,1894341649.0,-2096420864.0,2039879838.0,-2039332280.0,-820618220.0,-593706415.0,2132293310.0,-1822993355.0,1229588979.0,-843607135.0,1296332771.0,-1763037206.0,852212853.0,218206654.0,1934204187.0,950330798.0
3,-878393308.0,1760344590.0,-37431399.0,-1999829342.0,-1409863297.0,2104500782.0,504696501.0,1819600315.0,-711079557.0,1279300418.0,449979200.0,-952786903.0,-1444187571.0,-708579650.0,-1872491400.0,757293417.0,-1887464666.0,483454219.0,80271597.0,-2025338398.0,-401752454.0,-1659099985.0,1280288211.0,-454691252.0,-643854179.0,-1661742129.0,1510348163.0,1811622075.0,512809020.0,197360293.0,78606832.0,0.0
98,-405889264.0,-528626061.0,694938247.0,-931525718.0,-212956396.0,507207032.0,181494085.0,1423085419.0,-1373823418.0,1250749015.0,-1934898059.0,-909423952.0,454390696.0,-164244955.0,-848445328.0,-1762128782.0,257680605.0,-658974476.0,-544263055.0,382037562.0,1930421936.0,-996905439.0,-276046932.0,1213724408.0,1571251894.0,-652527701.0,25384270.0,-433215222.0,1338871266.0,1145288455.0,1663429720.0,2055103938.0
29,-918967819.0,-626654708.0,-980790438.0,1237428980.0,273255461.0,2059882287.0,40548875.0,-427108231.0,1909166477.0,-297960820.0,1838160245.0,308173739.0,1342330558.0,0.0,0.0,0.0,0.0,0.0,0.0,0.0,0.0,0.0,0.0,0.0,0.0,0.0,0.0,0.0,0.0,0.0,0.0,0.0
80,1122909772.0,1655998246.0,-855944748.0,-1125039253.0,-433918935.0,378047587.0,-31398063.0,862147336.0,1836586150.0,-1145531642.0,-457626593.0,-982959374.0,217123974.0,0.0,0.0,0.0,0.0,0.0,0.0,0.0,0.0,0.0,0.0,0.0,0.0,0.0,0.0,0.0,0.0,0.0,0.0,0.0
73,436688508.0,519514405.0,1432027802.0,-1271871412.0,1516734900.0,494041688.0,-1165718891.0,-1389527257.0,1521418673.0,769600992.0,1776946900.0,-376067301.0,-1019733801.0,578506209.0,-561847334.0,-482162459.0,-1917104693.0,-2103831431.0,256859843.0,459524327.0,0.0,0.0,0.0,0.0,0.0,0.0,0.0,0.0,0.0,0.0,0.0,0.0
