11,-27887.0,25610.0,-11615.0,-2509.0,15776.0,-8585.0,-30278.0,8785.0,-23632.0,24843.0,0.0,0.0,0.0,0.0,0.0,0.0,0.0,0.0,0.0,0.0,0.0,0.0,0.0,0.0,0.0,0.0,0.0,0.0,0.0,0.0,0.0,0.0
19,-30419.0,-22925.0,-7102.0,17621.0,-32554.0,15874.0,11226.0,696.0,-21238.0,-18126.0,-3537.0,-13768.0,0.0,0.0,0.0,0.0,0.0,0.0,0.0,0.0,0.0,0.0,0.0,0.0,0.0,0.0,0.0,0.0,0.0,0.0,0.0,0.0
12,-11868.0,31651.0,-29564.0,6669.0,-7790.0,-10567.0,3142.0,-10338.0,17758.0,9981.0,20471.0,24100.0,-24817.0,26458.0,-31547.0,-20672.0,-8436.0,-4057.0,9715.0,-20994.0,8819.0,-2882.0,16634.0,11578.0,31296.0,28607.0,31752.0,11478.0,25555.0,-28175.0,0.0,0.0
38,-26778.0,-24129.0,-16955.0,15859.0,-1548.0,-14388.0,25131.0,4306.0,-13218.0,13517.0,6491.0,20199.0,3981.0,19615.0,-11565.0,0.0,0.0,0.0,0.0,0.0,0.0,0.0,0.0,0.0,0.0,0.0,0.0,0.0,0.0,0.0,0.0,0.0
81,-4603.0,-21000.0,10437.0,-29450.0,28379.0,-7828.0,-21813.0,26037.0,5077.0,-26438.0,0.0,0.0,0.0,0.0,0.0,0.0,0.0,0.0,0.0,0.0,0.0,0.0,0.0,0.0,0.0,0.0,0.0,0.0,0.0,0.0,0.0,0.0
5,12373.0,14950.0,-4254.0,-8794.0,-8464.0,-17014.0,27795.0,0.0,0.0,0.0,0.0,0.0,0.0,0.0,0.0,0.0,0.0,0.0,0.0,0.0,0.0,0.0,0.0,0.0,0.0,0.0,0.0,0.0,0.0,0.0,0.0,0.0
40,-14294.0,-13193.0,4942.0,-4608.0,-28703.0,0.0,0.0,0.0,0.0,0.0,0.0,0.0,0.0,0.0,0.0,0.0,0.0,0.0,0.0,0.0,0.0,0.0,0.0,0.0,0.0,0.0,0.0,0.0,0.0,0.0,0.0,0.0
70,-27927.0,2328.0,31394.0,7353.0,-2171.0,0.0,0.0,0.0,0.0,0.0,0.0,0.0,0.0,0.0,0.0,0.0,0.0,0.0,0.0,0.0,0.0,0.0,0.0,0.0,0.0,0.0,0.0,0.0,0.0,0.0,0.0,0.0
23,28459.0,1159.0,1875.0,9796.0,-996.0,-31724.0,-24707.0,-5636.0,-9579.0,0.0,0.0,0.0,0.0,0.0,0.0,0.0,0.0,0.0,0.0,0.0,0.0,0.0,0.0,0.0,0.0,0.0,0.0,0.0,0.0,0.0,0.0,0.0
72,4134.0,3034.0,16970.0,-26104.0,14266.0,14577.0,10112.0,7459.0,-6942.0,-17251.0,-28603.0,14073.0,-28529.0,-10573.0,-312.0,-1389.0,-19929.0,-26232.0,6195.0,6305.0,-32013.0,-19476.0,-19655.0,22728.0,19313.0,-1709.0,-24518.0,12507.0,16419.0,-1089.0,0.0,0.0
79,23468.0,27780.0,18315.0,11511.0,8539.0,-7854.0,10654.0,-31813.0,-3465.0,25687.0,-20274.0,6881.0,0.0,0.0,0.0,0.0,0.0,0.0,0.0,0.0,0.0,0.0,0.0,0.0,0.0,0.0,0.0,0.0,0.0,0.0,0.0,0.0
78,-21398.0,28789.0,4186.0,-23663.0,-14122.0,12550.0,-13843.0,-4766.0,27703.0,-1748.0,31626.0,-5586.0,-14254.0,-31946.0,21334.0,0.0,0.0,0.0,0.0,0.0,0.0,0.0,0.0,0.0,0.0,0.0,0.0,0.0,0.0,0.0,0.0,0.0
87,27969.0,15784.0,0.0,0.0,0.0,0.0,0.0,0.0,0.0,0.0,0.0,0.0,0.0,0.0,0.0,0.0,0.0,0.0,0.0,0.0,0.0,0.0,0.0,0.0,0.0,0.0,0.0,0.0,0.0,0.0,0.0,0.0
6,17172.0,-24436.0,8978.0,-16119.0,24774.0,9474.0,-18950.0,-18184.0,4320.0,-3591.0,25650.0,13269.0,23700.0,-4483.0,-3850.0,4038.0,-16053.0,-3625.0,31830.0,-31419.0,23261.0,-13964.0,-22989.0,-20219.0,-10233.0,26714.0,0.0,0.0,0.0,0.0,0.0,0.0
68,-10399.0,-13118.0,-4237.0,32002.0,-21314.0,-17945.0,-30317.0,-12548.0,-26414.0,25172.0,-30548.0,2905.0,-12953.0,29934.0,11928.0,0.0,0.0,0.0,0.0,0.0,0.0,0.0,0.0,0.0,0.0,0.0,0.0,0.0,0.0,0.0,0.0,0.0
69,-19041.0,-22911.0,31027.0,-9832.0,6540.0,27629.0,11717.0,29906.0,-253.0,30296.0,-8521.0,-30696.0,0.0,0.0,0.0,0.0,0.0,0.0,0.0,0.0,0.0,0.0,0.0,0.0,0.0,0.0,0.0,0.0,0.0,0.0,0.0,0.0
1,-19830.0,5625.0,-1007.0,28995.0,1924.0,31545.0,-19193.0,6001.0,-8256.0,27873.0,0.0,0.0,0.0,0.0,0.0,0.0,0.0,0.0,0.0,0.0,0.0,0.0,0.0,0.0,0.0,0.0,0.0,0.0,0.0,0.0,0.0,0.0
45,13022.0,-16301.0,-4276.0,15089.0,20950.0,542.0,16248.0,0.0,0.0,0.0,0.0,0.0,0.0,0.0,0.0,0.0,0.0,0.0,0.0,0.0,0.0,0.0,0.0,0.0,0.0,0.0,0.0,0.0,0.0,0.0,0.0,0.0
33,27360.0,12230.0,32035.0,24928.0,25386.0,-28497.0,-18958.0,7192.0,-5530.0,0.0,0.0,0.0,0.0,0.0,0.0,0.0,0.0,0.0,0.0,0.0,0.0,0.0,0.0,0.0,0.0,0.0,0.0,0.0,0.0,0.0,0.0,0.0
15,-28988.0,7325.0,-6176.0,12413.0,16084.0,10993.0,32133.0,0.0,0.0,0.0,0.0,0.0,0.0,0.0,0.0,0.0,0.0,0.0,0.0,0.0,0.0,0.0,0.0,0.0,0.0,0.0,0.0,0.0,0.0,0.0,0.0,0.0
93,-30379.0,19536.0,-25580.0,-9190.0,-7070.0,20711.0,-18031.0,21468.0,-20770.0,0.0,0.0,0.0,0.0,0.0,0.0,0.0,0.0,0.0,0.0,0.0,0.0,0.0,0.0,0.0,0.0,0.0,0.0,0.0,0.0,0.0,0.0,0.0
24,1059.0,-13209.0,-16457.0,-22616.0,-12336.0,18777.0,-6204.0,27431.0,-16575.0,-27096.0,29226.0,2647.0,-25869.0,-19887.0,29949.0,-12217.0,10317.0,-1693.0,-26782.0,16518.0,2186.0,-16445.0,0.0,0.0,0.0,0.0,0.0,0.0,0.0,0.0,0.0,0.0
25,14924.0,18929.0,-15518.0,24080.0,-13396.0,4664.0,-28362.0,0.0,0.0,0.0,0.0,0.0,0.0,0.0,0.0,0.0,0.0,0.0,0.0,0.0,0.0,0.0,0.0,0.0,0.0,0.0,0.0,0.0,0.0,0.0,0.0,0.0
26,21522.0,9694.0,-1869.0,-21405.0,20719.0,29257.0,-5089.0,-8271.0,22709.0,29784.0,-5492.0,-19039.0,-29887.0,-25171.0,22517.0,-22439.0,11560.0,21639.0,-20347.0,30888.0,-25484.0,11481.0,1090.0,-11871.0,23519.0,20586.0,0.0,0.0,0.0,0.0,0.0,0.0
48,28565.0,-31039.0,-19056.0,11769.0,-7578.0,14605.0,15773.0,17741.0,-20561.0,-8332.0,6249.0,-32165.0,23567.0,24497.0,-11201.0,0.0,0.0,0.0,0.0,0.0,0.0,0.0,0.0,0.0,0.0,0.0,0.0,0.0,0.0,0.0,0.0,0.0
71,15016.0,-13297.0,-32580.0,-32583.0,20214.0,-26716.0,19562.0,-12112.0,-22165.0,-13796.0,0.0,0.0,0.0,0.0,0.0,0.0,0.0,0.0,0.0,0.0,0.0,0.0,0.0,0.0,0.0,0.0,0.0,0.0,0.0,0.0,0.0,0.0
76,20792.0,1185.0,9621.0,27035.0,-27998.0,397.0,-18004.0,-18819.0,-17328.0,11274.0,-23476.0,-21298.0,12719.0,26570.0,15386.0,22028.0,-2995.0,-3886.0,19705.0,1107.0,5892.0,21935.0,-12885.0,-13420.0,20512.0,27762.0,0.0,0.0,0.0,0.0,0.0,0.0
7,-20799.0,-4182.0,0.0,0.0,0.0,0.0,0.0,0.0,0.0,0.0,0.0,0.0,0.0,0.0,0.0,0.0,0.0,0.0,0.0,0.0,0.0,0.0,0.0,0.0,0.0,0.0,0.0,0.0,0.0,0.0,0.0,0.0
50,10915.0,5797.0,5675.0,27267.0,13238.0,0.0,0.0,0.0,0.0,0.0,0.0,0.0,0.0,0.0,0.0,0.0,0.0,0.0,0.0,0.0,0.0,0.0,0.0,0.0,0.0,0.0,0.0,0.0,0.0,0.0,0.0,0.0
22,-19900.0,-6498.0,-4050.0,17348.0,6526.0,26445.0,14607.0,-18883.0,15615.0,-27818.0,-21226.0,18795.0,457.0,27592.0,-3817.0,-5221.0,-8749.0,-5138.0,18227.0,16443.0,16396.0,2515.0,-27846.0,-20534.0,21332.0,17298.0,-8632.0,-6879.0,-24813.0,-7291.0,0.0,0.0
4,-9254.0,28592.0,-1112.0,-20712.0,16070.0,-29721.0,-5339.0,28372.0,-9701.0,29387.0,9059.0,-2671.0,8363.0,1969.0,-4737.0,19244.0,-31411.0,-13202.0,-15304.0,-7120.0,12116.0,26004.0,0.0,0.0,0.0,0.0,0.0,0.0,0.0,0.0,0.0,0.0
32,633.0,-19740.0,-12986.0,8378.0,-7472.0,28805.0,10316.0,17509.0,9788.0,12963.0,-28810.0,4245.0,-15772.0,-16516.0,-5532.0,3636.0,-9532.0,-6193.0,30355.0,27084.0,-10761.0,-3108.0,25852.0,-11694.0,-17034.0,30155.0,8524.0,9908.0,7033.0,-18843.0,0.0,0.0
77,-14509.0,28828.0,0.0,0.0,0.0,0.0,0.0,0.0,0.0,0.0,0.0,0.0,0.0,0.0,0.0,0.0,0.0,0.0,0.0,0.0,0.0,0.0,0.0,0.0,0.0,0.0,0.0,0.0,0.0,0.0,0.0,0.0
91,-24680.0,4913.0,1135.0,12205.0,440.0,7604.0,8892.0,29248.0,31641.0,16919.0,0.0,0.0,0.0,0.0,0.0,0.0,0.0,0.0,0.0,0.0,0.0,0.0,0.0,0.0,0.0,0.0,0.0,0.0,0.0,0.0,0.0,0.0
42,2658.0,-25202.0,-4775.0,-24995.0,-16391.0,14329.0,9423.0,-32016.0,-25210.0,-6840.0,-9463.0,-32159.0,-4358.0,-17586.0,-26762.0,17515.0,12889.0,18526.0,-3858.0,16107.0,-5205.0,-7559.0,-13856.0,-8277.0,10602.0,-28878.0,-4225.0,-23636.0,17470.0,-2780.0,0.0,0.0
13,3404.0,12593.0,30426.0,23805.0,17638.0,-30899.0,30870.0,-17163.0,-26473.0,0.0,0.0,0.0,0.0,0.0,0.0,0.0,0.0,0.0,0.0,0.0,0.0,0.0,0.0,0.0,0.0,0.0,0.0,0.0,0.0,0.0,0.0,0.0
41,-10437.0,18465.0,29077.0,-29148.0,7558.0,25006.0,-32449.0,-26952.0,12901.0,14508.0,0.0,0.0,0.0,0.0,0.0,0.0,0.0,0.0,0.0,0.0,0.0,0.0,0.0,0.0,0.0,0.0,0.0,0.0,0.0,0.0,0.0,0.0
55,-23057.0,19108.0,15966.0,28044.0,-14344.0,15196.0,7040.0,0.0,0.0,0.0,0.0,0.0,0.0,0.0,0.0,0.0,0.0,0.0,0.0,0.0,0.0,0.0,0.0,0.0,0.0,0.0,0.0,0.0,0.0,0.0,0.0,0.0
31,-28514.0,-21107.0,12667.0,9252.0,-22233.0,-32326.0,12092.0,20909.0,30710.0,8178.0,0.0,0.0,0.0,0.0,0.0,0.0,0.0,0.0,0.0,0.0,0.0,0.0,0.0,0.0,0.0,0.0,0.0,0.0,0.0,0.0,0.0,0.0
66,-21850.0,12972.0,-11812.0,14497.0,14091.0,-19531.0,-1688.0,-2758.0,14678.0,20519.0,-32454.0,-26798.0,24955.0,4132.0,16601.0,23332.0,-5063.0,-32156.0,5515.0,30634.0,15167.0,-29587.0,4006.0,25579.0,26022.0,26249.0,0.0,0.0,0.0,0.0,0.0,0.0
65,-31817.0,23661.0,-853.0,8851.0,23299.0,-12267.0,-29594.0,0.0,0.0,0.0,0.0,0.0,0.0,0.0,0.0,0.0,0.0,0.0,0.0,0.0,0.0,0.0,0.0,0.0,0.0,0.0,0.0,0.0,0.0,0.0,0.0,0.0
62,31026.0,-6578.0,-7006.0,-8751.0,-9412.0,11106.0,-10520.0,-20991.0,-13668.0,-8619.0,3641.0,3823.0,-7090.0,15310.0,-24920.0,8151.0,-17644.0,13337.0,-28870.0,-31527.0,12056.0,13704.0,13058.0,-28861.0,-30870.0,24423.0,-15036.0,-5388.0,31621.0,25149.0,0.0,0.0
21,6625.0,-4038.0,-10825.0,-20657.0,-9216.0,20786.0,18698.0,-20074.0,4195.0,26337.0,0.0,0.0,0.0,0.0,0.0,0.0,0.0,0.0,0.0,0.0,0.0,0.0,0.0,0.0,0.0,0.0,0.0,0.0,0.0,0.0,0.0,0.0
95,21378.0,-10762.0,-9407.0,5207.0,-14585.0,-955.0,16756.0,0.0,0.0,0.0,0.0,0.0,0.0,0.0,0.0,0.0,0.0,0.0,0.0,0.0,0.0,0.0,0.0,0.0,0.0,0.0,0.0,0.0,0.0,0.0,0.0,0.0
84,-15456.0,-28329.0,28772.0,-16886.0,-24717.0,-29606.0,21901.0,-233.0,29472.0,26344.0,4802.0,-13868.0,5117.0,8533.0,18589.0,19686.0,-14411.0,-3174.0,16076.0,-2001.0,3235.0,-26704.0,0.0,0.0,0.0,0.0,0.0,0.0,0.0,0.0,0.0,0.0
58,32256.0,-6682.0,-26996.0,19266.0,19533.0,8918.0,-32185.0,-15905.0,-15985.0,15331.0,-20778.0,-19973.0,3309.0,-11191.0,1724.0,0.0,0.0,0.0,0.0,0.0,0.0,0.0,0.0,0.0,0.0,0.0,0.0,0.0,0.0,0.0,0.0,0.0
64,-22379.0,-12002.0,12007.0,21340.0,-17577.0,-18684.0,20078.0,-21882.0,12575.0,-25603.0,-18287.0,12690.0,-29807.0,-11653.0,-18004.0,-14658.0,24751.0,5627.0,-18056.0,-17837.0,-22880.0,-14302.0,0.0,0.0,0.0,0.0,0.0,0.0,0.0,0.0,0.0,0.0
83,-22068.0,8841.0,-26713.0,-26312.0,-15168.0,22624.0,-13921.0,-14125.0,-28009.0,0.0,0.0,0.0,0.0,0.0,0.0,0.0,0.0,0.0,0.0,0.0,0.0,0.0,0.0,0.0,0.0,0.0,0.0,0.0,0.0,0.0,0.0,0.0
94,-7178.0,26533.0,15399.0,12220.0,21372.0,19363.0,1646.0,32368.0,-19527.0,18124.0,-8762.0,3299.0,13816.0,19271.0,-10901.0,-19091.0,-11659.0,1292.0,-2620.0,-21311.0,-23204.0,15161.0,0.0,0.0,0.0,0.0,0.0,0.0,0.0,0.0,0.0,0.0
0,121.0,27311.0,-25617.0,-12660.0,25637.0,0.0,0.0,0.0,0.0,0.0,0.0,0.0,0.0,0.0,0.0,0.0,0.0,0.0,0.0,0.0,0.0,0.0,0.0,0.0,0.0,0.0,0.0,0.0,0.0,0.0,0.0,0.0
99,15307.0,7674.0,-1888.0,-24756.0,3924.0,7663.0,10485.0,-14189.0,-24212.0,-14487.0,-22431.0,-20827.0,0.0,0.0,0.0,0.0,0.0,0.0,0.0,0.0,0.0,0.0,0.0,0.0,0.0,0.0,0.0,0.0,0.0,0.0,0.0,0.0
96,16130.0,-7592.0,25485.0,25335.0,-25480.0,7677.0,-28076.0,26651.0,-27343.0,-20744.0,-9205.0,17811.0,1055.0,-5388.0,-29672.0,-11177.0,7452.0,14713.0,-8365.0,-3659.0,24624.0,8422.0,-20837.0,-1679.0,24730.0,1972.0,0.0,0.0,0.0,0.0,0.0,0.0
67,-26595.0,-32427.0,0.0,0.0,0.0,0.0,0.0,0.0,0.0,0.0,0.0,0.0,0.0,0.0,0.0,0.0,0.0,0.0,0.0,0.0,0.0,0.0,0.0,0.0,0.0,0.0,0.0,0.0,0.0,0.0,0.0,0.0
61,-12630.0,32582.0,-6703.0,-12252.0,5616.0,32457.0,19729.0,16214.0,-10138.0,3260.0,0.0,0.0,0.0,0.0,0.0,0.0,0.0,0.0,0.0,0.0,0.0,0.0,0.0,0.0,0.0,0.0,0.0,0.0,0.0,0.0,0.0,0.0
43,8722.0,306.0,9254.0,3251.0,-14563.0,-12819.0,4091.0,31861.0,32164.0,0.0,0.0,0.0,0.0,0.0,0.0,0.0,0.0,0.0,0.0,0.0,0.0,0.0,0.0,0.0,0.0,0.0,0.0,0.0,0.0,0.0,0.0,0.0
2,2767.0,21668.0,246.0,-25670.0,-24139.0,22585.0,-26046.0,15611.0,26603.0,6541.0,24738.0,-30381.0,3224.0,-1386.0,-10472.0,-12923.0,-27079.0,6325.0,-24672.0,22380.0,-7359.0,-2678.0,9867.0,20627.0,-17621.0,-27864.0,-1386.0,-25848.0,22185.0,-28697.0,0.0,0.0
54,-292.0,14560.0,31426.0,22529.0,-22770.0,-11553.0,13080.0,-8199.0,-20627.0,-9696.0,11247.0,6102.0,29757.0,1939.0,-20958.0,31687.0,-30264.0,16827.0,-26819.0,-16104.0,-18509.0,6680.0,0.0,0.0,0.0,0.0,0.0,0.0,0.0,0.0,0.0,0.0
30,-28178.0,-10916.0,-25349.0,28333.0,-21606.0,0.0,0.0,0.0,0.0,0.0,0.0,0.0,0.0,0.0,0.0,0.0,0.0,0.0,0.0,0.0,0.0,0.0,0.0,0.0,0.0,0.0,0.0,0.0,0.0,0.0,0.0,0.0
59,17067.0,-5295.0,5328.0,-10340.0,1633.0,-10817.0,-4083.0,1671.0,-1994.0,-13319.0,3810.0,28270.0,0.0,0.0,0.0,0.0,0.0,0.0,0.0,0.0,0.0,0.0,0.0,0.0,0.0,0.0,0.0,0.0,0.0,0.0,0.0,0.0
85,30533.0,24208.0,16616.0,9643.0,-5271.0,-9928.0,31392.0,0.0,0.0,0.0,0.0,0.0,0.0,0.0,0.0,0.0,0.0,0.0,0.0,0.0,0.0,0.0,0.0,0.0,0.0,0.0,0.0,0.0,0.0,0.0,0.0,0.0
74,10186.0,22326.0,-22851.0,-30939.0,-14099.0,8462.0,-14801.0,-424.0,14145.0,-31430.0,-18465.0,-30445.0,7921.0,-20365.0,14496.0,15910.0,15843.0,6148.0,-28709.0,-23501.0,-9468.0,-17182.0,0.0,0.0,0.0,0.0,0.0,0.0,0.0,0.0,0.0,0.0
90,-8841.0,-27245.0,27209.0,28818.0,-26238.0,0.0,0.0,0.0,0.0,0.0,0.0,0.0,0.0,0.0,0.0,0.0,0.0,0.0,0.0,0.0,0.0,0.0,0.0,0.0,0.0,0.0,0.0,0.0,0.0,0.0,0.0,0.0
18,24098.0,5217.0,-29644.0,18975.0,14346.0,-21483.0,3701.0,-5077.0,-26810.0,26809.0,-23902.0,-24457.0,-31346.0,21278.0,28882.0,0.0,0.0,0.0,0.0,0.0,0.0,0.0,0.0,0.0,0.0,0.0,0.0,0.0,0.0,0.0,0.0,0.0
52,22036.0,32345.0,-27253.0,-7106.0,-15041.0,-7616.0,-17956.0,28819.0,17380.0,30166.0,23083.0,-4577.0,-6425.0,25958.0,3632.0,24067.0,32092.0,20779.0,-18536.0,22987.0,-21512.0,31486.0,4947.0,-26457.0,24068.0,15002.0,4044.0,-16738.0,-2440.0,-22017.0,0.0,0.0
44,17671.0,-12566.0,-22949.0,21512.0,-20201.0,1618.0,1557.0,12524.0,4780.0,23810.0,-30908.0,-26796.0,11517.0,8490.0,-7586.0,30619.0,-13590.0,-9921.0,2877.0,-32014.0,23039.0,19530.0,0.0,0.0,0.0,0.0,0.0,0.0,0.0,0.0,0.0,0.0
17,-13388.0,1955.0,0.0,0.0,0.0,0.0,0.0,0.0,0.0,0.0,0.0,0.0,0.0,0.0,0.0,0.0,0.0,0.0,0.0,0.0,0.0,0.0,0.0,0.0,0.0,0.0,0.0,0.0,0.0,0.0,0.0,0.0
36,-555.0,31386.0,-19099.0,-3636.0,28632.0,-29739.0,-10638.0,11752.0,-13214.0,-15050.0,28519.0,-2123.0,-19117.0,-16150.0,-23002.0,20774.0,6994.0,-23753.0,974.0,15288.0,-9048.0,8378.0,26901.0,3529.0,-14312.0,25616.0,0.0,0.0,0.0,0.0,0.0,0.0
49,-7213.0,7647.0,32653.0,-13490.0,12900.0,-5921.0,-12278.0,-3373.0,-30602.0,-21009.0,21713.0,3910.0,0.0,0.0,0.0,0.0,0.0,0.0,0.0,0.0,0.0,0.0,0.0,0.0,0.0,0.0,0.0,0.0,0.0,0.0,0.0,0.0
86,15996.0,619.0,-8290.0,-28553.0,4643.0,15543.0,-28881.0,17396.0,-24696.0,-7962.0,17472.0,-684.0,4935.0,29395.0,-8724.0,-28700.0,-24966.0,12969.0,31632.0,26914.0,-10577.0,-23996.0,27117.0,-4959.0,18080.0,31339.0,0.0,0.0,0.0,0.0,0.0,0.0
37,-31856.0,-23257.0,0.0,0.0,0.0,0.0,0.0,0.0,0.0,0.0,0.0,0.0,0.0,0.0,0.0,0.0,0.0,0.0,0.0,0.0,0.0,0.0,0.0,0.0,0.0,0.0,0.0,0.0,0.0,0.0,0.0,0.0
56,-29190.0,-20181.0,14144.0,26366.0,-26918.0,26644.0,4724.0,-7807.0,-28021.0,22011.0,22616.0,11989.0,18813.0,-24915.0,-5394.0,-21708.0,3730.0,-19714.0,-21137.0,2039.0,20882.0,4236.0,28248.0,3713.0,-24621.0,8589.0,0.0,0.0,0.0,0.0,0.0,0.0
63,-2277.0,-11098.0,-27252.0,-6600.0,9004.0,-17382.0,-28070.0,-7435.0,-28216.0,0.0,0.0,0.0,0.0,0.0,0.0,0.0,0.0,0.0,0.0,0.0,0.0,0.0,0.0,0.0,0.0,0.0,0.0,0.0,0.0,0.0,0.0,0.0
35,-18886.0,15602.0,19530.0,3472.0,-7175.0,-30115.0,-20824.0,0.0,0.0,0.0,0.0,0.0,0.0,0.0,0.0,0.0,0.0,0.0,0.0,0.0,0.0,0.0,0.0,0.0,0.0,0.0,0.0,0.0,0.0,0.0,0.0,0.0
97,-3602.0,23180.0,0.0,0.0,0.0,0.0,0.0,0.0,0.0,0.0,0.0,0.0,0.0,0.0,0.0,0.0,0.0,0.0,0.0,0.0,0.0,0.0,0.0,0.0,0.0,0.0,0.0,0.0,0.0,0.0,0.0,0.0
75,27714.0,9828.0,-31714.0,-30627.0,13845.0,5360.0,12274.0,0.0,0.0,0.0,0.0,0.0,0.0,0.0,0.0,0.0,0.0,0.0,0.0,0.0,0.0,0.0,0.0,0.0,0.0,0.0,0.0,0.0,0.0,0.0,0.0,0.0
57,-26877.0,-10262.0,0.0,0.0,0.0,0.0,0.0,0.0,0.0,0.0,0.0,0.0,0.0,0.0,0.0,0.0,0.0,0.0,0.0,0.0,0.0,0.0,0.0,0.0,0.0,0.0,0.0,0.0,0.0,0.0,0.0,0.0
88,-16846.0,31125.0,30677.0,26809.0,21132.0,132.0,-27455.0,-17431.0,-30765.0,-4627.0,-31941.0,-20698.0,265.0,-17637.0,28134.0,0.0,0.0,0.0,0.0,0.0,0.0,0.0,0.0,0.0,0.0,0.0,0.0,0.0,0.0,0.0,0.0,0.0
10,25465.0,-25291.0,-25740.0,482.0,-1136.0,0.0,0.0,0.0,0.0,0.0,0.0,0.0,0.0,0.0,0.0,0.0,0.0,0.0,0.0,0.0,0.0,0.0,0.0,0.0,0.0,0.0,0.0,0.0,0.0,0.0,0.0,0.0
53,-9166.0,-3988.0,20484.0,-31149.0,-27733.0,1572.0,29157.0,10139.0,32174.0,0.0,0.0,0.0,0.0,0.0,0.0,0.0,0.0,0.0,0.0,0.0,0.0,0.0,0.0,0.0,0.0,0.0,0.0,0.0,0.0,0.0,0.0,0.0
8,3200.0,-9938.0,9270.0,16369.0,5531.0,27470.0,-16963.0,-19847.0,9190.0,-28605.0,-29180.0,25381.0,-12222.0,11273.0,-15331.0,0.0,0.0,0.0,0.0,0.0,0.0,0.0,0.0,0.0,0.0,0.0,0.0,0.0,0.0,0.0,0.0,0.0
39,-4025.0,-23343.0,11501.0,-27251.0,15613.0,-7226.0,5551.0,4335.0,26631.0,6992.0,-11100.0,9758.0,0.0,0.0,0.0,0.0,0.0,0.0,0.0,0.0,0.0,0.0,0.0,0.0,0.0,0.0,0.0,0.0,0.0,0.0,0.0,0.0
47,-5163.0,10075.0,0.0,0.0,0.0,0.0,0.0,0.0,0.0,0.0,0.0,0.0,0.0,0.0,0.0,0.0,0.0,0.0,0.0,0.0,0.0,0.0,0.0,0.0,0.0,0.0,0.0,0.0,0.0,0.0,0.0,0.0
60,-31623.0,-4173.0,18283.0,-26021.0,-6061.0,0.0,0.0,0.0,0.0,0.0,0.0,0.0,0.0,0.0,0.0,0.0,0.0,0.0,0.0,0.0,0.0,0.0,0.0,0.0,0.0,0.0,0.0,0.0,0.0,0.0,0.0,0.0
89,15017.0,14126.0,-32067.0,16910.0,26004.0,7997.0,-28107.0,16107.0,15857.0,14469.0,-23258.0,-27681.0,0.0,0.0,0.0,0.0,0.0,0.0,0.0,0.0,0.0,0.0,0.0,0.0,0.0,0.0,0.0,0.0,0.0,0.0,0.0,0.0
51,-14558.0,-12706.0,-23042.0,11133.0,-28159.0,595.0,3780.0,9860.0,-8009.0,-6857.0,0.0,0.0,0.0,0.0,0.0,0.0,0.0,0.0,0.0,0.0,0.0,0.0,0.0,0.0,0.0,0.0,0.0,0.0,0.0,0.0,0.0,0.0
14,-1600.0,-13144.0,31717.0,-21718.0,4876.0,-19881.0,-27260.0,-286.0,11801.0,32074.0,26624.0,1079.0,-25992.0,28370.0,-16121.0,13638.0,10804.0,9236.0,-16187.0,2379.0,-14035.0,-4548.0,0.0,0.0,0.0,0.0,0.0,0.0,0.0,0.0,0.0,0.0
28,-25310.0,14608.0,15823.0,26143.0,28988.0,29502.0,-32695.0,-19722.0,-24693.0,-29434.0,30105.0,16283.0,-2887.0,18093.0,-16421.0,0.0,0.0,0.0,0.0,0.0,0.0,0.0,0.0,0.0,0.0,0.0,0.0,0.0,0.0,0.0,0.0,0.0
16,-4500.0,-19736.0,4305.0,28913.0,-30923.0,6813.0,-3926.0,20486.0,17239.0,-11370.0,-11115.0,-21726.0,-7709.0,-25294.0,-9334.0,-4290.0,-7463.0,-31837.0,-24507.0,-11099.0,12395.0,25750.0,-2200.0,23226.0,25181.0,15829.0,0.0,0.0,0.0,0.0,0.0,0.0
34,-5568.0,-14833.0,-8902.0,21618.0,2030.0,4233.0,-3877.0,9337.0,23846.0,17088.0,-23.0,-6693.0,15060.0,-8572.0,2136.0,18971.0,-24057.0,4089.0,-2760.0,-31074.0,32348.0,16406.0,0.0,0.0,0.0,0.0,0.0,0.0,0.0,0.0,0.0,0.0
82,-8395.0,-7139.0,3643.0,-13329.0,-8054.0,28052.0,13907.0,-8321.0,12535.0,-30259.0,16085.0,23515.0,-27567.0,-12274.0,30708.0,2523.0,-15278.0,13594.0,20315.0,-29648.0,20222.0,6788.0,-24115.0,11053.0,-24474.0,-24173.0,-9310.0,-13355.0,32408.0,-22397.0,0.0,0.0
46,31032.0,3555.0,-16279.0,13014.0,-13138.0,409.0,-7748.0,-30111.0,-16032.0,-20180.0,-29117.0,-12747.0,-30969.0,20659.0,-16613.0,-12793.0,-13364.0,11787.0,-369.0,-1740.0,27004.0,-25782.0,25502.0,30062.0,10744.0,2117.0,0.0,0.0,0.0,0.0,0.0,0.0
27,13340.0,-1343.0,0.0,0.0,0.0,0.0,0.0,0.0,0.0,0.0,0.0,0.0,0.0,0.0,0.0,0.0,0.0,0.0,0.0,0.0,0.0,0.0,0.0,0.0,0.0,0.0,0.0,0.0,0.0,0.0,0.0,0.0
20,22499.0,10132.0,-26380.0,-31664.0,14368.0,0.0,0.0,0.0,0.0,0.0,0.0,0.0,0.0,0.0,0.0,0.0,0.0,0.0,0.0,0.0,0.0,0.0,0.0,0.0,0.0,0.0,0.0,0.0,0.0,0.0,0.0,0.0
9,-866.0,26270.0,16867.0,12578.0,-24103.0,15513.0,7321.0,-13059.0,-14689.0,10974.0,-22400.0,-29102.0,0.0,0.0,0.0,0.0,0.0,0.0,0.0,0.0,0.0,0.0,0.0,0.0,0.0,0.0,0.0,0.0,0.0,0.0,0.0,0.0
92,21683.0,10670.0,84.0,31358.0,-29800.0,626.0,19419.0,-20040.0,11589.0,-8014.0,9405.0,4660.0,-26867.0,-26933.0,-4742.0,20089.0,-11113.0,-28603.0,-17779.0,1231.0,-26562.0,-7028.0,-21805.0,-22624.0,-6909.0,-21193.0,-12597.0,-5293.0,-16409.0,24115.0,0.0,0.0
3,-14022.0,14822.0,-8934.0,31500.0,12311.0,8608.0,20713.0,26737.0,-29001.0,0.0,0.0,0.0,0.0,0.0,0.0,0.0,0.0,0.0,0.0,0.0,0.0,0.0,0.0,0.0,0.0,0.0,0.0,0.0,0.0,0.0,0.0,0.0
98,341.0,21886.0,-15875.0,-7582.0,10274.0,-18885.0,26021.0,-14743.0,6572.0,14255.0,25678.0,-6834.0,-20175.0,-19323.0,-32389.0,0.0,0.0,0.0,0.0,0.0,0.0,0.0,0.0,0.0,0.0,0.0,0.0,0.0,0.0,0.0,0.0,0.0
29,8686.0,-31256.0,-5723.0,-29428.0,-18182.0,-16949.0,31040.0,16908.0,1703.0,30609.0,14728.0,-24498.0,0.0,0.0,0.0,0.0,0.0,0.0,0.0,0.0,0.0,0.0,0.0,0.0,0.0,0.0,0.0,0.0,0.0,0.0,0.0,0.0
80,-20315.0,-17915.0,-17567.0,-353.0,31897.0,0.0,0.0,0.0,0.0,0.0,0.0,0.0,0.0,0.0,0.0,0.0,0.0,0.0,0.0,0.0,0.0,0.0,0.0,0.0,0.0,0.0,0.0,0.0,0.0,0.0,0.0,0.0
73,3405.0,12885.0,16996.0,-11421.0,-1823.0,-30717.0,23414.0,18560.0,-29621.0,0.0,0.0,0.0,0.0,0.0,0.0,0.0,0.0,0.0,0.0,0.0,0.0,0.0,0.0,0.0,0.0,0.0,0.0,0.0,0.0,0.0,0.0,0.0
