11,8.472031013711428e+18,-1.525200860569967e+18,-1.8621713013623396e+18,-1.8591183282323855e+18,-6.559559826271031e+17,3.3817227136416753e+18,1.342968537020086e+18,8.560250887332254e+18,-6.721552486987721e+18,5.96349305691377e+18,-2.3438585440293586e+18,6.954264247658333e+17,3.739777264677471e+18,1.9129065266370614e+18,0.0,0.0,0.0,0.0,0.0,0.0,0.0,0.0,0.0,0.0,0.0,0.0,0.0,0.0,0.0,0.0,0.0,0.0
19,6.141750297260852e+18,2.4664001295911736e+18,-1.7335984042690452e+18,7.021223309982978e+18,-1.0610157851887585e+18,1.2913934015852385e+18,-5.400918708017436e+18,5.620084573821488e+18,-7.102416786878347e+18,2.2385050719230894e+18,-7.69175049131408e+18,3.723216789239789e+17,-8.336837307517699e+18,0.0,0.0,0.0,0.0,0.0,0.0,0.0,0.0,0.0,0.0,0.0,0.0,0.0,0.0,0.0,0.0,0.0,0.0,0.0
12,-4.941203458688592e+18,6.101793326635167e+18,-4.967748837287542e+18,1.2189043956173635e+18,2.8442916868567967e+18,-1.53578044592906e+18,6.68623732988714e+18,0.0,0.0,0.0,0.0,0.0,0.0,0.0,0.0,0.0,0.0,0.0,0.0,0.0,0.0,0.0,0.0,0.0,0.0,0.0,0.0,0.0,0.0,0.0,0.0,0.0
38,-5.21997188380376e+18,5.719636276026598e+18,-6.034495939310934e+18,-6.342115019201031e+18,-2.664965332922279e+17,-7.280285834515933e+17,-6.641310563452136e+18,-3.127408443077099e+17,-8.551962655900709e+18,-2.281212928872825e+18,-5.777545132083272e+18,2.6591890220968264e+18,5.923574953321438e+18,4.856353614867688e+18,6.729412183620205e+18,7.432509147347757e+18,1.1064660191383142e+18,-8.332051418886958e+18,6.643066101445934e+18,0.0,0.0,0.0,0.0,0.0,0.0,0.0,0.0,0.0,0.0,0.0,0.0,0.0
81,7.856177077424298e+17,2.4845749587362463e+18,-2.535701469456157e+18,-7.974432519708805e+18,0.0,0.0,0.0,0.0,0.0,0.0,0.0,0.0,0.0,0.0,0.0,0.0,0.0,0.0,0.0,0.0,0.0,0.0,0.0,0.0,0.0,0.0,0.0,0.0,0.0,0.0,0.0,0.0
5,7.37334257584956e+17,-4.626975775150512e+18,2.512837855669725e+18,-6.452137288233187e+18,-1.5559158045542556e+18,-7.104487103500886e+17,-3.5512394311893565e+18,1.3940576690514578e+18,-2.5277707335759104e+18,-1.7056461437404672e+18,-6.770440893832924e+17,0.0,0.0,0.0,0.0,0.0,0.0,0.0,0.0,0.0,0.0,0.0,0.0,0.0,0.0,0.0,0.0,0.0,0.0,0.0,0.0,0.0
40,3.8031546984396314e+18,4.800098057130976e+18,-3.827318475552801e+18,2.800177666030262e+18,-1.300503162601841e+18,-2.710731597008165e+18,-7.416208831837232e+18,3.4250187681587973e+18,-4.231948637222896e+18,2.0482808079412012e+18,7.326720500484951e+18,4.041696351178034e+18,-1.6080251483097756e+18,-6.848853282776995e+18,-4.817533531050033e+18,6.58728959454313e+18,4.205657041686075e+17,0.0,0.0,0.0,0.0,0.0,0.0,0.0,0.0,0.0,0.0,0.0,0.0,0.0,0.0,0.0
70,-1.1770343812570034e+17,7.471244298046984e+18,-2.016749930838949e+18,7.754315459507263e+18,3.1202273061869445e+18,-4.5266090888722253e+18,6.021215121304234e+18,-6.286532898069765e+18,-4.882720586784231e+18,3.087917569222625e+18,4.5770300830364037e+18,-5.473315952658152e+18,8.275432765380923e+18,-8.204547765629699e+18,-2.5439042956112763e+18,4.0981070156763607e+18,8.256170750898315e+18,-1.8860430712818158e+18,-5.6813210174564794e+17,1.822975407993566e+18,0.0,0.0,0.0,0.0,0.0,0.0,0.0,0.0,0.0,0.0,0.0,0.0
23,8.209676060093116e+18,-3.7321214844634967e+18,-5.914192992280368e+18,-2.8365069471107494e+17,3.2651604092019297e+18,7.791116935165068e+18,-1.61102667663188e+18,-1.552165672223263e+18,-9.064128468919994e+18,-8.008156165049986e+18,3.1808266784323164e+18,-8.269777641851207e+18,3.164509068405654e+18,-5.744934030174278e+18,-8.188432558087767e+18,3.619606731180197e+18,6.979381480369678e+18,7.509214029408544e+18,-4.161321947061137e+18,-3.130808034408635e+18,3.641242866253343e+18,6.734169953884562e+18,-5.779090513084388e+18,4.079273543343701e+18,6.91540894024997e+18,2.1891796936254172e+18,5.899213628054223e+18,-1.3201793814723466e+18,1.5579216815382943e+18,-7.365620587109936e+18,0.0,0.0
72,-7.4319395905031e+18,6.842647187730724e+18,-8.627299857814428e+18,-2.183676935749579e+18,-7.284334610398837e+18,-9.137393142690503e+18,-1.3054822320478282e+18,-8.905067086927228e+18,-4.6095967419691475e+17,-3.294225492420909e+18,3.286078485480232e+18,2.7234237585524905e+18,7.44249836703462e+17,-5.930858466452824e+18,-1.836983939092338e+18,0.0,0.0,0.0,0.0,0.0,0.0,0.0,0.0,0.0,0.0,0.0,0.0,0.0,0.0,0.0,0.0,0.0
79,-3.5345432978005315e+18,3.654755379986477e+18,-6.062644832855043e+18,0.0,0.0,0.0,0.0,0.0,0.0,0.0,0.0,0.0,0.0,0.0,0.0,0.0,0.0,0.0,0.0,0.0,0.0,0.0,0.0,0.0,0.0,0.0,0.0,0.0,0.0,0.0,0.0,0.0
78,1.1464274222360416e+17,8.924734171677081e+18,-7.659496565191996e+18,-5.807730956065785e+18,2.2130886383890545e+18,7.003605704125418e+18,-7.295236410718648e+18,1.893895193404982e+18,6.488902613163103e+18,8.375026567604096e+17,7.137138808924502e+18,7.627891848008038e+18,6.381963953091489e+18,-2.093562457452699e+18,0.0,0.0,0.0,0.0,0.0,0.0,0.0,0.0,0.0,0.0,0.0,0.0,0.0,0.0,0.0,0.0,0.0,0.0
87,-8.640047030911589e+18,-6.300276256540568e+18,9.178297735061133e+18,9.085545188336108e+18,3.058328726579719e+18,1.4927059808730819e+18,-6.880773298819793e+17,-3.51576546914415e+18,0.0,0.0,0.0,0.0,0.0,0.0,0.0,0.0,0.0,0.0,0.0,0.0,0.0,0.0,0.0,0.0,0.0,0.0,0.0,0.0,0.0,0.0,0.0,0.0
6,-1.8418276155703217e+18,5.484758842796881e+18,5.11641391552264e+18,7.815389484719395e+18,-2.349268102344872e+18,0.0,0.0,0.0,0.0,0.0,0.0,0.0,0.0,0.0,0.0,0.0,0.0,0.0,0.0,0.0,0.0,0.0,0.0,0.0,0.0,0.0,0.0,0.0,0.0,0.0,0.0,0.0
68,-3.946066918154773e+18,-2.1493452629685053e+18,-7.085006462624865e+18,3.714247507201637e+18,-1.2860028006952748e+18,5.09339278276585e+18,7.122712184154268e+18,1.2528576571580227e+18,1.0632910256228262e+18,-6.151799085711008e+17,-3.2081654406174863e+18,4.070685262464937e+18,-6.008240979873572e+18,5.042363051237669e+18,0.0,0.0,0.0,0.0,0.0,0.0,0.0,0.0,0.0,0.0,0.0,0.0,0.0,0.0,0.0,0.0,0.0,0.0
69,4.191102274452956e+18,6.816192178476559e+18,-1.2818946870881485e+18,-2.2309277959528863e+18,9.480994929903638e+17,-7.796602774859933e+18,-5.682825191061125e+18,2.8552491626216315e+18,-2.325227640897054e+18,-6.904529160934888e+17,2.718839450291908e+17,6.144352642037082e+18,9.733269543902664e+16,3.2184984538905216e+17,-6.07082579237054e+18,-7.407948420534559e+18,-2.796769394515447e+18,-6.839181633299738e+18,-5.882240275095007e+18,8.426272282442641e+18,-2.909500556884645e+18,0.0,0.0,0.0,0.0,0.0,0.0,0.0,0.0,0.0,0.0,0.0
1,7.591235471216291e+18,-4.1034996367266427e+18,8.176500703155351e+18,4.0016896261385005e+17,-6.939725068774566e+18,1.9015093362127642e+18,4.2912066037271864e+18,2.173217601247821e+18,8.916028060499241e+18,7.32787346960424e+18,-8.112456256074053e+18,1.8637912379320338e+18,3.7841574023526497e+18,-7.098288264778807e+18,0.0,0.0,0.0,0.0,0.0,0.0,0.0,0.0,0.0,0.0,0.0,0.0,0.0,0.0,0.0,0.0,0.0,0.0
45,3.3200284341479726e+18,-7.924145730828028e+18,0.0,0.0,0.0,0.0,0.0,0.0,0.0,0.0,0.0,0.0,0.0,0.0,0.0,0.0,0.0,0.0,0.0,0.0,0.0,0.0,0.0,0.0,0.0,0.0,0.0,0.0,0.0,0.0,0.0,0.0
33,-5.810709969083339e+18,-9.325996250952874e+17,-4.63139129685861e+18,-3.370993999250656e+18,5.295140020016214e+18,-1.1505528574446189e+18,4.436954786568434e+18,-2.50522829086527e+18,6.991554538878767e+18,-6.555138142346437e+17,-3.068271645374561e+18,7.89296529578772e+18,-4.890501294460837e+18,-5.693991551075951e+18,-6.933870239007204e+18,9.190601044965032e+18,-8.846629458059119e+18,0.0,0.0,0.0,0.0,0.0,0.0,0.0,0.0,0.0,0.0,0.0,0.0,0.0,0.0,0.0
15,-7.074430012878105e+18,-6.202036305370976e+18,4.2454014185647283e+18,6.62174167756065e+18,-1.1844201856306906e+18,-7.121120762228246e+18,3.664902325171184e+18,5.917083108185879e+18,3.798803643984404e+18,3.006846078567328e+18,-7.032120924757264e+18,0.0,0.0,0.0,0.0,0.0,0.0,0.0,0.0,0.0,0.0,0.0,0.0,0.0,0.0,0.0,0.0,0.0,0.0,0.0,0.0,0.0
93,-1.5417993522148564e+18,-7.883607767170528e+18,-9.557996327253425e+17,-6.906319998356384e+18,8.428217686753682e+18,5.755822995664754e+18,-5.460253203826224e+18,7.389727652706973e+18,-8.163834246122346e+18,1.935055902511725e+17,7.236923741884044e+18,1.1726104280686725e+18,7.719313668399909e+18,-2.6244196309875287e+18,-7.837787668084748e+18,3.6235059225179535e+18,2.649475155312513e+18,-1.3544940928840832e+18,7.388813894240729e+18,7.67620710880076e+18,-1.452256804592724e+18,-1.7605489230980485e+18,-3.66571849194561e+18,1.2227203988972268e+18,-3.7944430045613727e+18,-1.790367495819952e+18,-5.22079136868427e+18,1.0753452827600588e+18,-9.204952373959324e+18,-7.160116158309966e+18,8.708149418272658e+18,-4.668626421081363e+18
24,-5.494899720467543e+18,-7.943597413339702e+18,2.5628798757504522e+17,-7.723839824611406e+18,0.0,0.0,0.0,0.0,0.0,0.0,0.0,0.0,0.0,0.0,0.0,0.0,0.0,0.0,0.0,0.0,0.0,0.0,0.0,0.0,0.0,0.0,0.0,0.0,0.0,0.0,0.0,0.0
25,2.5501610943263483e+18,-3.45347492901376e+18,-4.31129275890298e+18,1.9641522028013174e+18,-5.756969921285515e+18,-3.6357935049281623e+18,2.019644710234641e+18,-1.7676808024419277e+18,4.266774127144508e+18,-1.9691361208104177e+18,-6.891735543264209e+18,1.4576396197425578e+17,-8.038681344467245e+18,-5.1486131573023334e+17,-9.018092319819066e+18,-7.849202986023153e+18,7.252626395588535e+18,1.369511507714093e+18,1.2090319718340534e+18,-8.242874977539944e+18,-6.890274572943689e+18,-8.728368872933324e+18,-7.104108900182465e+18,0.0,0.0,0.0,0.0,0.0,0.0,0.0,0.0,0.0
26,6.84171622061969e+18,4.988994375783496e+18,-5.573219171738785e+18,7.42081601866234e+18,-4.5155295562896594e+18,2.679120795608936e+18,5.900319330478858e+18,9.063766596176097e+17,8.849236970101289e+18,-5.146864060851107e+18,-8.804055614820178e+18,8.183113066787e+18,2.212487835527636e+16,-1.1265102559755875e+18,2.2294389887310904e+18,6.869563283716151e+18,-8.377793256660118e+18,5.842774625254237e+18,-5.428110020445465e+18,7.106435734747661e+18,0.0,0.0,0.0,0.0,0.0,0.0,0.0,0.0,0.0,0.0,0.0,0.0
48,-1.5167595715924257e+18,-4.05145828278771e+18,8.693273545519811e+18,1.212972170431492e+18,-2.919931269499143e+18,7.732657791821175e+17,6.037553711643667e+18,-2.3372327651933036e+18,-4.2537257121870633e+18,8.833016761542408e+18,8.878167458498766e+18,6.164650096132633e+18,7.799865224265155e+18,2.1566680734458404e+18,-1.8341076577760596e+18,6.220806952888755e+18,2.8008059811195607e+18,1.236270836135532e+18,7.616190518149185e+18,4.654771896892077e+18,-3.3358173626302653e+18,2.625120024779237e+18,0.0,0.0,0.0,0.0,0.0,0.0,0.0,0.0,0.0,0.0
71,-6.951976873723467e+18,2.7771486636869304e+18,6.032017118502428e+18,1.7548145411503675e+18,6.452326305221659e+18,-3.1066087594673096e+18,7.125457584476746e+18,-8.278347858951949e+18,3.61959365387038e+18,4.161055635233141e+18,-5.568745601486728e+18,-7.239766512753086e+18,-6.187856443852681e+18,-8.100050891912234e+17,-7.39411392037391e+18,-5.789769920974694e+17,-9.111903245835473e+18,0.0,0.0,0.0,0.0,0.0,0.0,0.0,0.0,0.0,0.0,0.0,0.0,0.0,0.0,0.0
76,-1.7450631411493678e+18,-7.571254262662871e+18,-4.550206728168813e+17,0.0,0.0,0.0,0.0,0.0,0.0,0.0,0.0,0.0,0.0,0.0,0.0,0.0,0.0,0.0,0.0,0.0,0.0,0.0,0.0,0.0,0.0,0.0,0.0,0.0,0.0,0.0,0.0,0.0
7,7.005760309546785e+18,2.831678038165287e+18,-7.396332316221066e+18,6.54925542885859e+18,4.798224850755871e+18,3.037308417993498e+18,5.026214779308278e+18,5.303470381830488e+18,-4.0300226181406423e+18,-7.099040815541614e+18,-4.724534433385534e+18,8.144872529191277e+17,4.633858268405637e+18,6.64748800830009e+17,-4.1638807962050463e+18,-1.3577496915433743e+18,-1.0558222788585133e+18,-5.449493470342632e+18,-5.854642263968452e+18,-6.606829344771115e+18,-8.263701824271109e+18,-8.925446457522604e+18,6.65541772569468e+18,-3.748424624344443e+18,5.73986258820028e+18,-9.154275932274519e+18,1.574408115629663e+18,2.0026122445351137e+18,4.1750166591742044e+18,0.0,0.0,0.0
50,7.342170924995569e+18,8.480052041084026e+18,-3.030562573488786e+18,-7.700772980133087e+18,4.760131096791084e+18,-4.888909472214319e+18,-2.9594893158613146e+18,7.787880151836579e+18,-4.3437181477986734e+18,-3.2488784993742285e+18,-7.328252884093428e+18,5.743513312565648e+18,6.165255101456745e+18,4.635266815684609e+18,7.364232703500787e+18,7.549050896003441e+18,-7.572301539900273e+18,1.7049870244449219e+18,9.189615508684929e+18,6.999980526415709e+18,6.627263844495456e+18,-5.3077290469485126e+17,6.037836142901593e+18,4.698141823354245e+18,1.9130415607650173e+18,3.071630814818495e+18,-1.9743703663204902e+18,9.062353446465864e+18,2.567493542730302e+18,4.040643828251578e+18,-3.745151115274067e+18,0.0
22,7.562956986940912e+18,-7.583281041223107e+18,4.616602830330456e+18,2.2841917112146678e+18,-1.380730007025518e+18,2.321970172525997e+18,3.945201920363002e+18,8.833841095272322e+18,-4.624111154787169e+18,6.876541235189885e+18,1.4244974471021686e+18,8.4687966285002e+18,5.356541390555094e+18,-2.36467928802521e+18,-1.8651110587736225e+18,-1.5717782564643308e+18,-5.705830406622176e+18,-1.0885338643584293e+18,5.274793677954563e+18,6.18044151247364e+18,0.0,0.0,0.0,0.0,0.0,0.0,0.0,0.0,0.0,0.0,0.0,0.0
4,-7.903529400233866e+18,-3.6962491301728256e+18,-6.550389173001997e+18,4.5374405462241956e+18,3.498099451628058e+18,7.542756183425703e+18,3.059842693022533e+18,5.885705992548044e+18,-5.720935113338905e+18,3.9799736659105347e+18,-4.726187812741159e+18,-1.79955087855521e+18,1.6210913583390098e+18,-5.089781827233913e+18,4.069222092636788e+18,3.195546526884752e+18,6.791038209877047e+18,8.760468035988981e+18,5.046760413827303e+18,-1.9902121100516408e+18,-8.264981155376044e+18,-1.6350802798187249e+18,-9.289627367574719e+17,1.202152162745889e+18,-2.0711482252730158e+18,-2.8007513415270257e+18,7.232372870456464e+18,-3.7568282366589624e+18,0.0,0.0,0.0,0.0
32,9.683232607033083e+17,-3.0142561588734177e+18,1.1892983253828797e+18,2.685078413334669e+18,-1.3846557030522066e+18,-8.09142423622101e+18,7.667630322006057e+18,5.313705615163517e+17,4.1963830984172974e+18,-5.839062452738523e+18,-9.211545616518372e+18,-3.854328169702436e+18,2.1313803694410312e+18,-2.7365105709013437e+18,3.4876779750407014e+18,-4.1920543746669445e+18,1.5022321399711104e+18,1.7021263418836288e+18,2.848267402735773e+18,-7.372579373773332e+18,7.05599921085182e+18,-3.427440822149687e+18,0.0,0.0,0.0,0.0,0.0,0.0,0.0,0.0,0.0,0.0
77,-7.088404327428483e+18,-5.934114676497306e+18,5.623062234441958e+18,7.768398961753311e+18,1.5108620304918474e+18,7.527629236844459e+18,-6.963279828260161e+18,5.474749056119255e+18,-8.325103141646033e+18,3.7449018137608095e+18,7.787509973380789e+18,-7.322476250807947e+18,-4.3548389497323226e+17,8.210026050178022e+18,-2.9087855361322854e+18,0.0,0.0,0.0,0.0,0.0,0.0,0.0,0.0,0.0,0.0,0.0,0.0,0.0,0.0,0.0,0.0,0.0
91,7.062768819500982e+18,5.226267081880968e+17,3.157004195880405e+17,7.03747031772374e+18,-2.8076914154954045e+18,-4.244117189181161e+18,-7.819083979494098e+18,2.507875509915458e+18,-6.664180085523198e+18,-4.1482930796337664e+17,-1.9065963011522194e+18,0.0,0.0,0.0,0.0,0.0,0.0,0.0,0.0,0.0,0.0,0.0,0.0,0.0,0.0,0.0,0.0,0.0,0.0,0.0,0.0,0.0
42,4.3633141090757924e+18,5.922200541178095e+18,8.090302769086707e+17,1.3638620100131927e+18,1.0947413395054936e+18,3.945655135523534e+18,-1.19143936841109e+18,2.7846473106803804e+18,1.5065813538273352e+18,9.178160760911256e+18,9.121860971203467e+18,4.0120252763409623e+18,0.0,0.0,0.0,0.0,0.0,0.0,0.0,0.0,0.0,0.0,0.0,0.0,0.0,0.0,0.0,0.0,0.0,0.0,0.0,0.0
13,3.4181317023366533e+18,-6.95276408948687e+18,3.7608177957596186e+18,5.583449165100362e+18,5.836396063035844e+18,3.70229114879386e+18,6.367872415812466e+18,-6.189907667300727e+18,-5.72170007823827e+18,-1.58821510566943e+18,5.911675814884975e+18,5.218777755324417e+17,-8.119110879370873e+18,4.081757583522003e+18,8.16684515437392e+17,-4.5927367323313587e+18,7.022031801695454e+18,-2.937610461104825e+18,0.0,0.0,0.0,0.0,0.0,0.0,0.0,0.0,0.0,0.0,0.0,0.0,0.0,0.0
41,-1.0706373487618725e+18,5.687821175453267e+17,5.873145320422027e+18,-8.108520218025784e+18,1.4869162653118167e+18,1.8104240273792118e+17,3.983396682068476e+18,-4.3380335900702597e+18,5.373830077760076e+18,-1.759555498307235e+18,-2.1606906943805914e+18,4.1847180263073766e+18,6.797945023118968e+18,1.55594652432189e+18,-6.425205833272696e+18,2.0494342536627264e+18,-6.3657432482481e+18,7.070538920704504e+18,-6.373608120475711e+18,-7.691915643262483e+18,-5.602496119703822e+18,-8.556652452954464e+18,9.015703191303773e+18,-9.11260773442249e+18,5.061147312280726e+18,2.628061252425426e+18,8.675497065121408e+18,6.873203838909814e+18,-7.768150243437202e+18,-6.332375748471715e+18,0.0,0.0
55,-7.109737536504028e+18,6.438978197776273e+18,-4.685323619824833e+18,-6.028658064089801e+18,7.903127732192308e+18,-6.58391583327255e+18,-6.631708044948795e+18,-3.166551000089237e+18,-6.594379786291456e+18,-3.9633939368488873e+18,1.7328654622081984e+18,-4.248883930734291e+18,0.0,0.0,0.0,0.0,0.0,0.0,0.0,0.0,0.0,0.0,0.0,0.0,0.0,0.0,0.0,0.0,0.0,0.0,0.0,0.0
31,-1.3114644680462807e+18,-5.579257216338352e+18,2.085249733263061e+18,1.0482301876452731e+18,5.508811898336425e+18,4.9511243229316166e+17,-5.050473818658542e+18,-8.931765840499325e+18,6.244897981521981e+18,2.6293781810911017e+18,-4.3959200498326523e+18,-8.343983281005233e+18,8.620289630969096e+18,-5.728164468182739e+18,-2.9062858996908764e+18,7.904694871114997e+18,7.779138397984913e+18,2.1892296305337116e+18,2.5942764091074063e+18,8.441973732030441e+18,-1.1223667342533184e+16,6.822046898528222e+18,4.237484337427181e+18,2.7016299218082176e+18,-1.9867121419554122e+18,-6.259672512998749e+18,-2.123250622186825e+16,7.737332451225884e+17,2.199776974839711e+18,-7.337097802910022e+18,-4.423828560525677e+18,6.430067103796436e+18
66,-7.470007689592141e+18,-8.599960117620376e+18,-1.8630682114105185e+18,6.056939506008916e+18,-8.718150050197658e+18,8.31265198526381e+18,7.782153588566043e+18,-6.001695634357725e+17,3.238871234515029e+18,7.397403710866871e+18,2.0854060764638413e+17,6.492926204655445e+18,0.0,0.0,0.0,0.0,0.0,0.0,0.0,0.0,0.0,0.0,0.0,0.0,0.0,0.0,0.0,0.0,0.0,0.0,0.0,0.0
65,1.3599312652756344e+18,-6.135284715965038e+18,-2.966855010068444e+18,5.982081574289008e+18,5.981048833417473e+18,-8.378825026331278e+18,4.577053378224995e+18,-4.3740909887770424e+18,7.552536500531213e+18,6.158932306810956e+18,6.747130408566279e+18,5.170373498435621e+17,-5.660453634930721e+18,-6.193597974203704e+18,-7.78723913786238e+18,-2.2325144760700204e+18,2.7683100169847956e+18,7.70528149994465e+18,0.0,0.0,0.0,0.0,0.0,0.0,0.0,0.0,0.0,0.0,0.0,0.0,0.0,0.0
62,3.2869402234672993e+18,-3.7715549473175277e+17,8.301644316865512e+18,5.312617572616925e+18,6.785261696821513e+18,5.4058946196559e+18,6.417635631640438e+18,-5.914929788030201e+18,-6.613028995995095e+18,5.754048772828627e+18,-8.081100524543736e+16,5.305034732642479e+18,4.976102097977145e+18,-9.203239631328931e+18,8.381434587739455e+17,7.868680589933754e+18,7.88358507079106e+18,5.695725816068685e+18,6.468050059351785e+18,-8.613523195023108e+17,2.407196497686151e+18,4.3127811578325325e+18,-6.474544483836609e+18,-4.361893513187445e+18,6.549406462302473e+18,-3.1582153284719795e+18,4.385057807415479e+18,-7.677250428610822e+17,-8.747021380456502e+18,8.466734872664007e+18,3.371684763687914e+18,7.865315984829469e+18
21,-1.7399437432858816e+18,9.182951489318838e+18,1.0201970420096347e+18,5.247636597929679e+18,-6.297247495573222e+18,-6.07003265736087e+18,-6.11908659247538e+18,7.674129584204265e+18,3.549248259743007e+18,-7.622553287948586e+18,-7.831898324241902e+17,-1.1780978377835359e+18,2.5910459228137677e+18,6.997884309049914e+18,-1.7253793806616205e+18,-1.8932868023666854e+18,-2.401888366586944e+18,8.992938166941777e+18,7.073787733630496e+18,-4.921279200284755e+18,-6.653809066169543e+18,8.069236278723323e+18,-4.421551179676827e+17,-2.955454750507272e+18,5.036528898872491e+18,-3.3333179204727455e+18,-6.629885156493905e+18,0.0,0.0,0.0,0.0,0.0
95,-6.695353689112986e+18,5.741062596600596e+18,9.242631045420513e+17,-3.7526993932784297e+18,7.972463835556626e+18,-5.256659813443581e+18,2.1713777734911619e+18,-8.062646552364846e+18,4.67504767365994e+18,3.302519097906877e+18,0.0,0.0,0.0,0.0,0.0,0.0,0.0,0.0,0.0,0.0,0.0,0.0,0.0,0.0,0.0,0.0,0.0,0.0,0.0,0.0,0.0,0.0
84,-1.9028918521895675e+18,-3.8897217138328376e+16,3.2474226047304e+17,-4.470843069373017e+18,2.4124945438544097e+18,-5.157734849327859e+18,8.920288878441821e+18,3.3392156247432417e+18,-1.5521943365489462e+18,-6.615241495448643e+18,-1.367723377538977e+18,2.356456695056298e+18,-3.8864538201804744e+18,-4.2380366250317527e+18,5.225832943644385e+18,2.964304862209281e+18,2.5083927179543594e+17,-5.717443964690675e+18,4.546676895310096e+18,6.585270545303156e+18,4.933330459580609e+18,-2.32424571972016e+18,-1.1645493843700419e+18,6.799163828560299e+18,-2.0088677882990856e+18,8.351659440686804e+18,-2.273640426330399e+18,3.8604380128438236e+18,2.6426527790954977e+18,0.0,0.0,0.0
58,2.717968525549445e+18,-6.568616611549531e+18,1.1100112088498418e+18,7.788838621200988e+18,7.767192395334764e+18,-3.146514823664798e+18,0.0,0.0,0.0,0.0,0.0,0.0,0.0,0.0,0.0,0.0,0.0,0.0,0.0,0.0,0.0,0.0,0.0,0.0,0.0,0.0,0.0,0.0,0.0,0.0,0.0,0.0
64,4.945117027853769e+18,-3.5100968450141327e+18,-5.86379645857654e+17,-1.0115131967537143e+18,-5.150876419889741e+18,8.51701420118444e+18,-5.810876488866274e+18,2.0035277611402465e+18,-4.947141510047356e+18,2.2175980893022548e+18,3.7120822341653484e+18,7.27183199603694e+18,4.1331591606116547e+18,2.524695372911733e+18,-4.536321952764263e+18,0.0,0.0,0.0,0.0,0.0,0.0,0.0,0.0,0.0,0.0,0.0,0.0,0.0,0.0,0.0,0.0,0.0
83,-6.577921054588755e+18,-9.18987589458941e+18,7.955346071995557e+17,-8.75757397962618e+18,-3.2405092758283936e+17,3.659405361236668e+18,-6.375956001276769e+18,-4.4836473976009713e+18,7.196591967853526e+18,8.865564432086719e+18,-2.869651946506819e+18,-4.4704828394893046e+18,-6.320111591413795e+18,1.7355919763156864e+16,8.153619901682202e+18,4.519601165268187e+18,3.8411498643900513e+18,7.33032208479868e+18,-5.704823226882946e+18,1.4788596906852067e+17,2.6445563323105623e+18,-6.847439971134171e+18,4.4712301118676536e+18,-6.0973834587289e+18,4.3912500057710254e+18,3.177352290102262e+18,0.0,0.0,0.0,0.0,0.0,0.0
94,-8.304451164658284e+18,-6.572762923009096e+18,5.459757531385179e+18,-6.472336949531939e+18,-4.899051491986498e+18,5.508360370327255e+18,6.290441175937885e+18,6.940969413782584e+18,8.932505497583831e+18,-6.434514773143031e+18,-5.202595259205884e+17,-5.229591415651443e+18,-2.736583450155873e+18,1.7312639668733338e+18,-1.4264011072431643e+17,-8.193513348563629e+18,-8.76828918575519e+18,-4.2001641369758756e+18,-4.743166120743882e+18,3.862388252797568e+18,3.500733090674399e+18,0.0,0.0,0.0,0.0,0.0,0.0,0.0,0.0,0.0,0.0,0.0
0,4.754007988735282e+16,-1.8219684147433155e+18,-5.771940325420276e+18,-8.746149302846235e+18,6.556941379840731e+18,5.782928422829026e+18,3.9536293346072945e+18,1.7386815453145024e+17,-2.916302947944651e+18,-1.9448038248002058e+18,5.20573584612934e+18,2.283478104903059e+18,5.231626542868718e+18,0.0,0.0,0.0,0.0,0.0,0.0,0.0,0.0,0.0,0.0,0.0,0.0,0.0,0.0,0.0,0.0,0.0,0.0,0.0
99,5.383157494164658e+18,6.230155374402925e+17,6.562281805529e+18,-1.9972632362619261e+18,-5.217476508796548e+18,0.0,0.0,0.0,0.0,0.0,0.0,0.0,0.0,0.0,0.0,0.0,0.0,0.0,0.0,0.0,0.0,0.0,0.0,0.0,0.0,0.0,0.0,0.0,0.0,0.0,0.0,0.0
96,-4.3546025558780017e+18,-4.5827748188802016e+17,3.435055851196309e+18,3.255802205852118e+18,-6.489462283968339e+18,-6.762035453447757e+18,0.0,0.0,0.0,0.0,0.0,0.0,0.0,0.0,0.0,0.0,0.0,0.0,0.0,0.0,0.0,0.0,0.0,0.0,0.0,0.0,0.0,0.0,0.0,0.0,0.0,0.0
67,-5.402625293694533e+18,-4.794191218687005e+18,-1.412882155099537e+18,-8.428491124254159e+18,1.197216351535233e+18,-6.763416207743735e+18,-8.821901679530296e+18,-6.154518096188764e+18,-5.825709868833106e+18,0.0,0.0,0.0,0.0,0.0,0.0,0.0,0.0,0.0,0.0,0.0,0.0,0.0,0.0,0.0,0.0,0.0,0.0,0.0,0.0,0.0,0.0,0.0
61,1.1538712705021138e+18,9.08065170256007e+18,-2.9897200606262364e+18,5.815196861530209e+18,-8.776749872191674e+18,-5.878044077791717e+18,6.062682731226881e+17,5.592239343594919e+18,2.996105845921915e+18,-2.7136167015599923e+18,2.1607063435633923e+18,-5.230486169753594e+18,5.846419858912311e+18,-4.743554286711942e+18,2.700612093283856e+18,3.2506733600192896e+17,-2.9056522038063447e+18,1.9557597579629422e+18,1.950863202834641e+17,3.4624556381624284e+18,2.9766746604675195e+18,6.028465093406488e+17,-7.994898158732633e+18,-6.969451061301662e+18,-4.4149492608914417e+18,2.513902345400667e+18,-4.1675892929258327e+18,3.271186145779565e+18,1.8682677596938396e+18,6.019224353872751e+18,8.029620778841314e+18,0.0
43,3.132513749019447e+18,-7.310099228311137e+18,-8.260815622174377e+18,7.417271517592411e+18,8.460424779344102e+18,-2.475648683513201e+18,2.979771651485127e+18,-8.411829552156734e+18,7.956725013602181e+18,5.699656490033369e+18,-1.1365962802560091e+18,0.0,0.0,0.0,0.0,0.0,0.0,0.0,0.0,0.0,0.0,0.0,0.0,0.0,0.0,0.0,0.0,0.0,0.0,0.0,0.0,0.0
2,-8.727410473864885e+18,5.618846972404737e+18,-7.848585643276799e+18,-4.771365103594974e+18,-6.822404367636865e+18,-2.4448728915439647e+18,7.76564749520234e+17,2.198616704768254e+18,2.514382822436532e+18,-1.4188779854013102e+18,-2.489382273710165e+18,9.819361537152372e+17,-2.338811360258134e+18,3.694027925920043e+18,-3.15170976791639e+18,7.83018888343717e+18,2.379522833206395e+18,4.886350383147607e+18,-4.9682524493692634e+17,1.714163267780448e+18,-7.506001410089092e+17,-6.821038459812495e+18,0.0,0.0,0.0,0.0,0.0,0.0,0.0,0.0,0.0,0.0
54,7.500527370693297e+18,7.735360072252754e+18,-4.296375015086757e+17,-4.3019303651489004e+18,-1.640144725462786e+18,1.3661087316331115e+17,-7.326451804236769e+18,6.28172585366223e+18,8.184929784863352e+18,-7.072305122095456e+18,1.9576407090356244e+18,-8.849881439671184e+18,-9.021778183341016e+18,-9.149141958672547e+18,2.164308330942453e+18,-4.261176028811509e+18,-9.217134454154543e+18,8.408124113071837e+18,0.0,0.0,0.0,0.0,0.0,0.0,0.0,0.0,0.0,0.0,0.0,0.0,0.0,0.0
30,-7.675198452131501e+18,-6.467128564809761e+18,-4.3428262530663895e+18,-4.1703961491570365e+18,-2.836912952241449e+18,8.106939995198217e+18,-5.185956184655451e+18,4.3121340820551444e+18,3.080645183401416e+18,6.357267828718292e+18,9.165384948024591e+18,-6.881399930346896e+18,6.497329114644191e+18,3.006545468864989e+18,-5.685859087969509e+18,7.980484512029103e+18,-2.709499096028641e+18,6.032305530844927e+18,6.266003501217136e+18,5.319290184551167e+18,7.064301267401356e+18,-5.769635991812421e+18,4.001392355960144e+18,-1.492926021295865e+18,1.8028326721643085e+18,-4.670971170986498e+18,-1.204799619197486e+18,0.0,0.0,0.0,0.0,0.0
59,6.417835009532451e+18,-9.102511631764539e+18,8.013108826996169e+18,4.5209521229248425e+18,-5.151883575417838e+18,-6.669903865072049e+18,-9.13734848909414e+17,3.9392587307327974e+18,-2.5870625522355983e+18,-6.326092423625193e+18,6.506546166971654e+18,-3.6948392226697446e+18,-6.809411167504673e+17,5.6572269941394214e+17,6.293371004151405e+18,3.868404186958209e+18,-6.097959723743068e+18,7.246835706526048e+18,-2.5912555966636374e+17,-4.030265609987724e+18,3.0898005299976417e+18,8.558038033977194e+18,2.535536046815604e+18,1.103536263010877e+18,-4.104434937172113e+18,6.187467900123992e+18,0.0,0.0,0.0,0.0,0.0,0.0
85,-4.2951350279393377e+18,-4.1904275041546337e+18,-7.294968487958284e+17,-8.464233111374685e+18,-4.455849708645619e+18,3.031307556050076e+18,2.8183170129531766e+18,2.425616607718935e+18,-4.841121960415364e+18,-6.553788737889047e+18,4.4845187150420675e+18,-3.880408663200305e+18,-7.759504027998836e+18,6.164225061620367e+18,6.103251180406258e+16,-6.283918990232702e+18,3.9030401600352753e+18,-5.869538658340248e+18,9.199624673679415e+17,-5.076050889020029e+18,5.372787776240033e+17,8.665017094479859e+18,-7.326616671970687e+18,-8.991847339136341e+18,-7.240842678714612e+18,-7.163121791680838e+18,-2.5036717687109135e+18,-3.8131467787110897e+18,6.876864536978746e+18,0.0,0.0,0.0
74,-1.6816403417761272e+18,3.2701263943495624e+18,-3.7710359843177006e+18,4.67812539870807e+18,-7.606018261457719e+18,-5.898750350363921e+18,3.9152662203971917e+18,7.707894846079158e+18,4.1545686318264115e+18,-6.921628835150682e+18,-3.174332296644872e+18,-2.735928363456826e+18,-6.289005691348853e+18,4.801728508651651e+18,5.4650542856942266e+17,-7.784384128241289e+18,-5.229473390970919e+18,4.665548135987127e+17,-7.515117670641704e+18,1.8050420781268534e+17,-3.6409527227111404e+18,-2.9258966118086764e+18,-7.606996458581105e+18,-3.629109629858234e+18,-1.3026210170440074e+18,0.0,0.0,0.0,0.0,0.0,0.0,0.0
90,2.8910320112347894e+18,2.931850009178048e+18,1.4574923610692111e+18,-8.336726176507915e+18,9.141336301911985e+18,3.4505537218910167e+18,8.303971270615821e+18,-1.4403760272308534e+18,2.0127380172992297e+18,-8.790614345678446e+18,-3.5233343544000415e+18,-1.295632274593494e+18,-3.969660611792922e+17,1.47450274416255e+18,7.465461442801648e+18,-2.709292892404584e+18,3.486435921609174e+18,-1.895616935823634e+16,7.464851222687828e+18,-4.9928046837701357e+17,5.1783679322176e+18,0.0,0.0,0.0,0.0,0.0,0.0,0.0,0.0,0.0,0.0,0.0
18,-3.295161030494749e+18,7.473330487581916e+18,-5.831506299506427e+18,0.0,0.0,0.0,0.0,0.0,0.0,0.0,0.0,0.0,0.0,0.0,0.0,0.0,0.0,0.0,0.0,0.0,0.0,0.0,0.0,0.0,0.0,0.0,0.0,0.0,0.0,0.0,0.0,0.0
52,6.862374207283419e+18,5.907803522821795e+17,-4.654930725428279e+17,-6.365718555764809e+18,1.655091718319807e+18,-6.001303845375874e+18,-6.49680924369163e+18,-5.414212475681211e+18,-6.546184409797014e+18,-6.039650618741132e+18,3.1928697356610396e+18,3.8939385596033613e+18,0.0,0.0,0.0,0.0,0.0,0.0,0.0,0.0,0.0,0.0,0.0,0.0,0.0,0.0,0.0,0.0,0.0,0.0,0.0,0.0
44,9.745790692610776e+17,6.784955424640646e+18,1.3195663816860547e+18,-2.340501205021704e+18,-7.401446738461804e+18,-5.329286060718305e+18,-2.2305738835583596e+18,0.0,0.0,0.0,0.0,0.0,0.0,0.0,0.0,0.0,0.0,0.0,0.0,0.0,0.0,0.0,0.0,0.0,0.0,0.0,0.0,0.0,0.0,0.0,0.0,0.0
17,-8.916669128551977e+17,-5.416357892744039e+18,2.424531585754095e+18,5.703319855206151e+16,-3.64324387382663e+18,-6.39697338155731e+17,-3.509427303068488e+18,-2.552043966899968e+18,2.2618943831284528e+17,4.648011758150921e+18,7.60369331518921e+18,-3.123483746319458e+18,-7.352321996783029e+18,-8.691687846574545e+17,5.132718580774169e+18,-9.155242855927479e+18,7.047464241718326e+18,-1.170640035266643e+18,2.6639825024459643e+18,8.335661710898604e+18,2.595896697433156e+18,7.505698538857848e+16,0.0,0.0,0.0,0.0,0.0,0.0,0.0,0.0,0.0,0.0
36,2.757174170849524e+18,-6.837860107825244e+18,2.1565666700112425e+18,-5.713935789969188e+18,-8.433539527782296e+18,2.976328609217951e+18,9.132173370801504e+18,7.572573306851555e+18,-8.062515102761597e+18,1.771360020643691e+18,7.159388922629516e+18,4.4359567363676713e+18,-2.9489147317337416e+18,-1.1305896400560714e+18,-7.481008388737784e+17,9.04891369656096e+17,-1.197402074691254e+18,0.0,0.0,0.0,0.0,0.0,0.0,0.0,0.0,0.0,0.0,0.0,0.0,0.0,0.0,0.0
49,-3.583686603084159e+18,2.925418482727588e+18,-3.2658915314637435e+18,-3.078896116707247e+18,-4.390501443393493e+17,7.595483698549948e+18,4.142020235490808e+18,-7.183006585569665e+18,-8.996627669243395e+18,6.792429540383877e+18,-5.132720828426737e+18,-4.945775865923129e+18,7.856141434959692e+18,1.6752202956405742e+18,2.8639380882985424e+17,5.063992424050853e+18,3.22233930993837e+17,-8.582467998123656e+18,3.919894228500328e+18,7.19485352478486e+18,-6.095345652327122e+18,8.462107484124679e+18,7.778297774053887e+17,0.0,0.0,0.0,0.0,0.0,0.0,0.0,0.0,0.0
86,-7.329863551376506e+18,5.01906652183058e+18,3.9763228000399104e+18,3.463597943930192e+18,-4.67171871488732e+18,-3.5891571749980667e+18,4.1879332155646367e+18,-5.350875498374374e+18,-6.373549483001409e+18,-5.053795691249403e+18,-3.3302476553565117e+18,7.37240725051292e+18,2.423891405428717e+18,6.204497213683329e+18,-5.584745273374907e+18,-7.299546395900413e+18,-1.8901381520137646e+18,-8.869437422400418e+18,9.189369531483686e+18,-6.712434387545681e+18,4.437938025506741e+18,-8.788258274213457e+17,5.298191989878835e+18,-5.642451608233799e+18,7.47659537154952e+17,-1.5029645964053435e+18,-8.976308796365818e+18,8.836095359627409e+18,7.118220087954935e+18,-8.494388696086624e+18,7.314214848514567e+18,-3.0629499973353784e+18
37,3.2240409797626854e+18,-6.723812439353681e+18,-2.6082499092774876e+18,8.080968190188302e+18,8.453886146334527e+18,8.660514234112853e+18,-9.171235727997046e+18,-7.865950845435726e+18,6.270849720661647e+18,3.3665313078575186e+18,1.7107531310393892e+16,-5.044560882610982e+17,-2.3639140316609244e+18,1.581373604566388e+17,-6.343570579693038e+18,6.838339219646422e+18,-4.3756484505567836e+18,-8.347860520177457e+17,1.197098852087459e+18,-6.990032871275973e+18,-3.8541085647940986e+17,-1.651451209212248e+18,8.27049313129219e+18,0.0,0.0,0.0,0.0,0.0,0.0,0.0,0.0,0.0
56,-3.9949962744511944e+18,-7.559266927398191e+18,7.944145691917361e+18,3.1639074570754304e+17,-3.47739350907137e+17,-9.067043866166822e+18,6.647808336420092e+18,-4.0131124816949883e+18,8.034647175520535e+17,9.044281660569691e+18,0.0,0.0,0.0,0.0,0.0,0.0,0.0,0.0,0.0,0.0,0.0,0.0,0.0,0.0,0.0,0.0,0.0,0.0,0.0,0.0,0.0,0.0
63,6.913978422955396e+18,6.39341141497134e+18,0.0,0.0,0.0,0.0,0.0,0.0,0.0,0.0,0.0,0.0,0.0,0.0,0.0,0.0,0.0,0.0,0.0,0.0,0.0,0.0,0.0,0.0,0.0,0.0,0.0,0.0,0.0,0.0,0.0,0.0
35,4.0243577045953915e+18,4.09362531084227e+18,8.423859660300124e+17,6.34599438637979e+18,-6.30645092670342e+18,-4.036302573355789e+18,-1.5320990450564995e+18,8.596553618264278e+18,7.223962008722969e+18,7.809004641672737e+18,-4.5041953329981343e+18,-1.4498079965385633e+18,9.060725980504676e+18,2.41303057681177e+18,2.0500002520281795e+18,-9.811411768158564e+17,-4.0435939287874903e+18,-7.418344430603616e+18,6.024088979254875e+18,1.6301981558857344e+18,2.1569550406836529e+18,2.758038804808353e+18,6.11891129182642e+18,5.29582669665853e+18,8.480749663656832e+17,-8.499999979820547e+18,-4.616401376016902e+17,-4.639523454458764e+18,0.0,0.0,0.0,0.0
97,5.315153455586448e+18,7.132704728827836e+18,0.0,0.0,0.0,0.0,0.0,0.0,0.0,0.0,0.0,0.0,0.0,0.0,0.0,0.0,0.0,0.0,0.0,0.0,0.0,0.0,0.0,0.0,0.0,0.0,0.0,0.0,0.0,0.0,0.0,0.0
75,2.1804348662660603e+18,8.003140719883165e+17,-6.289716111417105e+18,1.9995363511450998e+18,6.976827989714721e+17,3.390514688810269e+18,7.798299133633551e+18,-1.872268232474611e+18,-8.839557456399562e+18,3.0146056811059425e+18,-6.796943531167282e+18,-2.3140223758126515e+18,-5.98547567953463e+18,-2.2114565058812608e+18,6.884099001543757e+18,2.509677615966415e+18,-7.213059841822926e+18,-8.51213297306842e+17,-8.320254627750486e+18,-6.24318443860324e+18,8.207328778183462e+18,7.699579135261487e+18,0.0,0.0,0.0,0.0,0.0,0.0,0.0,0.0,0.0,0.0
57,-1.262039692339624e+18,-3.3770266360454646e+18,9.459395180121606e+17,-4.3271672705172526e+18,1.707064647728304e+18,-1.0665324569972532e+18,4.970069176611684e+18,-7.610008682110814e+18,-3.0312216910547523e+18,-9.102776102207427e+18,-8.000953619755182e+17,-1.1963825275707807e+18,4.3431955748650716e+18,-1.601026870094509e+18,4.747574409092183e+18,-2.53906694408796e+18,1.8782188802747758e+18,-3.6848437091829033e+18,-7.794371400252165e+18,7.334139759821523e+18,-1.4162399933860454e+18,4.5347612776487383e+18,-6.098673335529921e+17,-1.5853417323516846e+18,-7.083155196021542e+18,0.0,0.0,0.0,0.0,0.0,0.0,0.0
88,7.19992474191079e+18,-5.345849053803345e+18,-1.491687831754529e+18,6.991990246757806e+18,-4.493876035993172e+18,3.895822530781424e+18,9.153325173323152e+18,6.273682666579908e+18,-7.762839143743948e+18,4.718912592505395e+18,-3.6931610898249247e+18,5.842136707203595e+18,3.4167157347925765e+18,4.367687157367859e+17,-5.843302487922955e+18,2.10772491808008e+17,8.495611520764833e+18,-1.209796846169188e+18,-5.449132927949118e+18,-5.282182372256767e+18,3.068318242844435e+18,-8.479025174060956e+18,-8.290275773703337e+17,5.461028538882868e+18,6.824488079933523e+18,2.575648602506437e+18,-6.650583522521183e+18,2.5383834056168596e+18,1.861193698434198e+18,4.781613556684315e+18,-2.561662927428939e+18,4.755234628939796e+18
10,-3.1628492220673275e+18,4.235868307131544e+18,-8.883980903026319e+18,4.591984758631958e+18,-5.679173875983746e+17,-1.204163066630478e+18,-5.061713178248298e+18,-8.723422035554684e+18,-3.5550662784806845e+18,-3.8470197255592673e+18,3.538369275128882e+18,2.5088919810507876e+16,-8.586655401342022e+18,-3.5343432192754094e+18,-5.054659939204907e+18,-2.2017820201597745e+18,8.490442999234317e+18,4.375710723538073e+18,-8.213390896034631e+18,3.4085395650276285e+18,-7.382428950904081e+18,-1.263708674955178e+18,-2.967821441865634e+18,7.865736054222189e+18,3.41850966921825e+18,3.6884000097103263e+18,1.6941852758253322e+18,3.065613597367965e+17,0.0,0.0,0.0,0.0
53,-6.718799456246306e+18,5.431893704360875e+18,5.932525031499856e+18,-2.4000721258531584e+18,1.5914300907787177e+18,2.4951001985503416e+18,5.151849916961804e+18,-5.073998236703934e+18,-6.809875805526139e+18,-7.688016942998289e+17,1.0527018099056077e+18,2.383751665225751e+18,5.418508405113256e+18,-6.340257991342905e+18,8.255190237072252e+18,9.809540405402228e+17,6.633374139056942e+18,2.2834866983661292e+18,-7.308659051569317e+18,4.1519265746062664e+18,5.251262805930643e+18,7.08809448443145e+18,8.22255757212466e+17,-1.4892969416128294e+18,-2.0803154702804864e+18,2.405907308292615e+18,-9.185190519637504e+18,-4.4098092721009674e+18,-4.1989931580943503e+18,0.0,0.0,0.0
8,-8.766750139720603e+18,8.986365929043438e+18,5.24688464796076e+18,-4.5892806145704745e+18,8.336288909944437e+18,7.303616777296054e+18,-4.711114411460246e+18,7.262527325102322e+18,-3.5832604681331323e+18,5.846704013025809e+18,-4.654432547570183e+18,1.9503635588284613e+18,1.0813042862303338e+18,2.790377464079552e+18,7.078719820778557e+18,5.646657982422207e+18,4.544141792075358e+18,2.772657062310797e+18,3.445900469283962e+18,6.039660936974919e+18,7.456462935439572e+18,3.945126717418833e+18,-1.1729284694569718e+18,4.566591155844219e+18,-2.815506458113562e+18,8.293668324402369e+17,4.735901751509121e+18,0.0,0.0,0.0,0.0,0.0
39,-8.052400317356709e+18,5.311722954661279e+18,-2.117717229771793e+18,-8.121121156215475e+18,9.532691751968836e+17,-5.727857703700703e+18,6.286329846703677e+18,7.805414489314417e+18,-3.2150416151184e+18,3.489233268467068e+17,-4.468578310514403e+17,6.392278877817997e+18,-3.9894566384516173e+18,-7.955059568288905e+18,5.793013955791438e+18,4.724005010064682e+18,-7.524710867869218e+18,5.104721508758434e+18,-8.016689903717736e+18,-6.099090724261479e+18,-4.541457641433951e+18,0.0,0.0,0.0,0.0,0.0,0.0,0.0,0.0,0.0,0.0,0.0
47,4.938351112664185e+18,7.741364479790447e+18,-4.07588670204559e+18,-2.1807007654298737e+18,-8.121117774982249e+18,1.7152434420409377e+18,-2.324171139075427e+18,-8.441958241073521e+18,2.762974204175848e+18,5.11644696661237e+18,0.0,0.0,0.0,0.0,0.0,0.0,0.0,0.0,0.0,0.0,0.0,0.0,0.0,0.0,0.0,0.0,0.0,0.0,0.0,0.0,0.0,0.0
60,2.5251775142585236e+18,3.656209507827821e+18,5.344275202710829e+18,-4.5024672885866496e+18,5.095158907245734e+18,4.768236327911962e+18,-8.759335508899164e+18,-7.617456594322241e+18,-1.281836909905498e+18,8.429594181507297e+18,-4.5662724180982144e+18,-4.773056627948812e+18,6.571123030958655e+18,-4.691758872148491e+17,-7.732201150878262e+18,-6.589612566702823e+18,-2.1754006906220943e+18,-8.033958273964192e+18,0.0,0.0,0.0,0.0,0.0,0.0,0.0,0.0,0.0,0.0,0.0,0.0,0.0,0.0
89,3.841980284839433e+18,5.13631587847734e+18,4.514070657736704e+18,-1.827328031961084e+18,9.209419353050673e+18,-1.845411655993549e+18,8.799641872416423e+18,-5.06688773360882e+18,-7.074164045813541e+18,2.9967947026479135e+18,-6.283156714295404e+18,0.0,0.0,0.0,0.0,0.0,0.0,0.0,0.0,0.0,0.0,0.0,0.0,0.0,0.0,0.0,0.0,0.0,0.0,0.0,0.0,0.0
51,-4.534719508562586e+18,-4.390813279295157e+18,-1.1541392910216438e+17,2.0722916167745116e+18,7.362296204671303e+18,-7.5968862610078e+18,6.491097367925103e+18,-7.843581030807707e+18,4.700690445912628e+18,-4.15353064133035e+18,4.985079257705335e+18,-3.996474846320917e+18,-3.4546707215011313e+18,-7.795428457730758e+18,-5.063823497818654e+18,6.080615223462286e+18,-9.528394777511247e+17,-6.372787565886185e+18,-5.88793350218322e+18,-1.7168486199782474e+18,4.512124231583718e+18,-2.0761946472860168e+18,-7.908970087954765e+18,4.3537759370689777e+18,7.482696354954441e+18,-7.504901452641538e+18,3.298047189102919e+18,-3.144036511453889e+18,-2.2862638150201262e+18,1.8006262607214218e+18,-8.307573834577787e+18,-1.0541628253588997e+18
14,-3.611048673852796e+18,-9.091373275450636e+18,8.68079335445376e+18,5.773588912792127e+18,9.092248632221909e+18,-6.831495819650092e+18,-2.7480839396739835e+18,-7.635323697931281e+18,-3.7955166153272294e+18,3.310096640665675e+18,-7.895109324420536e+18,-3.553932874274023e+17,-2.5800469772079913e+18,-8.483908982355024e+18,-4.532892767179596e+18,5.876367055629348e+18,-4.094441890717038e+18,5.516283237720007e+17,1.081997685018188e+18,1.1826177775017137e+18,7.591601755250459e+18,2.077879640437276e+18,7.810269550151996e+18,1.5290079401101283e+17,-4.169829886663971e+18,7.2606660345541e+18,-2.089082107997609e+18,0.0,0.0,0.0,0.0,0.0
28,5.45071162612285e+18,8.174907920140322e+18,-5.066817783342715e+18,0.0,0.0,0.0,0.0,0.0,0.0,0.0,0.0,0.0,0.0,0.0,0.0,0.0,0.0,0.0,0.0,0.0,0.0,0.0,0.0,0.0,0.0,0.0,0.0,0.0,0.0,0.0,0.0,0.0
16,-5.38546558089618e+18,6.38138119491828e+18,7.250764564666365e+18,3.9595064797412116e+18,3.1948117187602637e+18,-5.846879290285546e+18,5.280896158401209e+18,-2.841995370627022e+17,6.42074179771231e+18,-8.049074628261143e+18,1.7787975732430907e+18,-3.8324160144513e+18,-1.020614048936144e+18,-6.225155996294371e+18,7.006750063957329e+18,-6.124805321880842e+18,4.793460134222609e+18,3.43105404419289e+18,3.6525831224099983e+18,0.0,0.0,0.0,0.0,0.0,0.0,0.0,0.0,0.0,0.0,0.0,0.0,0.0
34,9.87510719422857e+17,-2.912455571185203e+18,-2.4461563913129477e+18,4.5952921898919117e+18,-9.02177798212631e+18,7.06803504623148e+18,5.352452786717988e+18,-1.3387914402395197e+18,-6.182699997680048e+18,-1.9357009890593633e+18,-1.463291983844055e+17,2.3826883728406246e+18,-5.602132487621768e+18,-8.985559119818644e+18,-4.056242862684819e+18,0.0,0.0,0.0,0.0,0.0,0.0,0.0,0.0,0.0,0.0,0.0,0.0,0.0,0.0,0.0,0.0,0.0
82,3.2748445799697034e+18,-7.681535867435725e+17,-1.9411524720537213e+18,-2.3044071734959434e+17,1.2596592368514063e+18,8.73762871586067e+18,-3.3918045163322235e+18,3.374785170139377e+18,-8.647152840910434e+18,1.2885873369179625e+18,2.0928752952087823e+18,-4.911417948416608e+18,-6.590172173554019e+17,-8.328525912297573e+18,1.953614679822331e+18,-2.1641775729820644e+18,-2.1262835561433872e+17,5.17561358562296e+18,0.0,0.0,0.0,0.0,0.0,0.0,0.0,0.0,0.0,0.0,0.0,0.0,0.0,0.0
46,-2.537258732869819e+18,1.9502002841588314e+17,8.699993901976948e+18,3.2296649336701404e+18,3.756865774071428e+18,5.688630095774241e+18,8.762634165327564e+17,2.064485517305083e+18,6.713056478259554e+18,1.3176522229524882e+18,-4.1085194125992955e+18,-9.417512530961047e+17,-7.370535351636116e+18,-6.295334976905513e+18,1.4369330987311877e+18,4.1404077938414213e+18,4.4465007095912786e+18,-6.277238907657469e+18,5.682931346831809e+18,-6.47162889599268e+18,9.157766503817768e+18,2.2902791498892846e+18,-8.248073134424146e+18,-6.098490512827286e+18,-2.264769134460061e+18,-4.756186355203311e+18,-3.926008198989024e+18,3.1010715140076915e+17,-3256764344168388.0,-3.0025601349578757e+18,3.897311031812722e+18,2.230204989731423e+18
27,-1.0154337721058523e+18,-3.7050530332840074e+18,-6.232702518350302e+18,-1.2813809744714893e+18,-1.23380063948762e+18,5.611156967046007e+18,3.7954377437698964e+18,-8.612714488843898e+18,-1.235261634519887e+18,8.432275755686721e+17,8.940231403754911e+18,7.559673019880319e+18,2.9965689074971766e+18,-7.275848746069439e+18,4.98313510599298e+18,-2.1847673647885706e+18,8.463604530577428e+18,-7.324111895120184e+18,-6.619864595889655e+18,-8.674529733523622e+17,-1.0064011077636271e+18,-2.5560513191372047e+18,-2.048131925358036e+18,-6.071734690916822e+18,8.421251258987565e+18,-1.4705507346311805e+18,-6.576566033818216e+18,0.0,0.0,0.0,0.0,0.0
20,8.109874952960532e+18,-1.727335470680115e+18,-4.939950860639288e+18,8.510842893347146e+18,-8.295645094195201e+18,2.94840537567702e+18,-3.567064646538153e+18,7.382502145924178e+18,5.865205903715704e+18,1.0237075108290889e+18,4.0204253754391455e+18,-8.368753338259687e+18,1.5718808371772608e+18,8.348025727402727e+18,8.071816843764723e+18,5.617105289794525e+18,-7.983757158112653e+18,2.2881685830366241e+18,-2.2298150710825649e+18,-3.2727527017969915e+18,-8.364074038281221e+18,-5.895091011854087e+18,-2.3916341152704625e+18,7.656885107051809e+18,-2.516881887291994e+18,3.116697574451178e+18,3.2763677484594683e+18,3.25119393191402e+18,-3.138259368104977e+18,-3.7173529650206674e+18,5.47144070392421e+18,0.0
9,5.121581578068474e+18,-4.5826845895366175e+18,1.19695043063618e+18,-6.485355678440404e+18,3.199986626254453e+18,7.364776377210319e+18,5.920032697418532e+18,7.254402218125283e+18,4.249018467104702e+18,-9.408137208090356e+17,-7.129829798801791e+18,-1.6337027037422794e+18,2.2084550545972577e+18,-7.033492256687866e+18,1.1229231873114492e+18,6.691356203719058e+18,5.468388613583479e+18,-5.139790472627116e+18,-6.225308123264438e+18,1.4424385591122248e+18,-6.118554453959893e+18,-4.1290249438731177e+18,4.299765181711177e+18,7.757748009411958e+18,5.696898064900447e+18,-4.659786568483384e+18,6.624051955237253e+18,-3.808254001114058e+18,-9.06175967618854e+18,0.0,0.0,0.0
92,4.1379368356026977e+18,1.288400219341945e+18,-1.4983022459501204e+18,1.9239144375560886e+18,-1.4853343771424547e+17,0.0,0.0,0.0,0.0,0.0,0.0,0.0,0.0,0.0,0.0,0.0,0.0,0.0,0.0,0.0,0.0,0.0,0.0,0.0,0.0,0.0,0.0,0.0,0.0,0.0,0.0,0.0
3,5.970602368519389e+18,7.611455909833627e+18,-9.101395754838484e+18,1.1081389604408248e+18,4.926616408280886e+18,2.628117167564154e+18,-3.7859310352418314e+18,-2.9383301437048443e+18,5.628288621608465e+18,-3.5127505354588375e+18,8.148887077563736e+17,-9.209515819300628e+18,-1.837734907202299e+18,-5.158036516269135e+18,1.1243864605297202e+16,0.0,0.0,0.0,0.0,0.0,0.0,0.0,0.0,0.0,0.0,0.0,0.0,0.0,0.0,0.0,0.0,0.0
98,-1.8029437450467407e+18,-3.767772102952715e+18,3.438383516482826e+17,-9.028248668009993e+18,6.813722674035208e+18,0.0,0.0,0.0,0.0,0.0,0.0,0.0,0.0,0.0,0.0,0.0,0.0,0.0,0.0,0.0,0.0,0.0,0.0,0.0,0.0,0.0,0.0,0.0,0.0,0.0,0.0,0.0
29,8.719007118600311e+18,8.33460517752238e+18,4.1714375302345395e+18,4.062227824887477e+18,2.1312613064801341e+18,3.9613876736207713e+18,1.543512583734496e+18,8.380242880652939e+18,6.418054400379456e+17,3.4025677558399314e+18,8.922813588132917e+18,-4.516510120154353e+18,4.734451521576742e+18,2.9696794912603745e+18,3.418982830706305e+18,6.734402660871967e+18,-6.052751575315875e+18,7.846180586183449e+18,-1.7165661412894678e+17,-8.676273284982565e+18,-6.86587751332314e+18,0.0,0.0,0.0,0.0,0.0,0.0,0.0,0.0,0.0,0.0,0.0
80,-7.293596069956925e+18,-8.610909671028007e+18,-1.9677175803264084e+18,4.651304890942446e+18,3.762667210174641e+18,-4.1935070704802545e+18,-2.5759862821719864e+18,-8.553027318122893e+17,4.321864992594605e+18,-2.362696651485616e+18,-7.07677107228195e+18,-4.476091160266774e+18,5.338770301360504e+18,5.088640730846518e+18,-5.925465825255117e+18,-7.416749731116002e+18,-9.080295462049829e+18,6.974759091963677e+18,-2.592791882624149e+18,5.511503151836083e+18,-2.1468839210998317e+17,-8.720753721066294e+18,0.0,0.0,0.0,0.0,0.0,0.0,0.0,0.0,0.0,0.0
73,-1.0270552845854703e+18,-3.486680003939781e+18,1.7795289765823452e+18,2.0873973923919465e+18,-7.168048921798913e+18,1.96555043523545e+18,6.983728058392401e+18,-8.426830063673512e+18,4.8054970499813523e+17,9.129403766719047e+18,-8.60108191441088e+18,4.058864074854487e+18,3.055763145028726e+18,-1.8009038455469414e+16,-4.1951411564254423e+18,-1.995387619682517e+18,-5.784338559907415e+18,-2.970566623742158e+18,3.44812732019517e+18,-5.193810613442852e+18,-6.701653305713763e+18,2.728222777367449e+18,5.215255033702975e+18,-7.105822339256017e+18,2.4690356167920365e+17,-2.4677495721542774e+18,-8.601093524681615e+18,7.464334741168313e+18,-3.3430902767667564e+18,6.847020483725937e+18,5.094034375588986e+18,-1.6858887573965565e+18
