11,-5658.0,-3628.0,-12590.0,-5773.0,13615.0,7666.0,-24504.0,-1439.0,27960.0,31972.0,-16487.0,1136.0,29366.0,-3842.0,-12313.0,-22288.0,3002.0,-27261.0,15214.0,-5540.0,-1528.0,-9328.0,0.0,0.0,0.0,0.0,0.0,0.0,0.0,0.0,0.0,0.0
19,-22457.0,4746.0,10929.0,-29277.0,26586.0,-2779.0,32584.0,-15035.0,27483.0,17810.0,15241.0,-22912.0,-4721.0,21028.0,30400.0,3253.0,-5755.0,11848.0,24635.0,-12071.0,14058.0,-29736.0,0.0,0.0,0.0,0.0,0.0,0.0,0.0,0.0,0.0,0.0
12,13032.0,-20251.0,21452.0,16862.0,8205.0,-8820.0,-13512.0,993.0,-8971.0,21524.0,18914.0,19509.0,13569.0,6808.0,-12223.0,15949.0,-6990.0,18104.0,-27277.0,-13420.0,25072.0,-16269.0,0.0,0.0,0.0,0.0,0.0,0.0,0.0,0.0,0.0,0.0
38,26815.0,-25152.0,-1696.0,6611.0,576.0,22359.0,30390.0,-31978.0,-10965.0,18269.0,6585.0,21984.0,17797.0,-1474.0,30604.0,25505.0,11682.0,32295.0,-7542.0,-17398.0,-20054.0,-11999.0,-23752.0,-28535.0,14935.0,-3647.0,-475.0,3577.0,0.0,0.0,0.0,0.0
81,-10486.0,22665.0,-32173.0,29951.0,11237.0,17653.0,24586.0,7073.0,27891.0,-19423.0,13783.0,16073.0,29257.0,0.0,0.0,0.0,0.0,0.0,0.0,0.0,0.0,0.0,0.0,0.0,0.0,0.0,0.0,0.0,0.0,0.0,0.0,0.0
5,-18412.0,12303.0,-15906.0,-12206.0,-4793.0,-9793.0,-9285.0,-3188.0,14.0,-9373.0,-13434.0,-23733.0,-23281.0,-22124.0,587.0,0.0,0.0,0.0,0.0,0.0,0.0,0.0,0.0,0.0,0.0,0.0,0.0,0.0,0.0,0.0,0.0,0.0
40,-11616.0,8706.0,-29536.0,-16311.0,-12555.0,-17639.0,12403.0,15184.0,0.0,0.0,0.0,0.0,0.0,0.0,0.0,0.0,0.0,0.0,0.0,0.0,0.0,0.0,0.0,0.0,0.0,0.0,0.0,0.0,0.0,0.0,0.0,0.0
70,11434.0,27232.0,-23584.0,-17969.0,27998.0,26492.0,0.0,0.0,0.0,0.0,0.0,0.0,0.0,0.0,0.0,0.0,0.0,0.0,0.0,0.0,0.0,0.0,0.0,0.0,0.0,0.0,0.0,0.0,0.0,0.0,0.0,0.0
23,-17751.0,-19073.0,-7532.0,4700.0,14912.0,-1494.0,9988.0,-13751.0,-15362.0,-3047.0,5537.0,0.0,0.0,0.0,0.0,0.0,0.0,0.0,0.0,0.0,0.0,0.0,0.0,0.0,0.0,0.0,0.0,0.0,0.0,0.0,0.0,0.0
72,-12173.0,18884.0,11297.0,15659.0,9870.0,25592.0,0.0,0.0,0.0,0.0,0.0,0.0,0.0,0.0,0.0,0.0,0.0,0.0,0.0,0.0,0.0,0.0,0.0,0.0,0.0,0.0,0.0,0.0,0.0,0.0,0.0,0.0
79,-8973.0,-31630.0,-9044.0,16507.0,-22696.0,-969.0,0.0,0.0,0.0,0.0,0.0,0.0,0.0,0.0,0.0,0.0,0.0,0.0,0.0,0.0,0.0,0.0,0.0,0.0,0.0,0.0,0.0,0.0,0.0,0.0,0.0,0.0
78,4171.0,30316.0,15349.0,-4139.0,29927.0,2250.0,0.0,0.0,0.0,0.0,0.0,0.0,0.0,0.0,0.0,0.0,0.0,0.0,0.0,0.0,0.0,0.0,0.0,0.0,0.0,0.0,0.0,0.0,0.0,0.0,0.0,0.0
87,30332.0,22773.0,-1853.0,4160.0,-21574.0,-7906.0,510.0,-30666.0,15370.0,13930.0,12171.0,17989.0,5721.0,0.0,0.0,0.0,0.0,0.0,0.0,0.0,0.0,0.0,0.0,0.0,0.0,0.0,0.0,0.0,0.0,0.0,0.0,0.0
6,-5529.0,-6897.0,27402.0,22897.0,14042.0,-5464.0,24418.0,29740.0,-1764.0,-17979.0,20800.0,9544.0,9896.0,-24837.0,9689.0,0.0,0.0,0.0,0.0,0.0,0.0,0.0,0.0,0.0,0.0,0.0,0.0,0.0,0.0,0.0,0.0,0.0
68,-28216.0,-6114.0,19997.0,-17725.0,-22702.0,0.0,0.0,0.0,0.0,0.0,0.0,0.0,0.0,0.0,0.0,0.0,0.0,0.0,0.0,0.0,0.0,0.0,0.0,0.0,0.0,0.0,0.0,0.0,0.0,0.0,0.0,0.0
69,-18403.0,-31851.0,1923.0,-8744.0,6750.0,0.0,0.0,0.0,0.0,0.0,0.0,0.0,0.0,0.0,0.0,0.0,0.0,0.0,0.0,0.0,0.0,0.0,0.0,0.0,0.0,0.0,0.0,0.0,0.0,0.0,0.0,0.0
1,14293.0,28358.0,4531.0,8107.0,18929.0,-4390.0,15908.0,16490.0,18981.0,18204.0,1240.0,-12158.0,15453.0,-6954.0,-22844.0,0.0,0.0,0.0,0.0,0.0,0.0,0.0,0.0,0.0,0.0,0.0,0.0,0.0,0.0,0.0,0.0,0.0
45,5580.0,28611.0,29950.0,-13111.0,-8921.0,28456.0,7598.0,24751.0,0.0,0.0,0.0,0.0,0.0,0.0,0.0,0.0,0.0,0.0,0.0,0.0,0.0,0.0,0.0,0.0,0.0,0.0,0.0,0.0,0.0,0.0,0.0,0.0
33,5099.0,22699.0,10693.0,-15650.0,0.0,5946.0,6822.0,-27818.0,-22370.0,9468.0,24226.0,-30727.0,-27628.0,11357.0,31251.0,-12399.0,19608.0,14265.0,-19880.0,-13652.0,23882.0,1594.0,4637.0,-15036.0,-23825.0,-26148.0,-32369.0,-5053.0,0.0,0.0,0.0,0.0
15,-2369.0,7831.0,22109.0,9845.0,-25718.0,15965.0,-13304.0,-4155.0,15498.0,-29863.0,-23518.0,20208.0,-31268.0,28756.0,-17266.0,4212.0,-24730.0,10141.0,-25190.0,-12972.0,26868.0,-12026.0,0.0,0.0,0.0,0.0,0.0,0.0,0.0,0.0,0.0,0.0
93,-25568.0,-5750.0,-14015.0,17010.0,635.0,-25466.0,-7065.0,4813.0,-3786.0,18193.0,16155.0,24217.0,-1607.0,-3769.0,9045.0,-9118.0,-25427.0,-26309.0,6755.0,-5661.0,-9298.0,-19630.0,-4492.0,17593.0,-9738.0,-10852.0,-23803.0,-17142.0,-29682.0,7509.0,-1463.0,12332.0
24,4982.0,25071.0,-29978.0,-10376.0,-5923.0,-30935.0,29386.0,29584.0,-16222.0,15489.0,6680.0,0.0,0.0,0.0,0.0,0.0,0.0,0.0,0.0,0.0,0.0,0.0,0.0,0.0,0.0,0.0,0.0,0.0,0.0,0.0,0.0,0.0
25,-8438.0,31198.0,15472.0,-28801.0,-30834.0,-2544.0,-15319.0,29685.0,24685.0,-31378.0,-25383.0,0.0,0.0,0.0,0.0,0.0,0.0,0.0,0.0,0.0,0.0,0.0,0.0,0.0,0.0,0.0,0.0,0.0,0.0,0.0,0.0,0.0
26,-21358.0,-26557.0,-15496.0,-14731.0,-9560.0,24259.0,-2653.0,22690.0,3278.0,-240.0,5334.0,0.0,0.0,0.0,0.0,0.0,0.0,0.0,0.0,0.0,0.0,0.0,0.0,0.0,0.0,0.0,0.0,0.0,0.0,0.0,0.0,0.0
48,-6516.0,31672.0,-25096.0,-16634.0,1160.0,19425.0,-908.0,20234.0,0.0,0.0,0.0,0.0,0.0,0.0,0.0,0.0,0.0,0.0,0.0,0.0,0.0,0.0,0.0,0.0,0.0,0.0,0.0,0.0,0.0,0.0,0.0,0.0
71,24200.0,-8313.0,-31498.0,-9243.0,30092.0,11761.0,0.0,0.0,0.0,0.0,0.0,0.0,0.0,0.0,0.0,0.0,0.0,0.0,0.0,0.0,0.0,0.0,0.0,0.0,0.0,0.0,0.0,0.0,0.0,0.0,0.0,0.0
76,-8484.0,21303.0,29068.0,-25416.0,24120.0,30846.0,0.0,0.0,0.0,0.0,0.0,0.0,0.0,0.0,0.0,0.0,0.0,0.0,0.0,0.0,0.0,0.0,0.0,0.0,0.0,0.0,0.0,0.0,0.0,0.0,0.0,0.0
7,11167.0,14953.0,-17718.0,29957.0,-32174.0,-26786.0,-2788.0,2951.0,2491.0,-28800.0,13063.0,-5575.0,1232.0,4720.0,-25433.0,0.0,0.0,0.0,0.0,0.0,0.0,0.0,0.0,0.0,0.0,0.0,0.0,0.0,0.0,0.0,0.0,0.0
50,-9678.0,8758.0,-3288.0,-4692.0,0.0,0.0,0.0,0.0,0.0,0.0,0.0,0.0,0.0,0.0,0.0,0.0,0.0,0.0,0.0,0.0,0.0,0.0,0.0,0.0,0.0,0.0,0.0,0.0,0.0,0.0,0.0,0.0
22,-6095.0,-13653.0,16902.0,26805.0,27768.0,-12788.0,3683.0,-23478.0,6770.0,19723.0,-8861.0,0.0,0.0,0.0,0.0,0.0,0.0,0.0,0.0,0.0,0.0,0.0,0.0,0.0,0.0,0.0,0.0,0.0,0.0,0.0,0.0,0.0
4,27748.0,2490.0,-15828.0,-24483.0,16142.0,4070.0,28167.0,-13653.0,17013.0,-6230.0,31751.0,28760.0,-3723.0,-25547.0,12276.0,0.0,0.0,0.0,0.0,0.0,0.0,0.0,0.0,0.0,0.0,0.0,0.0,0.0,0.0,0.0,0.0,0.0
32,7903.0,3914.0,-25711.0,-16680.0,-504.0,-20517.0,-5322.0,12070.0,27371.0,12743.0,-19912.0,-23468.0,-4614.0,2779.0,21039.0,-30459.0,-8274.0,11468.0,14344.0,-31431.0,1475.0,25338.0,-30468.0,14197.0,-1204.0,16188.0,-21398.0,701.0,0.0,0.0,0.0,0.0
77,27107.0,4753.0,24991.0,28066.0,6632.0,-4696.0,0.0,0.0,0.0,0.0,0.0,0.0,0.0,0.0,0.0,0.0,0.0,0.0,0.0,0.0,0.0,0.0,0.0,0.0,0.0,0.0,0.0,0.0,0.0,0.0,0.0,0.0
91,23824.0,8897.0,-24371.0,7216.0,-21482.0,-25205.0,5842.0,25383.0,32072.0,15038.0,-24285.0,8624.0,-7480.0,10277.0,-17458.0,-21893.0,-11501.0,-12522.0,-6575.0,-9524.0,18861.0,12317.0,-30272.0,7369.0,18194.0,12419.0,-25141.0,3667.0,-5204.0,6145.0,-2263.0,32759.0
42,9582.0,17595.0,-27425.0,24762.0,21333.0,11544.0,24176.0,-20068.0,0.0,0.0,0.0,0.0,0.0,0.0,0.0,0.0,0.0,0.0,0.0,0.0,0.0,0.0,0.0,0.0,0.0,0.0,0.0,0.0,0.0,0.0,0.0,0.0
13,-24981.0,12982.0,32667.0,6771.0,305.0,-9026.0,-20538.0,-25130.0,-32560.0,1648.0,29415.0,17099.0,-7607.0,-16575.0,-21071.0,-3390.0,-8674.0,-19835.0,2007.0,-32318.0,209.0,-14140.0,0.0,0.0,0.0,0.0,0.0,0.0,0.0,0.0,0.0,0.0
41,-15973.0,-30941.0,-14731.0,-29844.0,-18539.0,-26065.0,14432.0,-22111.0,0.0,0.0,0.0,0.0,0.0,0.0,0.0,0.0,0.0,0.0,0.0,0.0,0.0,0.0,0.0,0.0,0.0,0.0,0.0,0.0,0.0,0.0,0.0,0.0
55,15163.0,7780.0,-2601.0,-28307.0,0.0,0.0,0.0,0.0,0.0,0.0,0.0,0.0,0.0,0.0,0.0,0.0,0.0,0.0,0.0,0.0,0.0,0.0,0.0,0.0,0.0,0.0,0.0,0.0,0.0,0.0,0.0,0.0
31,9607.0,3143.0,30720.0,15.0,26496.0,21357.0,-17243.0,25967.0,-15535.0,-7137.0,-1696.0,-5129.0,14597.0,224.0,31382.0,-32287.0,12256.0,-7035.0,-12763.0,26564.0,-20249.0,-925.0,20717.0,31023.0,16325.0,-21537.0,3026.0,31974.0,0.0,0.0,0.0,0.0
66,29816.0,644.0,-21801.0,-18557.0,15299.0,0.0,0.0,0.0,0.0,0.0,0.0,0.0,0.0,0.0,0.0,0.0,0.0,0.0,0.0,0.0,0.0,0.0,0.0,0.0,0.0,0.0,0.0,0.0,0.0,0.0,0.0,0.0
65,3109.0,-201.0,14794.0,-30014.0,-1879.0,0.0,0.0,0.0,0.0,0.0,0.0,0.0,0.0,0.0,0.0,0.0,0.0,0.0,0.0,0.0,0.0,0.0,0.0,0.0,0.0,0.0,0.0,0.0,0.0,0.0,0.0,0.0
62,23816.0,-5375.0,-11721.0,8348.0,-28157.0,0.0,0.0,0.0,0.0,0.0,0.0,0.0,0.0,0.0,0.0,0.0,0.0,0.0,0.0,0.0,0.0,0.0,0.0,0.0,0.0,0.0,0.0,0.0,0.0,0.0,0.0,0.0
21,-3666.0,-15479.0,10211.0,-30727.0,-782.0,-27643.0,18805.0,-813.0,32068.0,8264.0,-17607.0,0.0,0.0,0.0,0.0,0.0,0.0,0.0,0.0,0.0,0.0,0.0,0.0,0.0,0.0,0.0,0.0,0.0,0.0,0.0,0.0,0.0
95,13502.0,-21169.0,3031.0,26837.0,-32663.0,16623.0,5109.0,13427.0,27721.0,-28695.0,-3884.0,27666.0,-16664.0,9448.0,-17073.0,16361.0,-31418.0,13437.0,-15578.0,-23554.0,-16960.0,15294.0,14469.0,6276.0,32544.0,-24611.0,7054.0,-18857.0,-17993.0,-31239.0,21172.0,-963.0
84,14035.0,9917.0,13534.0,20383.0,-25413.0,-13504.0,-27806.0,-22343.0,20262.0,11296.0,9189.0,-10090.0,-10308.0,0.0,0.0,0.0,0.0,0.0,0.0,0.0,0.0,0.0,0.0,0.0,0.0,0.0,0.0,0.0,0.0,0.0,0.0,0.0
58,18713.0,24052.0,18875.0,-8029.0,0.0,0.0,0.0,0.0,0.0,0.0,0.0,0.0,0.0,0.0,0.0,0.0,0.0,0.0,0.0,0.0,0.0,0.0,0.0,0.0,0.0,0.0,0.0,0.0,0.0,0.0,0.0,0.0
64,26835.0,23546.0,8904.0,-17962.0,13361.0,0.0,0.0,0.0,0.0,0.0,0.0,0.0,0.0,0.0,0.0,0.0,0.0,0.0,0.0,0.0,0.0,0.0,0.0,0.0,0.0,0.0,0.0,0.0,0.0,0.0,0.0,0.0
83,3561.0,-32312.0,-28551.0,23200.0,-2505.0,32298.0,-11075.0,-5742.0,-12998.0,9714.0,-22436.0,-30270.0,-6802.0,0.0,0.0,0.0,0.0,0.0,0.0,0.0,0.0,0.0,0.0,0.0,0.0,0.0,0.0,0.0,0.0,0.0,0.0,0.0
94,-27686.0,13333.0,-32460.0,31290.0,31918.0,3705.0,-4962.0,-26312.0,30069.0,-30458.0,-12875.0,30533.0,15545.0,-18697.0,1292.0,29092.0,-32471.0,-18107.0,-20759.0,-31480.0,-11732.0,3968.0,24416.0,11037.0,13216.0,3362.0,17123.0,11131.0,-16997.0,-3797.0,31368.0,-25510.0
0,-9567.0,1007.0,22648.0,-18032.0,-6842.0,-3029.0,14445.0,-15442.0,803.0,-2620.0,-10247.0,-24911.0,13494.0,-20243.0,-22188.0,0.0,0.0,0.0,0.0,0.0,0.0,0.0,0.0,0.0,0.0,0.0,0.0,0.0,0.0,0.0,0.0,0.0
99,-30379.0,-29812.0,-8968.0,30859.0,21131.0,16539.0,-12622.0,1649.0,-27134.0,29315.0,29550.0,23368.0,-32239.0,4680.0,-14141.0,22902.0,25308.0,-27758.0,18900.0,1596.0,-11899.0,13695.0,-24811.0,22622.0,31837.0,5693.0,-2927.0,6237.0,-29397.0,-21281.0,5490.0,-3746.0
96,-12089.0,-28255.0,11091.0,-13574.0,-18401.0,824.0,2223.0,-10103.0,-22826.0,-22122.0,133.0,-14333.0,-27011.0,9742.0,8159.0,5648.0,30553.0,-29898.0,-21920.0,-26591.0,-22061.0,-7086.0,-9639.0,-17050.0,18281.0,-3017.0,10587.0,1858.0,-16669.0,18839.0,-30288.0,-19948.0
67,-8576.0,16455.0,12688.0,-15164.0,27317.0,0.0,0.0,0.0,0.0,0.0,0.0,0.0,0.0,0.0,0.0,0.0,0.0,0.0,0.0,0.0,0.0,0.0,0.0,0.0,0.0,0.0,0.0,0.0,0.0,0.0,0.0,0.0
61,-20027.0,-28404.0,24519.0,-15563.0,-5286.0,0.0,0.0,0.0,0.0,0.0,0.0,0.0,0.0,0.0,0.0,0.0,0.0,0.0,0.0,0.0,0.0,0.0,0.0,0.0,0.0,0.0,0.0,0.0,0.0,0.0,0.0,0.0
43,14555.0,18828.0,-25653.0,-13343.0,-627.0,-29782.0,24487.0,11027.0,0.0,0.0,0.0,0.0,0.0,0.0,0.0,0.0,0.0,0.0,0.0,0.0,0.0,0.0,0.0,0.0,0.0,0.0,0.0,0.0,0.0,0.0,0.0,0.0
2,-850.0,3867.0,-3767.0,-8557.0,9491.0,-28130.0,22372.0,1904.0,3647.0,9911.0,22493.0,-29691.0,-29196.0,21967.0,13835.0,0.0,0.0,0.0,0.0,0.0,0.0,0.0,0.0,0.0,0.0,0.0,0.0,0.0,0.0,0.0,0.0,0.0
54,-9026.0,-29732.0,7043.0,17810.0,0.0,0.0,0.0,0.0,0.0,0.0,0.0,0.0,0.0,0.0,0.0,0.0,0.0,0.0,0.0,0.0,0.0,0.0,0.0,0.0,0.0,0.0,0.0,0.0,0.0,0.0,0.0,0.0
30,19694.0,23907.0,-1918.0,10501.0,-631.0,-10674.0,-696.0,-7718.0,-9828.0,17230.0,-18501.0,-3469.0,-25278.0,7313.0,-32183.0,14660.0,-5434.0,-20216.0,20924.0,31509.0,29801.0,-23454.0,-24726.0,13268.0,-11851.0,-13700.0,-22630.0,19868.0,0.0,0.0,0.0,0.0
59,10717.0,-24814.0,10573.0,31732.0,0.0,0.0,0.0,0.0,0.0,0.0,0.0,0.0,0.0,0.0,0.0,0.0,0.0,0.0,0.0,0.0,0.0,0.0,0.0,0.0,0.0,0.0,0.0,0.0,0.0,0.0,0.0,0.0
85,-16424.0,20373.0,-21416.0,16613.0,-10385.0,-29592.0,10524.0,-977.0,-11888.0,-7590.0,4542.0,16323.0,10371.0,0.0,0.0,0.0,0.0,0.0,0.0,0.0,0.0,0.0,0.0,0.0,0.0,0.0,0.0,0.0,0.0,0.0,0.0,0.0
74,-26780.0,-30768.0,-29027.0,-22768.0,9485.0,25554.0,0.0,0.0,0.0,0.0,0.0,0.0,0.0,0.0,0.0,0.0,0.0,0.0,0.0,0.0,0.0,0.0,0.0,0.0,0.0,0.0,0.0,0.0,0.0,0.0,0.0,0.0
90,20755.0,-28955.0,30211.0,-1310.0,-15297.0,25258.0,-21954.0,21417.0,-27273.0,8007.0,2329.0,-2753.0,12053.0,28451.0,435.0,-12952.0,-28047.0,-21962.0,-3342.0,13539.0,-664.0,10803.0,27797.0,1633.0,10347.0,-17571.0,-22166.0,-19880.0,32248.0,25330.0,-14057.0,25921.0
18,9039.0,-21548.0,-25424.0,7087.0,715.0,-14102.0,-20167.0,14511.0,32697.0,-29580.0,981.0,4466.0,14989.0,26015.0,13372.0,9222.0,15179.0,24483.0,2270.0,11457.0,-31561.0,2599.0,0.0,0.0,0.0,0.0,0.0,0.0,0.0,0.0,0.0,0.0
52,-1449.0,-19929.0,-2897.0,-17662.0,0.0,0.0,0.0,0.0,0.0,0.0,0.0,0.0,0.0,0.0,0.0,0.0,0.0,0.0,0.0,0.0,0.0,0.0,0.0,0.0,0.0,0.0,0.0,0.0,0.0,0.0,0.0,0.0
44,-17424.0,-14419.0,-28194.0,4710.0,29702.0,7459.0,11484.0,-32534.0,0.0,0.0,0.0,0.0,0.0,0.0,0.0,0.0,0.0,0.0,0.0,0.0,0.0,0.0,0.0,0.0,0.0,0.0,0.0,0.0,0.0,0.0,0.0,0.0
17,-28839.0,32506.0,16410.0,5066.0,-3673.0,-2082.0,-1714.0,-18096.0,-31254.0,-26522.0,-24951.0,20584.0,-31746.0,-27253.0,-10486.0,-12632.0,-26733.0,5425.0,-20576.0,307.0,-1312.0,-18137.0,0.0,0.0,0.0,0.0,0.0,0.0,0.0,0.0,0.0,0.0
36,22682.0,20529.0,-16711.0,18150.0,30316.0,-2614.0,4948.0,2744.0,4121.0,-14330.0,-31254.0,-13147.0,10640.0,32440.0,-22906.0,-15188.0,-4307.0,1835.0,-921.0,-13583.0,29691.0,-25808.0,-25436.0,-22821.0,-11147.0,-32584.0,-28879.0,10043.0,0.0,0.0,0.0,0.0
49,26553.0,-31885.0,-23948.0,-10077.0,-9025.0,-11383.0,27889.0,-31054.0,0.0,0.0,0.0,0.0,0.0,0.0,0.0,0.0,0.0,0.0,0.0,0.0,0.0,0.0,0.0,0.0,0.0,0.0,0.0,0.0,0.0,0.0,0.0,0.0
86,12189.0,20208.0,8239.0,16939.0,6317.0,-13960.0,-11038.0,25831.0,-1791.0,19531.0,-9895.0,-3203.0,-21860.0,0.0,0.0,0.0,0.0,0.0,0.0,0.0,0.0,0.0,0.0,0.0,0.0,0.0,0.0,0.0,0.0,0.0,0.0,0.0
37,-7311.0,31571.0,-22645.0,15422.0,-29214.0,-2553.0,23053.0,19728.0,-16862.0,-10359.0,26925.0,29810.0,28956.0,29157.0,-31628.0,28409.0,23412.0,-24693.0,-3593.0,-30286.0,-22046.0,25209.0,-9950.0,-2728.0,14721.0,4254.0,23980.0,19432.0,0.0,0.0,0.0,0.0
56,-25217.0,3207.0,7835.0,-16326.0,0.0,0.0,0.0,0.0,0.0,0.0,0.0,0.0,0.0,0.0,0.0,0.0,0.0,0.0,0.0,0.0,0.0,0.0,0.0,0.0,0.0,0.0,0.0,0.0,0.0,0.0,0.0,0.0
63,-32331.0,-9744.0,-4151.0,16776.0,1902.0,0.0,0.0,0.0,0.0,0.0,0.0,0.0,0.0,0.0,0.0,0.0,0.0,0.0,0.0,0.0,0.0,0.0,0.0,0.0,0.0,0.0,0.0,0.0,0.0,0.0,0.0,0.0
35,18684.0,17867.0,32666.0,-18120.0,22581.0,-22069.0,-4280.0,6907.0,-14201.0,-25354.0,14020.0,1693.0,-13152.0,12477.0,-5059.0,19662.0,-12511.0,-30500.0,3362.0,9860.0,-273.0,-23139.0,28416.0,20973.0,27326.0,-4555.0,-9734.0,9299.0,0.0,0.0,0.0,0.0
97,-2485.0,17599.0,-25528.0,-5033.0,1652.0,31978.0,-19440.0,30667.0,-9657.0,15888.0,-23395.0,-13666.0,14774.0,-21719.0,-10147.0,32588.0,9383.0,-25673.0,-545.0,-636.0,22459.0,29287.0,19636.0,3194.0,-5111.0,-20400.0,29371.0,18672.0,-7911.0,-26941.0,19814.0,-31027.0
75,-24926.0,21413.0,1564.0,-8357.0,-26357.0,-9037.0,0.0,0.0,0.0,0.0,0.0,0.0,0.0,0.0,0.0,0.0,0.0,0.0,0.0,0.0,0.0,0.0,0.0,0.0,0.0,0.0,0.0,0.0,0.0,0.0,0.0,0.0
57,-32010.0,8563.0,-30390.0,26130.0,0.0,0.0,0.0,0.0,0.0,0.0,0.0,0.0,0.0,0.0,0.0,0.0,0.0,0.0,0.0,0.0,0.0,0.0,0.0,0.0,0.0,0.0,0.0,0.0,0.0,0.0,0.0,0.0
88,6647.0,-8877.0,25641.0,-23179.0,29519.0,3097.0,30917.0,7246.0,-5965.0,18053.0,-3661.0,17217.0,-30662.0,0.0,0.0,0.0,0.0,0.0,0.0,0.0,0.0,0.0,0.0,0.0,0.0,0.0,0.0,0.0,0.0,0.0,0.0,0.0
10,16658.0,23156.0,784.0,-17564.0,-10997.0,-25972.0,5653.0,-14749.0,14225.0,-16366.0,28532.0,-18670.0,-11152.0,-2182.0,-28421.0,28596.0,-13716.0,21426.0,-23898.0,16470.0,30834.0,1318.0,0.0,0.0,0.0,0.0,0.0,0.0,0.0,0.0,0.0,0.0
53,-10156.0,26011.0,-6929.0,8526.0,0.0,0.0,0.0,0.0,0.0,0.0,0.0,0.0,0.0,0.0,0.0,0.0,0.0,0.0,0.0,0.0,0.0,0.0,0.0,0.0,0.0,0.0,0.0,0.0,0.0,0.0,0.0,0.0
8,6772.0,4944.0,17130.0,-25650.0,25327.0,14372.0,30606.0,-13665.0,29336.0,-30071.0,2807.0,3061.0,-26462.0,-9727.0,-21888.0,0.0,0.0,0.0,0.0,0.0,0.0,0.0,0.0,0.0,0.0,0.0,0.0,0.0,0.0,0.0,0.0,0.0
39,-20361.0,-27032.0,-25460.0,-31895.0,31511.0,32283.0,-10313.0,-23316.0,-26473.0,-18236.0,-27980.0,32598.0,19167.0,27993.0,28212.0,-17770.0,-6331.0,-19428.0,20130.0,23352.0,12874.0,-1658.0,7578.0,5331.0,28367.0,-12089.0,21916.0,-10056.0,0.0,0.0,0.0,0.0
47,30699.0,-1767.0,13913.0,-24675.0,-30733.0,1271.0,-26610.0,30970.0,0.0,0.0,0.0,0.0,0.0,0.0,0.0,0.0,0.0,0.0,0.0,0.0,0.0,0.0,0.0,0.0,0.0,0.0,0.0,0.0,0.0,0.0,0.0,0.0
60,-23850.0,-4341.0,6158.0,30467.0,13752.0,0.0,0.0,0.0,0.0,0.0,0.0,0.0,0.0,0.0,0.0,0.0,0.0,0.0,0.0,0.0,0.0,0.0,0.0,0.0,0.0,0.0,0.0,0.0,0.0,0.0,0.0,0.0
89,9858.0,8256.0,-1011.0,19452.0,-10091.0,10299.0,-30978.0,-21815.0,-21258.0,22681.0,-14221.0,-22434.0,18079.0,0.0,0.0,0.0,0.0,0.0,0.0,0.0,0.0,0.0,0.0,0.0,0.0,0.0,0.0,0.0,0.0,0.0,0.0,0.0
51,19675.0,-14571.0,23970.0,20732.0,0.0,0.0,0.0,0.0,0.0,0.0,0.0,0.0,0.0,0.0,0.0,0.0,0.0,0.0,0.0,0.0,0.0,0.0,0.0,0.0,0.0,0.0,0.0,0.0,0.0,0.0,0.0,0.0
14,13259.0,-23846.0,-17614.0,16290.0,-29270.0,-15013.0,-4772.0,-26318.0,22008.0,-13023.0,11826.0,26861.0,30044.0,6970.0,-4918.0,30020.0,18545.0,-16213.0,32324.0,13568.0,-6717.0,-2887.0,0.0,0.0,0.0,0.0,0.0,0.0,0.0,0.0,0.0,0.0
28,12184.0,-20441.0,11275.0,28546.0,-5462.0,24928.0,18558.0,-29853.0,-15510.0,-14866.0,18182.0,0.0,0.0,0.0,0.0,0.0,0.0,0.0,0.0,0.0,0.0,0.0,0.0,0.0,0.0,0.0,0.0,0.0,0.0,0.0,0.0,0.0
16,-13634.0,24441.0,19742.0,-6761.0,-2992.0,13841.0,25615.0,18474.0,3076.0,16443.0,24960.0,-22312.0,-24151.0,-1268.0,-12576.0,-29049.0,-4196.0,30334.0,-10979.0,25739.0,-9614.0,-2471.0,0.0,0.0,0.0,0.0,0.0,0.0,0.0,0.0,0.0,0.0
34,3215.0,-24216.0,7966.0,-3075.0,15987.0,1294.0,15376.0,-8135.0,19000.0,-30946.0,-16139.0,1034.0,24567.0,31739.0,-27501.0,-26017.0,-27815.0,5328.0,-24863.0,-25949.0,27219.0,-651.0,1427.0,16838.0,29342.0,-28492.0,-8313.0,24012.0,0.0,0.0,0.0,0.0
82,4299.0,11506.0,23844.0,22792.0,6924.0,30374.0,-32163.0,-2564.0,18552.0,446.0,17020.0,18109.0,-5038.0,0.0,0.0,0.0,0.0,0.0,0.0,0.0,0.0,0.0,0.0,0.0,0.0,0.0,0.0,0.0,0.0,0.0,0.0,0.0
46,5976.0,20805.0,-4089.0,21114.0,-11355.0,-15171.0,11672.0,3259.0,0.0,0.0,0.0,0.0,0.0,0.0,0.0,0.0,0.0,0.0,0.0,0.0,0.0,0.0,0.0,0.0,0.0,0.0,0.0,0.0,0.0,0.0,0.0,0.0
27,7570.0,9282.0,29099.0,-21222.0,13018.0,8159.0,7896.0,-784.0,1749.0,11743.0,-15924.0,0.0,0.0,0.0,0.0,0.0,0.0,0.0,0.0,0.0,0.0,0.0,0.0,0.0,0.0,0.0,0.0,0.0,0.0,0.0,0.0,0.0
20,5873.0,17481.0,13706.0,-26557.0,31765.0,-3475.0,6051.0,-24612.0,-26291.0,-11575.0,-13574.0,0.0,0.0,0.0,0.0,0.0,0.0,0.0,0.0,0.0,0.0,0.0,0.0,0.0,0.0,0.0,0.0,0.0,0.0,0.0,0.0,0.0
9,-24191.0,-6656.0,24859.0,-8682.0,19516.0,-1201.0,-2109.0,-25885.0,-4780.0,19056.0,24179.0,6622.0,-6646.0,-11333.0,818.0,0.0,0.0,0.0,0.0,0.0,0.0,0.0,0.0,0.0,0.0,0.0,0.0,0.0,0.0,0.0,0.0,0.0
92,-7491.0,-26444.0,-25982.0,11102.0,-26951.0,-25825.0,-13869.0,13390.0,13868.0,-3957.0,27569.0,-7790.0,4774.0,-19869.0,31424.0,-30705.0,-6104.0,-12279.0,14154.0,-25371.0,8161.0,-15213.0,-1186.0,-30534.0,11152.0,105.0,1996.0,23512.0,-24028.0,-12500.0,12817.0,-18209.0
3,7880.0,-25632.0,29668.0,11505.0,-30665.0,2841.0,-11185.0,24197.0,-9378.0,-19610.0,12334.0,30790.0,-19419.0,6636.0,-24169.0,0.0,0.0,0.0,0.0,0.0,0.0,0.0,0.0,0.0,0.0,0.0,0.0,0.0,0.0,0.0,0.0,0.0
98,-12811.0,-18265.0,12378.0,30441.0,-21098.0,14598.0,24165.0,13313.0,-13015.0,16091.0,19475.0,20717.0,15861.0,-11323.0,5433.0,21557.0,26855.0,-31700.0,12936.0,-9052.0,22266.0,244.0,-26476.0,-25581.0,-7226.0,-13884.0,18834.0,-4498.0,1639.0,-16823.0,-1627.0,8557.0
29,19774.0,-11797.0,15760.0,-4749.0,20169.0,21106.0,-26591.0,12882.0,28633.0,13724.0,15070.0,0.0,0.0,0.0,0.0,0.0,0.0,0.0,0.0,0.0,0.0,0.0,0.0,0.0,0.0,0.0,0.0,0.0,0.0,0.0,0.0,0.0
80,15264.0,30790.0,-13842.0,5190.0,-30735.0,20918.0,31298.0,-2564.0,22423.0,24036.0,-8986.0,29157.0,4731.0,0.0,0.0,0.0,0.0,0.0,0.0,0.0,0.0,0.0,0.0,0.0,0.0,0.0,0.0,0.0,0.0,0.0,0.0,0.0
73,28439.0,28555.0,-32706.0,9781.0,-32722.0,19057.0,0.0,0.0,0.0,0.0,0.0,0.0,0.0,0.0,0.0,0.0,0.0,0.0,0.0,0.0,0.0,0.0,0.0,0.0,0.0,0.0,0.0,0.0,0.0,0.0,0.0,0.0
