11,0.0,107.00257873535156,64.28861999511719,328.9166564941406,0.0,66.66445922851562,0.0,332.88934326171875,0.0,0.0,0.0,0.0,0.0,0.0,0.0,0.0,0.0,0.0,0.0,0.0,0.0,0.0,0.0,0.0,0.0,0.0,0.0,0.0,0.0,0.0,0.0,0.0,0.0,0.0,0.0,0.0,0.0,0.0,0.0,0.0,0.0,0.0,0.0,0.0,0.0,0.0,0.0,0.0,0.0,0.0,0.0,0.0,0.0,0.0,0.0,0.0,0.0,0.0,0.0,0.0,0.0,0.0,0.0,0.0,0.0,0.0,0.0,0.0,0.0,0.0,0.0,0.0
19,587.3959350585938,1254.09033203125,1532.7841796875,5432.4423828125,937.7365112304688,111.68484497070312,2085.23828125,437.8833312988281,275.51971435546875,956.6119995117188,162.14471435546875,2793.743896484375,0.0,911.5623168945312,1071.9691162109375,734.4185180664062,0.0,0.0,0.0,0.0,0.0,0.0,0.0,0.0,865.16552734375,572.09912109375,479.020751953125,995.2896118164062,0.0,643.8556518554688,1383.6595458984375,350.0796813964844,245.98333740234375,810.3604736328125,610.8441162109375,1064.52392578125,276.40472412109375,594.025146484375,764.7353515625,751.1239624023438,0.0,0.0,0.0,0.0,0.0,0.0,0.0,0.0,0.0,0.0,0.0,0.0,0.0,0.0,0.0,0.0,0.0,0.0,0.0,0.0,0.0,0.0,0.0,0.0,0.0,0.0,0.0,0.0,0.0,0.0,0.0,0.0
12,0.0,9333.0869140625,12240.0498046875,18086.736328125,12125.8896484375,7031.65771484375,5596.6064453125,238.63238525390625,0.0,20486.21875,16552.8984375,18327.818359375,6441.048828125,4560.89892578125,9335.2978515625,5004.8427734375,0.0,6877.58544921875,13648.2744140625,18591.181640625,4602.28564453125,7326.724609375,5302.1796875,1903.12353515625,0.0,7646.53369140625,11131.3740234375,15292.224609375,7769.00439453125,2578.94775390625,67.77830505371094,4367.150390625,0.0,9328.046875,12251.6826171875,19734.41015625,5544.98974609375,6015.72265625,4946.83056640625,0.0,0.0,17646.8984375,8143.97607421875,15767.8046875,5699.03662109375,3590.34033203125,2489.043212890625,4364.5390625,1818.65869140625,12531.958984375,8079.146484375,19572.521484375,7316.99072265625,10264.3095703125,5717.4931640625,3266.627197265625,0.0,16539.30859375,15655.79296875,20132.728515625,9595.533203125,5561.49365234375,696.8413696289062,1062.3408203125,678.5250244140625,10280.7841796875,10045.5439453125,22224.84375,1808.2130126953125,8026.0576171875,7074.52197265625,491.5456237792969
38,4782.05517578125,4407.49072265625,7597.353515625,15664.876953125,5009.201171875,3854.002197265625,6220.01953125,579.1851196289062,0.0,10298.86328125,3608.25244140625,10763.33984375,447.6494445800781,3311.88232421875,2364.932861328125,0.0,1159.18212890625,0.0,2340.661865234375,5389.8837890625,636.092041015625,1460.8658447265625,1777.276611328125,0.0,0.0,1907.8111572265625,5198.16015625,8833.0751953125,3844.245849609375,2021.9517822265625,6702.76220703125,0.0,0.0,5268.60205078125,5155.5703125,8930.93359375,0.0,3188.47705078125,5883.08251953125,1082.7138671875,693.1779174804688,435.73016357421875,1311.995849609375,4485.64013671875,2337.742431640625,304.91815185546875,664.3058471679688,508.1185607910156,1394.311767578125,2729.89453125,2190.751953125,5734.3818359375,0.0,6289.71484375,5526.857421875,0.0,525.190673828125,2002.0064697265625,1755.43212890625,2616.52734375,0.0,2901.607666015625,2009.1937255859375,1013.733642578125,810.3012084960938,1525.422119140625,586.6399536132812,2640.6005859375,8.852090835571289,577.1670532226562,470.2112731933594,1259.0048828125
81,1028.5966796875,2633.557373046875,1716.14599609375,6205.1123046875,0.0,1370.7734375,3418.57177734375,0.0,524.9065551757812,49.912811279296875,1527.8985595703125,3701.80078125,0.0,1314.6973876953125,753.9857788085938,238.94256591796875,0.0,1050.7662353515625,0.0,963.6408081054688,302.8766784667969,0.0,0.0,724.5523681640625,1103.4676513671875,2429.895751953125,2653.04296875,5281.85888671875,0.0,1902.914306640625,2276.8330078125,1503.3128662109375,146.20050048828125,567.3175659179688,302.9678955078125,3165.104248046875,386.2208557128906,586.4010009765625,1021.9419555664062,429.8056640625,0.0,420.7286071777344,276.78900146484375,117.50093841552734,0.0,82.86425018310547,0.0,852.5103149414062,806.042724609375,730.079345703125,1393.763671875,491.0675354003906,0.0,136.44419860839844,948.6868896484375,601.1925659179688,196.4866485595703,1052.98974609375,999.5272216796875,412.3642272949219,141.58114624023438,58.2974739074707,0.0,133.8442840576172,0.0,270.3349914550781,177.63821411132812,181.35545349121094,340.4488220214844,91.55427551269531,18.831642150878906,59.65648651123047
5,0.0,1639.8466796875,4510.66552734375,4349.1416015625,0.0,1759.7110595703125,1717.4215087890625,1398.715087890625,0.0,807.88525390625,1079.5115966796875,2517.52880859375,158.51686096191406,305.2236633300781,354.6866760253906,911.1430053710938,0.0,0.0,0.0,0.0,0.0,0.0,0.0,0.0,244.18743896484375,1458.2965087890625,1007.8823852539062,1868.991455078125,439.306884765625,796.9960327148438,1518.8433837890625,315.88201904296875,0.0,334.19903564453125,216.97914123535156,1563.9219970703125,319.8203430175781,296.0494079589844,611.9016723632812,563.5730590820312,0.0,0.0,0.0,0.0,0.0,0.0,0.0,0.0,0.0,0.0,0.0,0.0,0.0,0.0,0.0,0.0,0.0,0.0,0.0,0.0,0.0,0.0,0.0,0.0,0.0,0.0,0.0,0.0,0.0,0.0,0.0,0.0
40,2210.220947265625,3181.3271484375,5839.96826171875,11125.1025390625,2129.825439453125,2546.406005859375,7223.12060546875,3614.66455078125,0.0,4648.00830078125,2631.538818359375,9026.8310546875,1639.0574951171875,1081.3983154296875,1518.80517578125,1707.293212890625,0.0,468.4158630371094,2332.52587890625,3065.781494140625,1715.08056640625,15.503150939941406,0.0,458.4433898925781,1055.3203125,2205.883056640625,4928.78173828125,7186.99755859375,0.0,0.0,5205.615234375,0.0,0.0,2309.1533203125,3807.124755859375,5634.61865234375,1834.158203125,2170.186279296875,1547.951416015625,0.0,96.67937469482422,992.635986328125,1199.08251953125,1983.21923828125,201.70692443847656,1271.49072265625,115.40404510498047,539.1363525390625,1867.3507080078125,4079.6455078125,2185.652099609375,3911.8544921875,0.0,2535.962890625,2655.403076171875,471.68206787109375,1802.166015625,738.6994018554688,1571.7467041015625,1913.6715087890625,0.0,1700.735595703125,2228.890869140625,737.951904296875,418.016845703125,1143.387939453125,320.2464904785156,1483.2166748046875,0.0,387.889892578125,319.52734375,778.9652099609375
70,0.0,9386.7197265625,6105.99365234375,9168.94921875,4153.4931640625,5505.81640625,4576.1826171875,0.0,492.195556640625,408.02105712890625,4767.08056640625,7868.28564453125,0.0,3234.739501953125,3927.4052734375,2316.1328125,0.0,3970.8203125,1674.985107421875,5162.2607421875,393.881591796875,1903.8350830078125,728.3853759765625,331.0339050292969,176.35238647460938,4964.8212890625,4293.5859375,7866.53955078125,0.0,1937.1507568359375,1392.2249755859375,0.0,817.3986206054688,1179.4566650390625,4725.7080078125,5768.7841796875,0.0,1641.857421875,1666.4254150390625,0.0,155.10020446777344,130.47555541992188,1277.363037109375,1656.2496337890625,0.0,1173.5732421875,1056.6173095703125,296.0784606933594,1666.1988525390625,2413.3232421875,3181.40185546875,4856.47607421875,0.0,1527.887939453125,3447.434814453125,308.8168640136719,0.0,725.414306640625,1673.3424072265625,2394.98095703125,111.07395935058594,861.0924072265625,2166.927490234375,356.5673828125,236.44607543945312,517.2926025390625,455.5001220703125,1177.9996337890625,149.66822814941406,432.90673828125,849.5062866210938,897.8759765625
23,2094.78857421875,4667.4482421875,8603.8994140625,9980.970703125,2602.703125,4463.0546875,6552.71240234375,1668.902099609375,0.0,5571.517578125,4837.9814453125,11269.4423828125,2431.93701171875,1074.6204833984375,2105.640869140625,265.95892333984375,0.0,1224.6866455078125,1666.9588623046875,4518.32177734375,0.0,754.650634765625,0.0,0.0,0.0,5398.0166015625,3147.557373046875,9390.603515625,0.0,3065.40673828125,3495.0263671875,0.0,917.3759765625,2239.99853515625,2327.613037109375,6435.63427734375,0.0,2891.695556640625,3554.78759765625,981.621826171875,23.703113555908203,464.58880615234375,1481.322021484375,4385.228515625,98.2261962890625,373.2242431640625,353.6600646972656,1502.331787109375,1694.3880615234375,3026.585693359375,2007.87939453125,4766.11669921875,0.0,2761.599365234375,4136.4326171875,613.4802856445312,1965.4501953125,1052.958984375,905.12353515625,2306.18994140625,0.0,946.9968872070312,2170.896484375,1679.78515625,0.0,767.0138549804688,549.587158203125,1656.53515625,116.68163299560547,576.82080078125,474.3287658691406,1160.7259521484375
72,0.0,11436.6845703125,13769.1044921875,18425.154296875,2755.490478515625,2918.333251953125,5490.806640625,4287.0693359375,0.0,8009.27490234375,17322.650390625,13914.322265625,9078.6689453125,1778.9591064453125,5862.6826171875,1293.86083984375,0.0,9439.451171875,15917.927734375,23428.890625,11805.1708984375,8271.193359375,6536.037109375,594.0195922851562,0.0,11322.9150390625,12501.3486328125,14188.2587890625,2647.931884765625,8812.4609375,9520.9677734375,0.0,231.13372802734375,5678.18408203125,11811.5302734375,16122.935546875,3397.556884765625,10518.9794921875,8784.74609375,4471.0947265625,0.0,9727.0009765625,11512.650390625,25408.9453125,9337.7373046875,6621.6103515625,1363.0548095703125,0.0,0.0,1315.4473876953125,13304.859375,13742.607421875,6331.6337890625,9103.1162109375,1646.6871337890625,0.0,0.0,13472.0087890625,9242.841796875,15140.6103515625,1455.04541015625,5774.27978515625,6377.60205078125,2896.851318359375,0.0,5171.8359375,9460.02734375,19054.91015625,3927.31201171875,6503.12060546875,5505.5830078125,4785.099609375
79,0.0,13524.078125,13422.3837890625,16596.623046875,10077.505859375,643.0704345703125,2929.083984375,3539.123779296875,0.0,7711.2724609375,10052.54296875,17503.822265625,4643.67529296875,4799.29736328125,7607.962890625,668.564208984375,0.0,2481.345947265625,5144.64990234375,9255.2353515625,11786.71484375,705.239501953125,311.1910095214844,2368.8134765625,723.2705078125,5569.18603515625,7542.0732421875,16108.54296875,4380.51953125,10504.25390625,5823.947265625,2736.073486328125,0.0,5363.13720703125,13397.6845703125,15596.666015625,1275.6329345703125,6254.17578125,6261.7021484375,700.6619873046875,1348.7457275390625,4014.474609375,2694.7685546875,15268.6142578125,3828.029296875,1692.5479736328125,4227.89892578125,1026.32373046875,0.0,7887.494140625,10117.537109375,10697.4716796875,0.0,5589.90234375,4756.00634765625,479.781982421875,0.0,1775.7742919921875,10569.373046875,12390.134765625,1043.4842529296875,4294.6748046875,4212.83642578125,0.0,0.0,5847.2705078125,3686.738525390625,7301.60302734375,1130.8902587890625,1521.013916015625,3322.005859375,2052.249267578125
78,0.0,5847.84130859375,2900.20703125,6101.9111328125,0.0,3674.92236328125,2887.70751953125,0.0,0.0,545.1566772460938,222.34857177734375,2669.417236328125,1196.9962158203125,140.49063110351562,290.1158142089844,0.0,0.0,729.2152709960938,0.0,211.59814453125,37.79421615600586,345.9471435546875,0.0,282.0576171875,940.1423950195312,2360.25439453125,378.2377014160156,4091.14306640625,0.0,1667.719482421875,2310.72119140625,0.0,96.51549530029297,1544.4549560546875,138.68067932128906,2746.898681640625,85.76225280761719,1187.2904052734375,1015.21923828125,900.8297729492188,86.14686584472656,170.1307830810547,349.8704528808594,211.06732177734375,14.075674057006836,290.3895263671875,0.0,754.8253784179688,1292.24853515625,0.0,874.2321166992188,1345.27880859375,0.0,1011.3098754882812,906.3327026367188,915.3536987304688,357.60333251953125,34.68132019042969,325.2823486328125,885.86376953125,0.0,163.283447265625,0.0,398.6124267578125,0.0,162.11203002929688,175.2120361328125,161.5314483642578,165.66822814941406,147.64280700683594,0.0,222.1403350830078
87,2417.230712890625,6652.6767578125,10071.603515625,13218.482421875,6252.62646484375,5553.65087890625,6472.82958984375,1426.802978515625,0.0,4578.91015625,10431.708984375,13346.4814453125,6951.60205078125,5376.65673828125,3521.816162109375,0.0,0.0,3151.93798828125,5925.83154296875,7708.02392578125,3978.552001953125,802.604736328125,584.0386962890625,370.23681640625,1077.57177734375,4457.7001953125,8377.1240234375,12609.0126953125,2762.7265625,3836.998291015625,3321.8310546875,0.0,0.0,11154.580078125,9168.517578125,12974.3837890625,1500.4501953125,4392.41162109375,7231.81494140625,0.0,544.486083984375,3708.591064453125,2964.359375,7399.8564453125,6277.0341796875,0.0,5102.6796875,1521.883056640625,267.99285888671875,3391.825439453125,5854.38427734375,10655.431640625,4463.849609375,2706.35693359375,4830.24462890625,0.0,0.0,2977.538330078125,4255.15966796875,6936.6162109375,0.0,3813.332763671875,4790.83447265625,153.00094604492188,0.0,3019.28369140625,1598.3642578125,5156.64990234375,0.0,2150.532470703125,1537.8465576171875,704.3525390625
6,0.0,5562.74658203125,4978.5,13341.5751953125,4151.1689453125,5139.3642578125,3242.390869140625,0.0,0.0,1300.6419677734375,6082.10302734375,6977.15380859375,1663.020751953125,1050.7113037109375,2410.880126953125,0.0,0.0,1184.665283203125,733.105712890625,2657.684814453125,1795.27587890625,139.1780242919922,0.0,840.4744873046875,0.0,5264.40087890625,2942.79736328125,5125.24462890625,0.0,3788.512451171875,7705.14599609375,0.0,0.0,869.184326171875,1324.360107421875,4679.35400390625,0.0,841.7352294921875,4341.21826171875,628.8836669921875,0.0,1644.7666015625,0.0,2160.902099609375,34.38683319091797,1379.5650634765625,142.97816467285156,562.2657470703125,658.3405151367188,1428.3944091796875,1126.5352783203125,2128.439208984375,0.0,1990.5013427734375,3952.777587890625,255.59719848632812,1242.2225341796875,1111.338623046875,1580.863037109375,2830.66552734375,0.0,1613.451904296875,3244.486083984375,1594.26025390625,600.7808227539062,686.3930053710938,320.2914733886719,676.1654052734375,548.4896850585938,674.3611450195312,134.26101684570312,558.1995239257812
68,204.4158477783203,652.4011840820312,209.938720703125,472.17303466796875,113.0665283203125,266.0950927734375,129.47567749023438,420.6636962890625,0.0,0.0,0.0,0.0,0.0,0.0,0.0,0.0,0.0,0.0,0.0,0.0,0.0,0.0,0.0,0.0,0.0,0.0,0.0,0.0,0.0,0.0,0.0,0.0,0.0,0.0,0.0,0.0,0.0,0.0,0.0,0.0,0.0,0.0,0.0,0.0,0.0,0.0,0.0,0.0,0.0,0.0,0.0,0.0,0.0,0.0,0.0,0.0,0.0,0.0,0.0,0.0,0.0,0.0,0.0,0.0,0.0,0.0,0.0,0.0,0.0,0.0,0.0,0.0
69,0.0,6277.158203125,8784.185546875,13985.107421875,638.117919921875,3657.978759765625,3425.102783203125,0.0,1569.9056396484375,4763.47607421875,4605.85107421875,6024.57470703125,2327.431396484375,4186.02294921875,5515.85498046875,46.615142822265625,0.0,1135.0419921875,2398.817626953125,5721.984375,1992.285888671875,742.0870361328125,0.0,0.0,884.6668701171875,4660.40283203125,4836.79736328125,8345.0732421875,2759.416015625,3181.098388671875,247.55702209472656,0.0,2511.767822265625,3254.154296875,2859.293701171875,5670.140625,1674.435791015625,1446.852783203125,4346.41357421875,0.0,0.0,423.420654296875,807.1896362304688,3594.80615234375,779.0606689453125,727.8990478515625,1603.2381591796875,0.0,589.3378295898438,2434.85302734375,2034.15478515625,4039.136962890625,0.0,1220.7855224609375,3587.223876953125,311.95599365234375,0.0,2977.388671875,1956.2916259765625,2542.589599609375,184.2034454345703,534.850341796875,2026.5767822265625,0.0,642.8280029296875,404.3755187988281,480.14324951171875,1946.604248046875,123.613037109375,1297.252197265625,1200.68603515625,898.7734375
1,810.01416015625,3362.12890625,1844.2274169921875,2835.038818359375,0.0,3344.232666015625,1320.8070068359375,1166.6412353515625,0.0,533.065673828125,144.2515106201172,2039.9476318359375,128.28741455078125,344.72198486328125,84.27622985839844,737.4395141601562,0.0,0.0,0.0,0.0,0.0,0.0,0.0,0.0,270.3351135253906,1255.413818359375,803.8662719726562,1388.999267578125,0.0,355.27178955078125,1094.9708251953125,305.69549560546875,283.9580993652344,233.89111328125,287.6607360839844,986.9383544921875,34.64446258544922,560.5384521484375,222.29713439941406,839.0191040039062,0.0,0.0,0.0,0.0,0.0,0.0,0.0,0.0,0.0,0.0,0.0,0.0,0.0,0.0,0.0,0.0,0.0,0.0,0.0,0.0,0.0,0.0,0.0,0.0,0.0,0.0,0.0,0.0,0.0,0.0,0.0,0.0
45,0.0,11734.009765625,14034.6318359375,19689.55859375,7443.63427734375,5406.240234375,6341.17333984375,2793.896728515625,0.0,7602.77099609375,13747.8583984375,17521.0625,9742.6552734375,6990.86181640625,6758.72119140625,7427.23779296875,0.0,14517.1142578125,10246.1767578125,14488.4658203125,8423.990234375,6866.39501953125,1629.5943603515625,0.0,0.0,10721.98828125,15060.083984375,18679.69140625,2758.5703125,8384.7236328125,11956.705078125,0.0,0.0,8435.3955078125,10019.125,17713.373046875,8479.142578125,9411.7373046875,3731.7431640625,3794.020751953125,0.0,6367.3017578125,9078.3125,15967.6123046875,5008.16357421875,7932.84423828125,3585.104248046875,0.0,0.0,5919.82666015625,8726.841796875,14783.9189453125,598.5855102539062,8474.5849609375,7813.1494140625,1172.178466796875,0.0,11347.328125,9928.271484375,16760.353515625,187.18695068359375,8016.9267578125,8340.25,2847.050537109375,0.0,5745.8994140625,13700.671875,16321.896484375,1575.091064453125,7444.107421875,6443.7314453125,0.0
33,498.1297912597656,376.9834289550781,595.66650390625,1080.5654296875,187.011962890625,1029.248046875,74.62349700927734,906.1271362304688,0.0,0.0,0.0,0.0,0.0,0.0,0.0,0.0,0.0,0.0,0.0,0.0,0.0,0.0,0.0,0.0,0.0,0.0,0.0,0.0,0.0,0.0,0.0,0.0,0.0,0.0,0.0,0.0,0.0,0.0,0.0,0.0,0.0,0.0,0.0,0.0,0.0,0.0,0.0,0.0,0.0,0.0,0.0,0.0,0.0,0.0,0.0,0.0,0.0,0.0,0.0,0.0,0.0,0.0,0.0,0.0,0.0,0.0,0.0,0.0,0.0,0.0,0.0,0.0
15,0.0,8065.19140625,9755.3330078125,11600.4228515625,2964.4521484375,9482.5810546875,2625.2861328125,2654.535888671875,0.0,2258.91748046875,5298.67822265625,11488.291015625,3184.517578125,0.0,3747.594970703125,2291.33056640625,0.0,2259.8701171875,1660.9853515625,4299.33056640625,605.2725219726562,1120.5003662109375,0.0,0.0,0.0,3043.370849609375,5377.341796875,11491.9736328125,3185.443359375,1082.180908203125,3441.3134765625,0.0,0.0,2877.252197265625,2766.6640625,6105.36279296875,93.2467269897461,773.6857299804688,3236.021728515625,0.0,29.182926177978516,592.5942993164062,181.66360473632812,4267.0703125,524.18017578125,1461.9283447265625,750.6477661132812,325.0650329589844,1593.6907958984375,5563.669921875,1256.7252197265625,4958.85009765625,0.0,3673.229248046875,5231.89208984375,216.88832092285156,458.8860778808594,2606.473388671875,33.2083854675293,3903.112060546875,0.0,2136.277587890625,3718.929443359375,795.9794311523438,303.96392822265625,592.2805786132812,249.83192443847656,3595.34716796875,0.0,463.07330322265625,723.2985229492188,612.462646484375
93,269.1846618652344,2910.483154296875,4706.93212890625,4221.1611328125,11.721550941467285,252.8289031982422,3996.0595703125,263.9889831542969,0.0,521.1675415039062,1931.8870849609375,2726.615966796875,0.0,1631.760986328125,429.6834411621094,51.1102294921875,0.0,278.1044006347656,0.0,675.0760498046875,97.2081069946289,681.6526489257812,0.0,567.9716796875,156.03543090820312,2609.458740234375,776.541748046875,2666.799072265625,0.0,890.1075439453125,1713.6934814453125,587.7166137695312,825.7696533203125,390.2107238769531,518.1698608398438,1622.464111328125,0.0,780.056640625,635.07275390625,1609.9366455078125,0.0,291.64239501953125,21.78384017944336,161.8706512451172,0.0,147.944091796875,29.531461715698242,490.16058349609375,284.9926452636719,231.92298889160156,543.4244384765625,814.8680419921875,0.0,543.097900390625,523.6416015625,521.7279052734375,375.2777099609375,738.525390625,875.1271362304688,437.4263916015625,271.64178466796875,192.934814453125,0.0,240.57763671875,0.0,165.06541442871094,90.7198715209961,143.1607208251953,245.8214111328125,90.30133819580078,20.58952522277832,53.34587860107422
24,246.80213928222656,2353.057861328125,888.3945922851562,2937.01318359375,0.0,1343.137939453125,1855.622314453125,15.368669509887695,0.0,694.248291015625,171.5474853515625,1726.3704833984375,0.0,388.00177001953125,664.4174194335938,1050.85986328125,0.0,0.0,0.0,0.0,0.0,0.0,0.0,0.0,1082.0634765625,1051.101806640625,420.9581604003906,2749.4931640625,0.0,1018.4491577148438,1748.833740234375,627.592041015625,42.25700378417969,726.1846923828125,589.2509765625,1013.638427734375,73.4207763671875,227.27865600585938,510.70196533203125,809.5319213867188,0.0,0.0,0.0,0.0,0.0,0.0,0.0,0.0,0.0,0.0,0.0,0.0,0.0,0.0,0.0,0.0,0.0,0.0,0.0,0.0,0.0,0.0,0.0,0.0,0.0,0.0,0.0,0.0,0.0,0.0,0.0,0.0
25,0.0,4722.81005859375,5197.5126953125,10961.998046875,1899.67333984375,2007.934326171875,2922.592041015625,0.0,1194.073486328125,1142.6632080078125,1771.3975830078125,5983.7919921875,1010.010498046875,1668.050537109375,1394.4246826171875,671.0281982421875,0.0,1294.615478515625,168.751708984375,1801.5130615234375,654.638671875,86.3976058959961,76.93749237060547,0.0,518.9127197265625,2073.25439453125,2818.491943359375,6661.28125,0.0,1565.068603515625,2999.722412109375,566.3636474609375,155.5745391845703,1941.29736328125,252.605224609375,1517.12353515625,93.68138122558594,516.2942504882812,1709.7421875,0.0,0.0,189.92982482910156,121.05809020996094,657.8477172851562,88.52770233154297,145.48675537109375,105.27458953857422,395.2947692871094,600.09033203125,1650.2049560546875,1478.3695068359375,2245.3994140625,0.0,572.8236694335938,1799.116943359375,911.8453369140625,226.11215209960938,592.213623046875,1156.747314453125,1840.9459228515625,78.12921142578125,171.7821044921875,483.86785888671875,420.0256042480469,241.9410858154297,150.19601440429688,403.68682861328125,417.56964111328125,4.0140790939331055,170.9215850830078,219.2156219482422,340.0721435546875
26,542.57421875,8035.48779296875,10382.4072265625,12640.96484375,2642.795654296875,1258.8460693359375,4573.93505859375,0.0,0.0,5741.3837890625,6681.4208984375,11982.302734375,2279.7060546875,1759.6158447265625,4316.7578125,0.0,0.0,4719.9638671875,2370.8076171875,6078.123046875,1677.82861328125,1260.6151123046875,1423.2764892578125,0.0,0.0,8820.552734375,7290.3046875,12963.5,362.21319580078125,1082.457275390625,4793.375,0.0,0.0,2451.269775390625,6470.0361328125,9660.259765625,1299.1290283203125,3562.467041015625,7781.9033203125,0.0,0.0,1309.944091796875,1921.7879638671875,3660.843994140625,141.1534881591797,1620.70654296875,1418.7802734375,331.61505126953125,1016.0950927734375,2976.419921875,3404.615234375,7926.9345703125,1398.452392578125,1736.028564453125,3562.5146484375,0.0,0.0,1637.2537841796875,2097.220947265625,3864.875732421875,0.0,4422.15673828125,3976.724609375,2008.814208984375,188.56509399414062,1487.834716796875,1151.5098876953125,3315.2255859375,0.0,1606.4283447265625,911.6044311523438,1098.11572265625
48,0.0,7458.26806640625,13384.0048828125,14977.681640625,7587.97021484375,4764.8759765625,3303.3935546875,0.0,0.0,6583.53955078125,7259.87646484375,16675.20703125,2209.141357421875,8387.83203125,1595.566162109375,1668.896728515625,0.0,2742.22265625,4254.6767578125,9028.70703125,2105.014404296875,2235.60986328125,2561.570556640625,0.0,988.808837890625,10365.3564453125,7952.19580078125,13856.7470703125,4856.90966796875,5147.03369140625,6258.12939453125,2223.783935546875,0.0,5377.00830078125,5123.2568359375,9385.8623046875,4324.193359375,5411.35693359375,4376.34423828125,416.1483154296875,202.72386169433594,1759.51708984375,3295.01025390625,2820.86767578125,4930.7822265625,1553.122802734375,3432.313720703125,0.0,0.0,2185.0224609375,5591.189453125,7343.05859375,0.0,1928.7034912109375,5774.34619140625,0.0,250.14593505859375,1621.9862060546875,2893.978271484375,6378.76953125,0.0,2657.681396484375,2253.3818359375,0.0,0.0,1536.698486328125,2363.78466796875,5282.7802734375,0.0,1069.970947265625,2262.9677734375,1222.9613037109375
71,0.0,12466.6669921875,14061.3447265625,13726.55859375,3640.853759765625,7303.70166015625,3616.598388671875,3630.69482421875,0.0,11876.078125,10731.935546875,15642.6396484375,6051.19677734375,4752.5341796875,3311.105224609375,630.315185546875,0.0,4501.1962890625,5810.73095703125,11217.8837890625,5467.37744140625,3555.750244140625,3152.24072265625,0.0,0.0,9250.880859375,8877.484375,20975.78515625,4646.474609375,4618.416015625,5659.65380859375,4051.458251953125,0.0,5182.814453125,10921.44921875,10254.86328125,595.8182373046875,7566.25146484375,6645.62744140625,5911.005859375,547.7738647460938,2894.79638671875,3711.70703125,8154.14453125,6406.4677734375,2102.347900390625,4554.810546875,867.4058227539062,1145.5865478515625,10463.203125,9997.072265625,10776.171875,3394.4755859375,4386.0556640625,5741.59423828125,3545.466552734375,2347.5478515625,2007.7684326171875,5697.4501953125,6040.10595703125,0.0,4546.74658203125,4822.88818359375,0.0,0.0,1696.417724609375,3802.636474609375,8241.3203125,274.9486389160156,3746.570556640625,1604.1485595703125,1940.55126953125
76,0.0,10869.44140625,14679.4033203125,26669.34765625,8824.1015625,10221.1416015625,4861.95361328125,3920.095458984375,0.0,14177.9755859375,11534.0322265625,19340.013671875,5263.76416015625,8548.6748046875,10260.9296875,3729.858642578125,62.3099365234375,4528.33251953125,9657.099609375,15813.046875,8158.19775390625,5974.009765625,2672.730712890625,0.0,0.0,12942.2607421875,14289.9130859375,19071.8671875,9230.0654296875,12394.0302734375,4193.302734375,2208.61376953125,0.0,13934.482421875,15100.9677734375,20892.4765625,541.5482788085938,7684.8486328125,1066.9256591796875,5357.69482421875,0.0,4410.6865234375,8724.8330078125,11576.6953125,5627.72314453125,4514.19580078125,3601.701416015625,367.8099365234375,0.0,10034.13671875,13413.830078125,16423.611328125,2245.84814453125,6240.4150390625,11476.5341796875,672.32373046875,97.96450805664062,7559.443359375,12517.2451171875,13383.4033203125,0.0,7017.52587890625,2488.968994140625,740.4674072265625,0.0,5228.1328125,8777.8759765625,11171.787109375,5026.486328125,2747.915771484375,5418.14111328125,0.0
7,0.0,3536.759033203125,7643.24951171875,13663.8681640625,487.7835388183594,5205.86865234375,794.018798828125,1821.242431640625,0.0,2974.208984375,3164.98583984375,7059.3642578125,1530.2564697265625,1293.2127685546875,5223.74365234375,0.0,0.0,1550.3892822265625,928.1649780273438,4123.35400390625,973.9320678710938,862.370849609375,1977.1944580078125,240.07034301757812,0.0,2417.746337890625,4068.834228515625,5746.99658203125,0.0,4110.27001953125,3968.1845703125,0.0,418.3937683105469,3500.961669921875,1559.11181640625,3596.3486328125,0.0,882.6304321289062,2185.231201171875,0.0,0.0,1272.90380859375,306.19183349609375,3203.794677734375,0.0,2108.852783203125,68.82538604736328,667.399658203125,406.3028259277344,1380.2562255859375,3409.970947265625,2525.36572265625,0.0,258.88226318359375,2993.222412109375,558.4219360351562,937.3693237304688,1127.80908203125,45.38559341430664,3227.2685546875,0.0,2108.379638671875,3152.666015625,778.378662109375,48.99758529663086,204.0935821533203,221.99642944335938,1253.287353515625,150.25665283203125,269.3880310058594,253.43820190429688,324.5198974609375
50,0.0,13909.546875,13389.4375,15607.2490234375,6586.05224609375,26091.97265625,0.0,9281.916015625,0.0,5399.64111328125,11875.404296875,16528.31640625,8242.076171875,7377.98193359375,0.0,24.91790771484375,0.0,13673.453125,11004.66015625,21179.505859375,8923.40234375,9325.9306640625,7480.7158203125,5870.35498046875,2342.2763671875,8577.09765625,11964.4482421875,22259.576171875,11036.1240234375,8313.400390625,2795.95068359375,3348.865966796875,0.0,11344.9384765625,12090.4521484375,22699.3125,9822.439453125,11417.0859375,7503.01708984375,1980.1845703125,0.0,11140.1044921875,14139.98828125,16965.70703125,5563.60400390625,7386.22265625,5454.10498046875,797.345947265625,0.0,15237.4072265625,18118.62890625,23875.978515625,10953.1044921875,0.0,3298.24755859375,4703.931640625,0.0,11280.53515625,13895.873046875,21450.93359375,5812.43798828125,5751.6123046875,3022.665283203125,4567.759765625,1218.61572265625,8616.8115234375,9622.82421875,15594.2841796875,4121.265625,8192.2080078125,6256.62158203125,0.0
22,0.0,11446.6572265625,7586.76806640625,12616.4892578125,2357.234130859375,2667.304931640625,3232.632080078125,0.0,1231.8773193359375,1078.5975341796875,6577.1171875,6374.8427734375,4172.18798828125,2755.746337890625,907.09521484375,0.0,0.0,1945.9271240234375,1423.5870361328125,3402.041748046875,1393.511962890625,0.0,827.1625366210938,832.7017822265625,1806.290771484375,3870.16650390625,4543.72607421875,10282.15234375,0.0,4707.28955078125,3821.595703125,397.5331115722656,0.0,5089.27294921875,2378.412841796875,5172.54248046875,2601.676513671875,2314.73681640625,2040.6673583984375,0.0,0.0,603.0833740234375,0.0,2227.545654296875,0.0,1159.0726318359375,1145.9241943359375,342.8370056152344,1121.37353515625,3283.3408203125,3066.650634765625,3189.735107421875,201.0693359375,749.5321044921875,3887.502197265625,915.5236206054688,123.80741119384766,2602.054443359375,1105.949951171875,1955.3800048828125,0.0,1629.749267578125,1369.6630859375,703.0009765625,313.0630798339844,721.277587890625,275.1214294433594,1245.321044921875,0.0,253.35687255859375,1133.901123046875,552.1179809570312
4,0.0,7004.2802734375,12039.97265625,15100.296875,4190.271484375,5414.77197265625,5747.99853515625,1427.248779296875,0.0,9513.87890625,10601.2919921875,27194.47265625,12752.9794921875,6734.9736328125,2318.835693359375,1239.3956298828125,0.0,5890.27294921875,15429.4169921875,20667.451171875,1066.42236328125,4774.6494140625,5800.1357421875,1781.2374267578125,0.0,15578.5419921875,10582.9306640625,15255.1416015625,9061.580078125,7002.21826171875,4949.65087890625,6371.05419921875,0.0,15995.982421875,9994.787109375,23159.96875,9848.087890625,2519.250732421875,6415.61474609375,1678.206787109375,374.4819641113281,12998.0537109375,13453.982421875,18721.58203125,7118.68994140625,6523.26416015625,9158.0341796875,0.0,0.0,13283.7646484375,9053.4619140625,18933.416015625,7642.05322265625,5464.021484375,6526.7783203125,1235.1163330078125,0.0,16768.13671875,17072.720703125,17117.28125,5575.5703125,8385.7646484375,6494.56005859375,4328.595703125,0.0,13182.0703125,22647.568359375,24665.19140625,1837.298583984375,9927.294921875,0.0,0.0
32,0.0,6369.87158203125,1970.569580078125,5393.00048828125,420.5197448730469,4127.1044921875,1877.95166015625,394.5925598144531,789.70068359375,632.7296142578125,501.21990966796875,3879.645263671875,1049.789306640625,1243.7237548828125,655.3729248046875,513.7821044921875,0.0,161.54664611816406,459.343994140625,108.70708465576172,153.56353759765625,0.0,0.0,92.74598693847656,1033.8106689453125,1366.2789306640625,1469.9647216796875,2493.1845703125,0.0,2548.17529296875,2682.3798828125,1757.4302978515625,436.3258361816406,1269.7003173828125,784.8050537109375,1712.7139892578125,220.47401428222656,456.92645263671875,396.7630920410156,438.1352233886719,0.0,153.4449920654297,48.1430549621582,195.03009033203125,326.5353088378906,174.74142456054688,45.23867416381836,58.665771484375,563.7083740234375,651.25537109375,939.0155029296875,53.66205596923828,15.417787551879883,440.90350341796875,514.014404296875,382.5445556640625,0.0,237.4097137451172,470.2831726074219,459.60845947265625,221.9795684814453,194.94058227539062,51.77262878417969,367.47174072265625,0.0,0.8761400580406189,0.0027673840522766113,0.960252583026886,1.9443929195404053,1.038710117340088,0.2281864583492279,0.5264582633972168
77,0.0,16386.51171875,16568.57421875,20148.578125,7115.8828125,8321.7021484375,8997.580078125,7510.3203125,0.0,15818.4345703125,15287.4462890625,20207.998046875,6226.759765625,14780.9306640625,2595.752685546875,0.0,0.0,6472.634765625,11387.6943359375,17373.029296875,9457.470703125,9070.576171875,11152.5107421875,4591.22900390625,0.0,15082.9658203125,11470.359375,24814.181640625,9411.7783203125,12957.83984375,3515.404296875,4182.046875,0.0,6766.2685546875,17009.599609375,19019.73046875,10274.31640625,9267.7197265625,4863.74951171875,8651.4951171875,0.0,8225.87890625,12342.21484375,17487.689453125,4503.533203125,6434.75,1113.5908203125,289.59814453125,0.0,8685.224609375,18823.14453125,22303.841796875,9097.51171875,6542.60595703125,9788.9951171875,2440.25439453125,0.0,11362.62109375,19202.44140625,16229.779296875,6462.6474609375,7663.93359375,10523.7822265625,4590.525390625,0.0,19643.55859375,9188.681640625,27199.9609375,4376.8310546875,7215.33447265625,4631.57666015625,547.4510498046875
91,0.0,8490.6552734375,13513.044921875,12338.94921875,12183.951171875,4211.46923828125,5722.37158203125,1675.764404296875,0.0,15857.9521484375,15287.900390625,18792.17578125,17108.794921875,4299.98779296875,558.564453125,0.0,0.0,6316.984375,12375.0283203125,19600.376953125,5260.2333984375,4395.26220703125,4345.51025390625,0.0,0.0,11925.5654296875,14074.677734375,16826.916015625,14110.0009765625,6168.88720703125,12480.318359375,2615.56494140625,631.7963256835938,11756.8583984375,16306.7890625,20236.26953125,9532.4912109375,11238.7314453125,9073.416015625,1293.5223388671875,0.0,11608.4482421875,9494.525390625,22377.61328125,5764.31884765625,2307.889404296875,9249.6962890625,0.0,0.0,15837.0810546875,13307.4365234375,24822.955078125,14036.67578125,559.5240478515625,5666.69921875,4787.2763671875,0.0,11927.51953125,10220.044921875,23267.740234375,10402.9228515625,4930.994140625,7682.20458984375,0.0,46.13499450683594,2837.095947265625,12614.6005859375,22738.6328125,9571.71875,7276.32373046875,11023.857421875,2854.082763671875
42,0.0,7586.404296875,13235.416015625,13814.3994140625,3930.77587890625,4306.12060546875,3002.9228515625,0.0,0.0,2687.95458984375,4357.95654296875,8159.2138671875,2466.315185546875,1072.5181884765625,3558.47607421875,0.0,0.0,1388.02734375,1429.2921142578125,4396.5859375,1127.522705078125,662.9266357421875,0.0,26.058860778808594,901.3703002929688,2858.762939453125,3046.398681640625,8321.8388671875,720.8067016601562,3507.3740234375,4786.66650390625,0.0,522.6671142578125,3372.752685546875,2814.60888671875,8343.302734375,1363.1944580078125,1437.48974609375,3592.1298828125,291.9524841308594,0.0,1034.54638671875,1016.9923706054688,2409.85986328125,9.766529083251953,725.9607543945312,451.88006591796875,442.7549133300781,1068.55322265625,1884.0274658203125,1570.5826416015625,3083.467529296875,0.0,869.9041137695312,2942.2080078125,0.0,320.0052795410156,2389.776123046875,1297.15966796875,2242.547607421875,0.0,2604.095458984375,1837.2210693359375,1492.4659423828125,593.36181640625,879.7592163085938,349.089111328125,730.4170532226562,0.0,109.9973373413086,763.8933715820312,659.1356811523438
13,0.0,9347.419921875,13984.71484375,22201.7265625,5001.328125,8431.5537109375,891.1602172851562,1006.0567626953125,0.0,12182.134765625,11703.12890625,21634.265625,5777.81787109375,10170.271484375,9465.3779296875,1202.44482421875,0.0,16897.478515625,14569.2509765625,24953.34375,11462.5458984375,7169.12109375,2295.620361328125,2292.77880859375,0.0,14782.9814453125,8757.677734375,23446.544921875,478.9815673828125,11174.2138671875,7546.04150390625,0.0,0.0,16600.775390625,12631.4619140625,18748.48828125,13000.48046875,2798.613037109375,5341.1884765625,0.0,0.0,10289.1201171875,15746.5693359375,18345.40234375,5917.998046875,7877.35302734375,3202.382568359375,4663.4462890625,0.0,12269.56640625,14485.29296875,15097.89453125,5328.45263671875,34.18296813964844,7373.568359375,10904.91796875,0.0,16675.919921875,13916.1875,22754.779296875,4428.6328125,9104.89453125,2144.644287109375,5659.974609375,0.0,6118.76708984375,17078.38671875,17905.0,11562.509765625,7318.18994140625,2569.294921875,0.0
41,0.0,11022.220703125,11649.7451171875,14995.29296875,2942.955810546875,5758.81982421875,5489.76806640625,3471.9541015625,5189.99755859375,12013.7158203125,11629.6455078125,11369.73046875,5869.52978515625,3131.87158203125,0.0,5242.412109375,0.0,6811.3056640625,9903.310546875,18783.654296875,5128.9267578125,4005.4248046875,7527.4677734375,0.0,0.0,13191.5107421875,11830.3125,17607.580078125,6296.302734375,5680.63232421875,5789.7451171875,2182.875244140625,1450.804931640625,10667.306640625,11648.21484375,15454.142578125,11089.7724609375,10709.732421875,1614.9437255859375,0.0,0.0,3520.486572265625,15246.9169921875,17719.27734375,4676.4287109375,4748.6943359375,0.0,0.0,0.0,9557.1767578125,10318.859375,13685.0810546875,5308.82080078125,6920.37255859375,10264.0263671875,1075.2774658203125,0.0,15568.3525390625,12420.935546875,18686.662109375,6341.1787109375,5609.54443359375,8671.162109375,1699.3575439453125,0.0,4048.727783203125,11904.4677734375,18304.71484375,1777.497802734375,2357.229248046875,4056.5634765625,204.8805694580078
55,0.0,6970.7099609375,6696.54052734375,12942.833984375,2349.99951171875,5529.154296875,5440.765625,0.0,0.0,5158.5087890625,4142.6171875,9939.375,3378.6572265625,990.6934814453125,4686.1669921875,2487.8017578125,0.0,2840.902099609375,2367.855712890625,6211.13037109375,1339.1053466796875,366.9776916503906,1534.1109619140625,0.0,0.0,5803.8818359375,8346.802734375,9430.5576171875,1164.445068359375,0.0,6286.73583984375,0.0,0.0,3176.68408203125,2452.431396484375,7726.2158203125,3017.822021484375,2913.83154296875,4769.81005859375,1441.5482177734375,306.4259338378906,563.82958984375,1876.7108154296875,3585.888427734375,552.4495239257812,856.2666625976562,722.710205078125,558.2188110351562,1264.2227783203125,3689.54931640625,1016.00732421875,5008.490234375,0.0,2344.222900390625,3610.92138671875,0.0,1406.3702392578125,4079.149658203125,1691.9320068359375,4078.574951171875,0.0,4143.5498046875,2348.074951171875,1052.31591796875,374.8180847167969,662.6043090820312,180.4679718017578,2688.8583984375,0.0,612.5183715820312,1239.2708740234375,273.04693603515625
31,0.0,11012.771484375,16291.3984375,20523.263671875,4363.01904296875,3282.9462890625,11392.826171875,5564.71875,0.0,10518.0830078125,11189.9814453125,20065.232421875,10560.6015625,2220.022216796875,1545.580078125,495.86199951171875,1833.402099609375,8222.087890625,14938.748046875,18987.361328125,6793.87158203125,7415.3662109375,4098.66357421875,0.0,0.0,14128.119140625,11294.171875,21298.197265625,11191.3798828125,6798.1220703125,4554.4169921875,0.0,0.0,11422.1083984375,20577.09375,28460.435546875,5853.3642578125,15725.396484375,1987.160400390625,2630.303955078125,0.0,13877.29296875,11690.2509765625,14511.34375,5659.78173828125,5254.11279296875,5388.05078125,2378.020751953125,0.0,15393.6884765625,10634.0634765625,19718.857421875,4641.5947265625,8856.0625,2251.8671875,5060.5068359375,0.0,7772.26806640625,13605.6572265625,15498.2880859375,3765.00634765625,7610.421875,325.05523681640625,0.0,0.0,12731.6767578125,8995.32421875,13939.287109375,10949.16796875,6808.4580078125,3570.720947265625,3156.521728515625
66,0.0,273.16986083984375,452.19232177734375,759.7579956054688,0.0,458.45135498046875,292.7311706542969,863.0075073242188,80.71263122558594,186.60830688476562,0.0,384.84674072265625,0.0,182.89483642578125,11.015876770019531,349.3111267089844,0.0,0.0,0.0,0.0,0.0,0.0,0.0,0.0,0.0,0.0,188.1038360595703,422.113525390625,0.5501995086669922,93.41238403320312,15.746950149536133,63.496910095214844,0.0,0.0,32.52884292602539,75.70234680175781,2.355644941329956,35.315216064453125,0.0,84.5809326171875,0.0,0.0,0.0,0.0,0.0,0.0,0.0,0.0,0.0,0.0,0.0,0.0,0.0,0.0,0.0,0.0,0.0,0.0,0.0,0.0,0.0,0.0,0.0,0.0,0.0,0.0,0.0,0.0,0.0,0.0,0.0,0.0
65,0.0,4599.427734375,5969.6650390625,6443.71044921875,4420.29443359375,6763.201171875,4563.3212890625,60.89870071411133,1199.8809814453125,1025.52001953125,2189.56591796875,5412.1494140625,0.6805496215820312,774.3599853515625,1482.0474853515625,2248.789306640625,0.0,2290.490234375,126.73004150390625,3929.3701171875,529.40673828125,2012.3116455078125,0.0,367.37890625,0.0,2526.271240234375,1979.6456298828125,5297.17529296875,0.0,2897.23193359375,2483.359375,425.4720764160156,87.96806335449219,2853.009033203125,649.7047729492188,3684.9599609375,164.55235290527344,1135.27734375,1900.4144287109375,650.4884033203125,0.0,738.9713134765625,224.00732421875,1554.6785888671875,40.06922149658203,325.8088684082031,264.656494140625,258.2354431152344,657.6997680664062,681.8551635742188,1274.3839111328125,1808.295654296875,0.0,1335.1470947265625,1850.41015625,0.0,406.954345703125,1167.543701171875,708.7988891601562,1534.6978759765625,0.0,757.2791748046875,553.7736206054688,820.6687622070312,123.42586517333984,340.4950866699219,379.60205078125,829.579345703125,199.2219696044922,562.2061157226562,779.882080078125,401.72015380859375
62,0.0,3710.2548828125,8764.2724609375,13722.9677734375,5694.23681640625,2813.788330078125,4164.671875,827.76513671875,0.0,6990.96630859375,4558.0966796875,12376.39453125,2089.311767578125,750.085693359375,1482.436767578125,0.0,17.466873168945312,319.29278564453125,3659.628173828125,3802.326171875,416.2920837402344,630.3226318359375,0.0,24.54480743408203,0.0,5351.80322265625,4556.4169921875,11932.314453125,357.7359313964844,2938.2470703125,7199.4873046875,0.0,0.0,7531.63916015625,4501.8525390625,5548.50927734375,562.2101440429688,1874.052978515625,77.96937561035156,309.5324401855469,11.333351135253906,456.8101501464844,1037.0997314453125,3915.544677734375,433.8860168457031,1189.6190185546875,493.251220703125,91.14387512207031,1415.13037109375,4792.703125,2070.232421875,5142.82861328125,0.0,2985.21142578125,5136.1796875,0.0,1411.7149658203125,1821.326171875,1849.6402587890625,2987.423828125,0.0,2450.677734375,2438.763427734375,773.9680786132812,7.612274169921875,856.7667236328125,635.6365966796875,2190.539306640625,0.0,11.6300630569458,0.0,1118.6815185546875
21,0.0,13093.0126953125,11892.947265625,19432.37109375,10138.482421875,8174.24755859375,12493.4677734375,2608.19287109375,0.0,11893.220703125,13946.7685546875,31014.958984375,9013.083984375,8818.439453125,3342.098388671875,1135.8858642578125,0.0,15364.357421875,21739.455078125,22171.185546875,13189.7744140625,1606.7303466796875,6279.826171875,6730.25,230.2255859375,9923.736328125,11714.994140625,19267.748046875,7673.12841796875,5553.87744140625,5233.85888671875,2735.051025390625,0.0,11713.1611328125,12304.6552734375,17815.857421875,4699.03662109375,10446.3017578125,0.0,0.0,0.0,11306.51171875,12102.3349609375,17553.873046875,6749.18505859375,7611.93505859375,6183.392578125,3859.551513671875,0.0,17400.83984375,13549.2890625,18273.400390625,7684.0078125,6736.90234375,8432.3134765625,894.9512939453125,0.0,9526.4345703125,11059.3671875,18502.650390625,9116.474609375,4912.41162109375,6748.72900390625,4427.72607421875,0.0,6126.6689453125,11719.2509765625,18133.259765625,8321.6796875,5358.57275390625,8401.568359375,3502.082275390625
95,0.0,4244.6943359375,6268.23681640625,9760.328125,1952.25439453125,1271.64501953125,4700.06591796875,321.00244140625,0.0,2570.4912109375,1027.7987060546875,5103.1513671875,459.8487243652344,251.0071258544922,1989.8321533203125,386.7837219238281,0.0,625.3121948242188,179.95285034179688,1527.869384765625,164.683349609375,0.0,42.190181732177734,3.8962717056274414,940.5545043945312,1320.2174072265625,577.1932373046875,2578.182861328125,0.0,1207.7864990234375,3352.512451171875,0.0,1484.3466796875,2044.7447509765625,770.510986328125,2084.3271484375,0.0,943.6206665039062,1001.616943359375,1380.327880859375,0.0,516.1860961914062,423.71209716796875,663.2376708984375,0.0,321.077392578125,0.0,420.33038330078125,747.9991455078125,666.622802734375,1716.039794921875,1543.5162353515625,0.0,1122.7950439453125,1866.6898193359375,62.838836669921875,0.0,603.2860717773438,914.02685546875,680.0126953125,0.0,341.32568359375,408.6684265136719,476.4143981933594,0.0,0.0,0.0,445.4656982421875,238.8494873046875,289.25323486328125,0.0,271.62469482421875
84,200.11216735839844,966.5640258789062,591.1321411132812,1203.0350341796875,339.1402587890625,116.7601089477539,870.12158203125,410.8056640625,0.0,100.3265151977539,334.2496032714844,295.4516906738281,0.0,213.9252166748047,80.48200988769531,365.02581787109375,0.0,0.0,0.0,0.0,0.0,0.0,0.0,0.0,0.0,466.74603271484375,921.4805908203125,325.50115966796875,53.58515548706055,124.4165267944336,29.607004165649414,267.92333984375,0.0,70.2536392211914,0.22190093994140625,76.9982681274414,155.9119873046875,83.28939819335938,18.297229766845703,42.214263916015625,0.0,0.0,0.0,0.0,0.0,0.0,0.0,0.0,0.0,0.0,0.0,0.0,0.0,0.0,0.0,0.0,0.0,0.0,0.0,0.0,0.0,0.0,0.0,0.0,0.0,0.0,0.0,0.0,0.0,0.0,0.0,0.0
58,2196.6591796875,4941.7587890625,15913.9482421875,17372.87109375,1854.336181640625,5105.267578125,2509.5869140625,0.0,1840.1793212890625,3493.70703125,8726.1943359375,10442.5302734375,7414.35107421875,1877.4149169921875,4286.22900390625,1221.96337890625,0.0,5076.66796875,6596.63671875,7320.33056640625,3158.90625,4303.47802734375,2503.958984375,0.0,0.0,4887.55029296875,10286.6953125,12711.65234375,759.7890625,799.4847412109375,3121.172607421875,292.21368408203125,338.1271667480469,6600.55908203125,6125.90087890625,10670.798828125,931.6213989257812,5365.16748046875,6234.53662109375,0.0,387.59417724609375,1727.45751953125,4535.54541015625,4901.66162109375,1372.0321044921875,2195.014892578125,1009.086669921875,1537.428955078125,0.0,4421.43115234375,4071.349853515625,8830.6591796875,0.0,1644.516845703125,6550.5595703125,250.20770263671875,880.4334716796875,4013.773681640625,2890.077392578125,10968.859375,0.0,2168.8359375,2310.582763671875,80.31330108642578,268.1233825683594,1324.178955078125,583.5857543945312,3240.5673828125,0.0,1562.879638671875,3480.3046875,675.68798828125
64,495.0789489746094,1203.4344482421875,1512.9671630859375,2034.4970703125,0.0,659.0752563476562,927.3898315429688,851.7064208984375,0.0,387.7397766113281,602.096923828125,643.7611083984375,361.099365234375,397.1970520019531,0.0,743.7639770507812,0.0,0.0,0.0,0.0,0.0,0.0,0.0,0.0,461.1870422363281,401.0665283203125,598.3553466796875,1009.369384765625,0.0,172.98309326171875,0.6639556884765625,435.18359375,0.0,237.26075744628906,109.27169036865234,198.8827362060547,234.99676513671875,45.529964447021484,0.0,275.6708679199219,0.0,0.0,0.0,0.0,0.0,0.0,0.0,0.0,0.0,0.0,0.0,0.0,0.0,0.0,0.0,0.0,0.0,0.0,0.0,0.0,0.0,0.0,0.0,0.0,0.0,0.0,0.0,0.0,0.0,0.0,0.0,0.0
83,0.0,14216.0302734375,14305.98828125,16868.255859375,10017.818359375,10917.4697265625,7550.0546875,3474.425537109375,0.0,11791.1201171875,10753.3466796875,17670.88671875,9105.1357421875,5641.435546875,7136.86669921875,8003.548828125,0.0,8964.5166015625,11405.2470703125,15716.9697265625,9514.564453125,4456.58935546875,10067.60546875,6213.69970703125,0.0,9976.0341796875,10298.3203125,16879.57421875,9042.3427734375,4409.21875,0.0,4232.396484375,0.0,10167.03515625,17003.947265625,20843.001953125,13298.7255859375,6614.13427734375,5684.03271484375,1150.7490234375,0.0,5660.013671875,11586.4677734375,20003.24609375,9907.3330078125,3113.389404296875,4253.44189453125,1631.0584716796875,0.0,5899.82421875,10989.5029296875,14750.349609375,11349.560546875,3329.58984375,3957.999755859375,1704.1953125,214.43673706054688,5706.88330078125,7040.962890625,16746.673828125,2653.302978515625,7850.1640625,7486.35498046875,401.8334045410156,0.0,10045.7470703125,9925.08203125,15299.5927734375,733.4732666015625,2782.045654296875,3252.8505859375,0.0
94,511.43963623046875,3273.225341796875,4262.9482421875,5636.8203125,0.0,4318.03857421875,1073.3572998046875,1339.322265625,0.0,704.2371826171875,1220.562255859375,2251.98291015625,895.53125,332.2545471191406,1086.95556640625,0.0,0.0,597.865234375,253.5458984375,175.76560974121094,514.82958984375,65.14710998535156,18.885591506958008,579.781005859375,652.741455078125,1784.767822265625,2463.509033203125,3201.889892578125,92.373046875,1024.19384765625,2034.812255859375,1577.87255859375,235.06874084472656,496.5814208984375,963.2288818359375,1793.4932861328125,356.70379638671875,202.25083923339844,194.1378936767578,141.61488342285156,65.52880096435547,345.7405090332031,46.82722473144531,238.21995544433594,215.97898864746094,116.98004913330078,186.22988891601562,118.1397705078125,244.90989685058594,685.08984375,851.2598876953125,558.6338500976562,233.12863159179688,376.46142578125,176.34886169433594,508.77423095703125,208.28485107421875,80.43128204345703,307.7836608886719,208.67108154296875,0.0,181.277099609375,50.4374885559082,178.446533203125,0.0,0.0,44.29914474487305,103.09463500976562,3.2080225944519043,48.09374237060547,0.0,115.18588256835938
0,0.0,3361.140869140625,16697.8046875,11549.0615234375,2319.619873046875,591.042724609375,2714.176513671875,3332.63134765625,0.0,5407.3818359375,5973.560546875,6697.814453125,3435.662841796875,673.0572509765625,0.0,238.23068237304688,0.0,1681.798095703125,1794.770751953125,5538.1640625,266.3397521972656,841.1704711914062,1163.08984375,0.0,0.0,5524.79150390625,8230.0888671875,6675.64697265625,0.0,4905.72802734375,2580.18017578125,0.0,0.0,2765.978271484375,2270.7880859375,6339.88818359375,831.054931640625,1499.0545654296875,3341.249267578125,102.00025939941406,0.0,2994.425048828125,0.0,3480.296875,648.767822265625,0.0,1779.179931640625,50.78349685668945,404.8573303222656,3295.596435546875,4202.33349609375,6795.3056640625,60.8186149597168,687.73681640625,2388.845947265625,2588.931396484375,783.1201171875,1226.04443359375,3505.340576171875,1975.8214111328125,0.0,486.525390625,2031.3250732421875,0.0,668.8460693359375,901.3770751953125,0.0,1280.7236328125,0.0,986.1136474609375,1746.80322265625,1024.2039794921875
99,0.0,7292.3544921875,15441.1416015625,20479.6171875,10702.650390625,7605.287109375,2723.07177734375,3995.3837890625,0.0,8428.7099609375,15629.51953125,18285.9140625,10786.5908203125,9396.0009765625,7584.3056640625,4825.27099609375,0.0,12983.55078125,12873.77734375,18792.810546875,11928.5888671875,3455.929931640625,7495.32080078125,391.73651123046875,1257.512939453125,12907.01171875,17916.333984375,16577.02734375,7783.560546875,6299.5849609375,7621.4609375,4224.1083984375,0.0,8068.16015625,9712.705078125,17616.484375,8980.5732421875,6558.93212890625,0.0,4567.78369140625,0.0,11228.8984375,17364.294921875,23609.060546875,6500.46826171875,7311.6123046875,10943.982421875,5306.166015625,0.0,5601.033203125,8704.1064453125,11496.6953125,11244.107421875,4160.66796875,5038.0146484375,0.0,0.0,9433.2373046875,8626.1796875,15838.4169921875,10990.1484375,5436.18359375,2172.073486328125,588.5259399414062,0.0,5218.35107421875,9165.8984375,15011.4423828125,7166.42529296875,4062.987060546875,590.7816772460938,0.0
96,0.0,13125.44140625,16829.048828125,18813.96484375,4673.03662109375,5192.7626953125,7260.5947265625,5986.103515625,0.0,7017.91259765625,12625.6044921875,19973.69921875,7938.42431640625,3791.756103515625,0.0,439.9858703613281,0.0,6918.9638671875,10595.3818359375,15025.935546875,5446.78466796875,5762.529296875,6734.17822265625,0.0,0.0,9485.4345703125,17481.52734375,19524.787109375,3754.746337890625,10744.18359375,9509.791015625,313.929931640625,406.87457275390625,9798.3974609375,14155.1083984375,20502.53125,6425.064453125,3520.127685546875,7248.10498046875,0.0,0.0,7831.8310546875,9383.3046875,13798.546875,4248.267578125,4851.3818359375,7201.6806640625,689.5187377929688,0.0,12552.5439453125,7365.98388671875,19022.38671875,6057.1767578125,5017.49609375,8653.259765625,4244.47119140625,0.0,12938.6201171875,14253.48828125,20561.005859375,2268.48779296875,2770.986083984375,7998.111328125,1340.17333984375,0.0,5424.47998046875,9375.625,12929.8798828125,192.67677307128906,6716.9580078125,7656.95703125,0.0
67,0.0,2699.07373046875,2494.83056640625,5580.3310546875,1488.98046875,4030.0185546875,5110.953125,966.1412353515625,0.0,2339.1513671875,1010.6600952148438,3083.16748046875,0.0,1250.2596435546875,1568.7808837890625,0.0,0.0,0.0,0.0,1215.4727783203125,150.08143615722656,62.5391845703125,113.81111145019531,77.80254364013672,1338.2974853515625,1839.16796875,1094.7430419921875,1960.364501953125,0.0,3472.42626953125,1397.0955810546875,1203.25244140625,565.3514404296875,285.59033203125,416.8788146972656,2224.798583984375,0.0,711.8973388671875,1574.1446533203125,926.55712890625,69.99317932128906,301.4251403808594,136.04176330566406,341.07843017578125,0.0,328.5724792480469,0.0,269.93695068359375,450.748291015625,720.6602172851562,818.5856323242188,842.7215576171875,0.0,378.03814697265625,803.1751708984375,251.92587280273438,0.0,112.69355010986328,610.5369262695312,411.7308654785156,222.82620239257812,419.7441101074219,30.205318450927734,276.28082275390625,0.0,41.81859588623047,36.41816329956055,138.33766174316406,130.6272735595703,56.236568450927734,0.0,147.39950561523438
61,306.2698974609375,635.5111083984375,324.7815856933594,964.603271484375,0.0,271.14410400390625,33.27107238769531,489.8753967285156,0.0,109.36492156982422,321.5260314941406,180.0325164794922,157.5727081298828,64.64741516113281,0.0,293.0023498535156,0.0,0.0,0.0,0.0,0.0,0.0,0.0,0.0,0.0,718.4204711914062,585.9373779296875,276.79443359375,306.42437744140625,31.599990844726562,0.0,87.37545776367188,0.0,51.98518753051758,0.1641998291015625,56.97596740722656,115.36929321289062,61.631187438964844,13.539297103881836,31.23705291748047,0.0,0.0,0.0,0.0,0.0,0.0,0.0,0.0,0.0,0.0,0.0,0.0,0.0,0.0,0.0,0.0,0.0,0.0,0.0,0.0,0.0,0.0,0.0,0.0,0.0,0.0,0.0,0.0,0.0,0.0,0.0,0.0
43,330.2562561035156,738.5089111328125,599.8201293945312,2278.59130859375,0.0,1012.3982543945312,1033.177734375,774.079833984375,289.3877868652344,427.6282653808594,0.0,479.4383850097656,0.0,385.36151123046875,241.28607177734375,773.0219116210938,0.0,0.0,0.0,0.0,0.0,0.0,0.0,0.0,474.0597229003906,458.6313781738281,244.546630859375,833.8402709960938,390.6834411621094,186.49879455566406,0.0,420.58734130859375,0.0,375.88226318359375,289.4221496582031,171.7145233154297,55.38593673706055,0.0,0.0,303.75714111328125,0.0,0.0,0.0,0.0,0.0,0.0,0.0,0.0,0.0,0.0,0.0,0.0,0.0,0.0,0.0,0.0,0.0,0.0,0.0,0.0,0.0,0.0,0.0,0.0,0.0,0.0,0.0,0.0,0.0,0.0,0.0,0.0
2,982.6730346679688,4243.00341796875,5095.365234375,8834.49609375,1907.338134765625,4927.923828125,1756.661865234375,0.0,0.0,0.0,3162.469482421875,4237.49462890625,3520.590576171875,1186.913818359375,110.02507019042969,0.0,0.0,562.4031372070312,429.9407653808594,436.9101257324219,618.1456298828125,223.22402954101562,0.0,185.91265869140625,881.6752319335938,3629.929931640625,3172.998046875,3843.541015625,0.0,2041.972900390625,1479.448974609375,1240.5875244140625,387.4813232421875,1431.0618896484375,100.77616882324219,2616.61083984375,874.9812622070312,1247.245361328125,1408.38818359375,2070.34765625,0.0,295.5506591796875,0.0,0.0,0.0,170.12957763671875,139.41136169433594,490.37493896484375,795.7402954101562,1361.0181884765625,1122.6141357421875,889.9302978515625,0.0,434.1746520996094,743.51953125,0.0,6.494834899902344,1354.50830078125,2176.08056640625,1108.441650390625,186.71995544433594,21.582380294799805,0.0,517.6555786132812,0.0,293.58270263671875,185.59487915039062,289.55950927734375,556.1804809570312,145.2777099609375,81.01882934570312,98.66006469726562
54,0.0,3868.688720703125,10068.7392578125,10232.919921875,7228.607421875,8273.224609375,6431.99609375,432.0897216796875,0.0,6197.630859375,12125.5283203125,18436.421875,9345.5400390625,3212.5615234375,7103.939453125,0.0,0.0,4568.37841796875,8794.4208984375,9218.8955078125,2577.123779296875,4246.87060546875,4520.56982421875,5448.3759765625,0.0,6591.81494140625,8778.55078125,14450.2783203125,3515.040283203125,3638.984375,5368.3232421875,2466.510986328125,0.0,5911.42333984375,8728.486328125,10414.888671875,2379.962646484375,2709.130615234375,0.0,0.0,0.0,492.6423034667969,3270.103271484375,3875.8623046875,1910.8822021484375,1130.2720947265625,3014.917724609375,1036.658447265625,0.0,6209.1396484375,9976.7470703125,14703.5458984375,939.79541015625,2938.613037109375,9148.53125,2517.142578125,0.0,3429.09033203125,4204.650390625,7173.8125,2401.548828125,3657.32568359375,1977.834716796875,0.0,2341.999267578125,1859.1490478515625,3901.19287109375,7459.49853515625,959.5693359375,2028.5635986328125,3122.003173828125,0.0
30,0.0,0.0,1394.3292236328125,3266.69970703125,0.0,1631.03759765625,1131.4976806640625,447.4288635253906,113.609375,2306.320068359375,1011.5427856445312,2382.376708984375,0.0,672.2996215820312,732.1932983398438,538.1220092773438,0.0,144.25259399414062,346.46441650390625,271.2081604003906,134.873046875,191.72486877441406,0.0,0.0,1266.7183837890625,1103.712646484375,743.2060546875,2600.279541015625,0.0,299.9775390625,2069.72412109375,468.6792907714844,126.9166030883789,549.4176025390625,509.5623779296875,1438.8572998046875,0.0,614.80859375,287.4349060058594,764.8634643554688,72.92588806152344,258.52825927734375,0.0,204.1031951904297,0.0,177.74343872070312,185.03750610351562,187.66763305664062,0.0,1099.21875,1058.7926025390625,698.7218017578125,53.42091369628906,393.3037109375,38.077781677246094,118.1101303100586,124.05764770507812,7.498468399047852,141.2301025390625,176.4488067626953,131.54702758789062,172.3243865966797,0.0,148.3551483154297,0.0,0.0,26.21190071105957,61.00132751464844,1.8981913328170776,28.457172393798828,0.0,68.15574645996094
59,0.0,13901.1181640625,12905.890625,21116.69140625,9057.7470703125,3951.7265625,4087.02490234375,2913.48046875,0.0,8154.95703125,10844.0146484375,11903.138671875,4109.17578125,6197.47216796875,7028.5283203125,2648.86474609375,0.0,1147.1365966796875,4166.7314453125,10500.9365234375,6519.52197265625,4413.66552734375,1785.6622314453125,0.0,1737.3917236328125,9166.986328125,9403.3505859375,12534.2705078125,3878.5185546875,1991.22021484375,5723.35986328125,1582.51904296875,0.0,8001.4462890625,10749.6669921875,12647.0205078125,3272.75244140625,5931.03466796875,5538.40478515625,0.792724609375,0.0,2992.722900390625,5855.37451171875,8202.904296875,3564.482666015625,93.65248107910156,2927.719970703125,0.0,911.0383911132812,4544.72216796875,7240.0107421875,7847.57373046875,0.0,5610.85205078125,5965.54833984375,3015.38232421875,0.0,4017.840087890625,2600.55712890625,11579.994140625,1341.623291015625,2504.65478515625,2777.872802734375,598.5575561523438,0.0,3644.069580078125,3573.191162109375,7903.6982421875,1967.189208984375,0.0,5167.70849609375,0.0
85,648.3064575195312,498.75677490234375,167.97283935546875,1142.7432861328125,0.0,752.2686767578125,710.9462890625,423.5809020996094,31.239273071289062,149.3867950439453,154.69754028320312,428.5355224609375,0.0,264.9220275878906,133.61610412597656,638.6697998046875,0.0,0.0,0.0,0.0,0.0,0.0,0.0,0.0,130.44183349609375,384.694091796875,504.73284912109375,720.1556396484375,0.0,177.5216064453125,85.44158172607422,423.1535339355469,29.723976135253906,128.7543182373047,87.0931396484375,224.47732543945312,184.8306121826172,152.42555236816406,0.0,171.44798278808594,0.0,0.0,0.0,0.0,0.0,0.0,0.0,0.0,0.0,0.0,0.0,0.0,0.0,0.0,0.0,0.0,0.0,0.0,0.0,0.0,0.0,0.0,0.0,0.0,0.0,0.0,0.0,0.0,0.0,0.0,0.0,0.0
74,0.0,155.63648986816406,644.2421875,391.3682861328125,328.7431945800781,216.05393981933594,9.01856803894043,538.4315185546875,0.0,0.0,0.0,0.0,0.0,0.0,0.0,0.0,0.0,0.0,0.0,0.0,0.0,0.0,0.0,0.0,0.0,0.0,0.0,0.0,0.0,0.0,0.0,0.0,0.0,0.0,0.0,0.0,0.0,0.0,0.0,0.0,0.0,0.0,0.0,0.0,0.0,0.0,0.0,0.0,0.0,0.0,0.0,0.0,0.0,0.0,0.0,0.0,0.0,0.0,0.0,0.0,0.0,0.0,0.0,0.0,0.0,0.0,0.0,0.0,0.0,0.0,0.0,0.0
90,0.0,5606.9755859375,9137.857421875,11591.814453125,3057.0732421875,5392.78857421875,4445.97119140625,1826.6087646484375,2044.1053466796875,499.55499267578125,4228.17724609375,6637.57763671875,2412.040771484375,1967.862548828125,3274.0537109375,0.0,0.0,2036.898193359375,2046.4554443359375,4847.07861328125,2520.0673828125,1024.0030517578125,795.1478881835938,411.99993896484375,0.0,3362.3876953125,4922.68505859375,8616.669921875,0.0,5378.7587890625,4674.63818359375,0.0,0.0,3030.30029296875,2934.570556640625,6759.1171875,0.0,1250.8756103515625,2602.408935546875,1166.461669921875,34.50172805786133,2764.681640625,464.55194091796875,3020.821044921875,0.0,705.0486450195312,161.43112182617188,1244.317626953125,1223.781005859375,2205.083251953125,2163.7607421875,3263.529541015625,0.0,0.0,4287.63525390625,0.0,1081.35693359375,1576.20556640625,1661.0047607421875,2247.5634765625,0.0,1127.3604736328125,1944.19580078125,1404.23388671875,749.2718505859375,894.2644653320312,544.9512329101562,2413.837646484375,0.0,388.3285827636719,422.2289123535156,812.0266723632812
18,0.0,7851.74267578125,8005.9736328125,22573.50390625,5685.4814453125,4127.14892578125,7552.97216796875,2492.514892578125,0.0,12748.6845703125,12284.408203125,21431.25390625,9091.3330078125,7631.57958984375,3643.288330078125,0.0,1495.1490478515625,10049.7392578125,12592.64453125,16830.537109375,6455.2802734375,3393.16259765625,8189.890625,0.0,0.0,6843.3564453125,13905.1455078125,18822.9140625,11915.5732421875,4633.78125,4980.435546875,0.0,0.0,13439.2578125,13508.298828125,19474.15625,6204.146484375,4471.8955078125,3040.191650390625,1708.8994140625,0.0,10095.3056640625,9815.5712890625,16025.3505859375,4653.2705078125,6108.40185546875,6638.82861328125,0.0,6.059822082519531,6451.04248046875,10847.416015625,12572.322265625,1313.3858642578125,4576.7333984375,4881.6083984375,6088.1728515625,0.0,5329.03369140625,5789.74560546875,12817.767578125,1212.1068115234375,6649.923828125,5945.5400390625,346.595458984375,0.0,7946.8515625,8156.14501953125,12596.8369140625,1227.6600341796875,10803.9658203125,6793.34765625,2792.205078125
52,2867.240478515625,1845.001953125,11205.732421875,15262.74609375,978.225341796875,2904.1474609375,6904.12158203125,548.1922607421875,0.0,11445.3671875,5006.67529296875,10462.6181640625,4992.275390625,5234.8134765625,5153.49609375,1375.8084716796875,1638.9539794921875,3080.066650390625,6250.9560546875,5909.697265625,968.6658325195312,956.7282104492188,143.3048553466797,611.451416015625,0.0,6180.68115234375,5427.41259765625,10837.87890625,3224.12451171875,3536.359130859375,9309.7783203125,42.3197021484375,226.47161865234375,3298.68896484375,5446.29248046875,7743.9560546875,1603.9537353515625,3424.390625,2275.840087890625,2261.720703125,0.0,2337.081298828125,1781.577392578125,6370.8466796875,653.316162109375,0.0,756.2914428710938,1417.1729736328125,274.178955078125,4916.9296875,4682.97412109375,5294.330078125,0.0,4028.282470703125,5314.689453125,989.1231689453125,436.1368103027344,3756.507568359375,2615.48095703125,2772.61474609375,0.0,850.1334228515625,3845.160400390625,1564.8245849609375,176.49339294433594,962.5433349609375,0.0,3049.84375,0.0,1182.933837890625,670.5741577148438,763.4487915039062
44,0.0,14330.0029296875,10771.560546875,17716.583984375,8135.56689453125,6917.85546875,5621.5576171875,5369.2021484375,0.0,11207.7744140625,13161.322265625,20460.30859375,16706.171875,1790.2198486328125,11878.2900390625,4163.89599609375,0.0,6767.7998046875,14788.0810546875,23391.330078125,9414.81640625,2404.0048828125,3265.419677734375,5641.49267578125,0.0,9834.5078125,11038.607421875,18861.001953125,2211.2978515625,6162.6220703125,3890.16748046875,1292.718505859375,0.0,16707.11328125,19672.1328125,18146.9921875,2311.0380859375,7962.38134765625,888.6373901367188,2351.597900390625,0.0,8063.60107421875,12500.4306640625,20779.22265625,9271.994140625,5620.7353515625,2689.03466796875,5316.7451171875,0.0,11789.2939453125,8970.046875,12217.7861328125,11118.3486328125,9033.640625,5000.34619140625,413.5267333984375,105.41900634765625,22208.216796875,16384.287109375,19892.251953125,5702.55419921875,7637.525390625,3684.5576171875,4625.86767578125,2070.8037109375,8664.8173828125,17786.46484375,18617.3515625,7783.61376953125,6708.65234375,7209.36083984375,1736.892333984375
17,0.0,10954.6162109375,12389.01953125,21320.779296875,6610.74267578125,7428.03125,3948.8212890625,2797.589111328125,0.0,8472.369140625,11966.416015625,21538.533203125,7236.23779296875,5029.84326171875,3464.631103515625,1697.1370849609375,620.310302734375,11850.1806640625,17972.62890625,18553.451171875,5596.86279296875,4652.70556640625,7967.916015625,2810.883056640625,0.0,6060.36962890625,10837.9345703125,19227.7890625,2347.962158203125,10203.9677734375,8705.380859375,2327.8173828125,0.0,15184.94921875,12988.65234375,17278.244140625,6192.81103515625,9972.138671875,2835.52099609375,0.0,0.0,18889.19140625,14419.76953125,21475.732421875,6826.4853515625,4203.51025390625,7243.30322265625,2582.609619140625,0.0,10348.4912109375,10772.580078125,18806.728515625,7471.91650390625,7230.28125,3435.639404296875,2138.4013671875,0.0,18592.689453125,15652.6787109375,22921.21484375,8419.59765625,4737.4384765625,7526.0869140625,6608.6923828125,415.655029296875,13431.30859375,19957.650390625,19595.34375,6306.49853515625,11477.126953125,3418.435302734375,3168.1328125
36,2511.1376953125,10986.5947265625,17045.43359375,12702.015625,6917.8583984375,4572.24951171875,1444.20068359375,0.0,0.0,12035.19140625,11032.77734375,22472.826171875,7823.96728515625,5431.9453125,6930.1171875,3273.30126953125,0.0,7059.1337890625,13822.56640625,16071.23828125,664.138427734375,3117.694091796875,7984.138671875,434.156005859375,0.0,4711.95751953125,14787.0869140625,26653.12890625,3585.320556640625,6520.93896484375,9489.6611328125,6041.935546875,0.0,12067.921875,11726.8486328125,22795.501953125,7831.52392578125,4464.72998046875,2271.04345703125,1826.278076171875,0.0,6049.873046875,11155.98046875,15094.189453125,11280.908203125,5542.5791015625,9820.2119140625,0.0,0.0,11204.5537109375,12742.1669921875,16580.990234375,7356.45556640625,2369.52001953125,5966.93310546875,2283.413330078125,0.0,10404.138671875,15444.263671875,12556.4423828125,6044.94921875,8016.92724609375,3449.320068359375,1595.51416015625,0.0,5504.43603515625,8081.767578125,17137.78515625,9594.076171875,5811.09375,5584.12548828125,0.0
49,92.5741958618164,8458.353515625,9405.693359375,14914.126953125,4999.056640625,5715.14111328125,6811.38037109375,154.814208984375,0.0,3313.257568359375,7135.60888671875,9488.3837890625,3468.169921875,3059.2529296875,5841.01904296875,0.0,0.0,3330.674560546875,1992.3551025390625,7739.43017578125,1763.8642578125,364.7892150878906,2209.197509765625,0.0,0.0,5924.603515625,9886.2998046875,10322.8720703125,1103.51611328125,702.5050659179688,2887.033447265625,281.8066711425781,1354.2607421875,4780.208984375,3050.2724609375,8616.6630859375,1360.302734375,1303.611328125,4659.02392578125,1119.142578125,0.0,1132.90966796875,197.5584716796875,3197.08642578125,167.39166259765625,771.9644775390625,214.69349670410156,529.05126953125,1007.2338256835938,4346.86279296875,4232.70654296875,4498.53125,0.0,2552.283447265625,1886.95947265625,585.864501953125,872.4342651367188,821.2395629882812,629.3718872070312,2483.897216796875,0.0,1590.2987060546875,2273.76123046875,797.7203369140625,895.1770629882812,748.3544921875,442.3631591796875,738.6049194335938,0.0,646.70361328125,1215.521240234375,1041.047607421875
86,0.0,2403.877685546875,5649.705078125,4813.5673828125,209.94972229003906,1228.9664306640625,4495.6171875,0.0,194.29037475585938,3093.36376953125,1973.740966796875,4246.72119140625,1918.224853515625,356.836181640625,664.0853271484375,97.38170623779297,0.0,534.0761108398438,0.0,404.7167053222656,410.9849548339844,0.0,221.75357055664062,150.96144104003906,1384.12353515625,1791.431396484375,1724.7796630859375,1871.982421875,0.0,1165.2528076171875,2386.12158203125,1372.8961181640625,1011.282470703125,698.1322631835938,199.45889282226562,2471.72216796875,0.0,1318.883056640625,1169.4833984375,1046.761962890625,215.00694274902344,300.4255676269531,91.44190979003906,518.0916748046875,0.0,854.0291748046875,0.0,776.9486083984375,1007.8892211914062,0.0,1220.0408935546875,1802.3480224609375,0.0,1346.083740234375,800.0888061523438,373.14849853515625,0.0,84.69794464111328,737.7581176757812,954.9992065429688,0.0,248.30946350097656,97.70901489257812,582.0286865234375,30.574634552001953,26.158872604370117,0.0,248.58636474609375,0.0,212.9665985107422,0.0,266.2043151855469
37,0.0,9940.76953125,16216.470703125,18041.451171875,9910.8955078125,9041.0712890625,5769.484375,2245.70361328125,2257.875244140625,14272.5986328125,13123.798828125,24158.56640625,11316.6318359375,3266.720703125,9887.6630859375,4539.32763671875,2840.8505859375,8445.5791015625,10598.4599609375,14905.4140625,7908.16015625,7645.1513671875,9355.19921875,3700.996337890625,0.0,5972.1572265625,14840.6376953125,17614.74609375,10821.51171875,10515.65625,3383.2841796875,2042.6064453125,3127.06494140625,10855.513671875,13960.595703125,22300.658203125,6587.40185546875,4780.4765625,1119.077392578125,2435.91552734375,0.0,10265.056640625,13161.9599609375,17324.306640625,9641.150390625,10090.7109375,3011.546630859375,85.9791259765625,0.0,11200.173828125,9698.90625,14810.0634765625,8091.4208984375,3419.694091796875,12902.7841796875,0.0,0.0,12651.158203125,13363.3232421875,16952.5703125,5160.7158203125,5818.9091796875,2330.664306640625,1429.93212890625,0.0,3332.148193359375,8961.046875,16207.787109375,5499.60546875,7282.2177734375,6037.15869140625,2159.510986328125
56,0.0,10149.4296875,17352.048828125,18059.916015625,12850.53515625,3717.5517578125,14339.8349609375,8675.427734375,0.0,8622.9306640625,15612.763671875,22954.798828125,4150.30908203125,8268.21875,9468.27734375,1011.7377319335938,0.0,7905.3720703125,14697.9921875,21261.89453125,3116.086669921875,744.307861328125,7339.49462890625,0.0,0.0,7794.83642578125,12610.2373046875,16160.521484375,5848.89013671875,6146.24267578125,5224.57080078125,0.0,3347.08056640625,11164.3447265625,20893.67578125,19186.63671875,7167.4296875,11755.11328125,3386.21533203125,1987.5723876953125,0.0,7654.29443359375,10857.2470703125,15923.0546875,5603.564453125,8929.8798828125,5161.85986328125,4508.73095703125,0.0,12383.4716796875,10520.8505859375,21171.2109375,3278.8779296875,9395.9765625,2744.908935546875,2524.895263671875,0.0,10699.1845703125,12341.783203125,19884.7890625,9683.5,2320.029296875,5924.455078125,0.0,0.0,13095.0771484375,10551.337890625,12948.19921875,6047.41796875,9480.4814453125,6482.74267578125,1533.88623046875
63,0.0,11220.166015625,15094.5810546875,16517.408203125,8044.40234375,3558.852783203125,2708.8505859375,3748.92578125,0.0,10253.7626953125,15997.6748046875,16288.2783203125,2259.923828125,10414.912109375,3640.632568359375,7382.3681640625,0.0,8006.34912109375,8182.4638671875,18409.45703125,12968.1943359375,6104.61279296875,0.0,737.9281005859375,0.0,9676.7685546875,19545.927734375,19067.03515625,4338.01513671875,4416.34423828125,6918.083984375,2472.428466796875,0.0,10851.6396484375,12645.2216796875,14392.5185546875,10327.75390625,6632.26953125,2033.683349609375,4593.21923828125,0.0,6035.2578125,7637.72265625,19369.703125,7375.09765625,10486.1044921875,6232.927734375,2107.182861328125,0.0,10647.60546875,15898.37890625,19191.859375,2091.34130859375,1212.9415283203125,3854.681884765625,996.570556640625,0.0,10265.7509765625,13961.365234375,20666.27734375,11967.60546875,5578.6044921875,1602.8155517578125,0.0,0.0,9080.150390625,11280.09765625,14175.3056640625,3687.182373046875,2532.775390625,15646.5634765625,0.0
35,0.0,15045.32421875,17825.154296875,21811.544921875,4975.02490234375,6110.8544921875,7239.7255859375,1480.918701171875,1284.026611328125,10878.333984375,15815.6962890625,17784.34765625,7682.0498046875,8240.5048828125,0.0,807.4638061523438,0.0,7341.47216796875,20158.14453125,21582.552734375,12703.6025390625,4243.1171875,4232.38427734375,0.0,0.0,12051.8857421875,17446.5078125,24239.697265625,8326.19140625,10258.298828125,5914.5537109375,5835.95703125,0.0,16046.0263671875,14681.6259765625,20532.974609375,6485.072265625,4796.68701171875,5578.13525390625,0.0,0.0,13074.140625,14624.2841796875,20937.5703125,13128.82421875,5887.93408203125,4121.62353515625,1304.919921875,0.0,10732.0009765625,7331.63232421875,15525.71875,8801.896484375,10622.6142578125,7537.0703125,177.34640502929688,0.0,14216.765625,12169.033203125,19300.953125,7119.5859375,5978.056640625,10963.2197265625,4538.45849609375,0.0,14755.5830078125,12869.2705078125,21149.388671875,4744.68115234375,6859.27490234375,2132.0380859375,0.0
97,148.41116333007812,13785.9873046875,10485.7158203125,13484.8447265625,9676.9140625,6357.57275390625,3156.88623046875,4793.12939453125,1025.118896484375,12145.869140625,20497.9609375,14178.4306640625,9377.203125,6655.376953125,5015.8173828125,4442.62255859375,3723.7138671875,8855.84765625,13563.4716796875,14320.724609375,9870.58203125,10653.6474609375,6646.1162109375,0.0,0.0,9119.7138671875,12060.7294921875,20391.26953125,8099.32861328125,6418.60205078125,4831.65869140625,5660.76611328125,0.0,9159.529296875,16020.443359375,18148.69140625,7339.48095703125,9038.919921875,8060.55517578125,9400.775390625,0.0,5697.0439453125,9924.23828125,16591.23828125,2128.35302734375,9848.0732421875,5479.1669921875,0.0,0.0,11002.2197265625,13578.1328125,19589.02734375,10862.44140625,9671.8671875,11223.533203125,2538.317626953125,0.0,9699.1796875,19918.818359375,22153.591796875,8270.404296875,9119.3134765625,8958.271484375,818.8341064453125,0.0,11621.4873046875,17906.76953125,19773.1171875,4096.255859375,2878.8876953125,10939.64453125,6558.6611328125
75,1236.37939453125,2004.5760498046875,1577.1422119140625,3350.350341796875,0.0,925.4821166992188,1217.333984375,908.4815063476562,0.0,342.3035888671875,263.9150695800781,1138.1395263671875,459.60723876953125,144.68809509277344,0.0,0.0,0.0,0.0,0.0,0.0,0.0,0.0,0.0,0.0,769.7372436523438,803.2683715820312,956.139404296875,548.3584594726562,0.0,392.2035827636719,796.7125854492188,695.9338989257812,0.0,158.03135681152344,612.5532836914062,280.9877624511719,391.158935546875,149.725341796875,14.652482986450195,261.6292724609375,0.0,0.0,0.0,0.0,0.0,0.0,0.0,0.0,0.0,0.0,0.0,0.0,0.0,0.0,0.0,0.0,0.0,0.0,0.0,0.0,0.0,0.0,0.0,0.0,0.0,0.0,0.0,0.0,0.0,0.0,0.0,0.0
57,0.0,12294.208984375,15560.671875,18112.904296875,4471.45654296875,6202.23583984375,5353.83349609375,323.8223876953125,0.0,11263.744140625,10526.6103515625,19776.509765625,6377.5595703125,8899.9443359375,2827.72412109375,2581.18994140625,0.0,8189.75390625,11141.7255859375,18161.91796875,8392.080078125,5871.984375,4853.4873046875,0.0,0.0,8478.7568359375,21335.841796875,18824.896484375,1653.0675048828125,11333.5224609375,8441.3701171875,835.249267578125,0.0,10041.02734375,11083.478515625,17583.109375,37.78126525878906,11330.9091796875,1882.085693359375,4015.416015625,0.0,10240.9599609375,17609.724609375,21954.13671875,11644.833984375,1343.671630859375,505.3004455566406,2008.161376953125,0.0,8460.109375,10067.533203125,16637.8984375,7896.5302734375,7853.181640625,5767.78759765625,0.0,79.79415893554688,13463.90234375,9196.5439453125,17023.810546875,5310.876953125,5225.4404296875,5019.7197265625,1703.4930419921875,0.0,4623.4248046875,8773.8427734375,18141.150390625,7465.37451171875,6640.4697265625,6645.58544921875,4745.2998046875
88,0.0,5818.9375,12997.458984375,12838.943359375,4116.85888671875,1506.0186767578125,5056.35302734375,0.0,0.0,5757.72021484375,5807.10498046875,8296.2119140625,7112.943359375,1056.8642578125,2679.167724609375,420.0351257324219,0.0,488.758544921875,1223.521728515625,3630.808349609375,2967.48486328125,2952.84228515625,0.0,0.0,0.0,3838.732421875,4619.70263671875,14407.7275390625,2084.695556640625,3280.909423828125,7034.30224609375,2469.068603515625,0.0,3218.97021484375,2151.420166015625,6187.28466796875,0.0,2432.35498046875,2693.214111328125,1420.323974609375,0.0,579.0629272460938,492.7192687988281,3027.02001953125,1081.05859375,949.843017578125,1306.3695068359375,576.511474609375,1374.8602294921875,3826.71435546875,668.5828857421875,3202.5947265625,0.0,2140.983154296875,4262.357421875,1273.0357666015625,898.1093139648438,2306.381103515625,689.0457153320312,2391.254638671875,0.0,1505.008056640625,1723.5384521484375,804.4908447265625,280.2308349609375,910.0436401367188,409.4229431152344,1028.913330078125,0.0,754.1851806640625,916.4020385742188,570.629638671875
10,1229.6416015625,969.7886962890625,680.999267578125,1621.955810546875,0.0,1614.2847900390625,492.1228332519531,832.6142578125,24.527019500732422,318.9719543457031,130.11497497558594,633.8463134765625,17.83466911315918,317.054443359375,19.91281509399414,996.4920654296875,0.0,0.0,0.0,0.0,0.0,0.0,0.0,0.0,0.0,546.5361938476562,676.0108032226562,941.22900390625,82.99113464355469,115.68753051757812,62.73200988769531,292.48065185546875,0.0,181.18128967285156,105.76905822753906,185.3010711669922,213.7746124267578,76.97439575195312,0.0,123.20555114746094,0.0,0.0,0.0,0.0,0.0,0.0,0.0,0.0,0.0,0.0,0.0,0.0,0.0,0.0,0.0,0.0,0.0,0.0,0.0,0.0,0.0,0.0,0.0,0.0,0.0,0.0,0.0,0.0,0.0,0.0,0.0,0.0
53,441.4165344238281,6355.2626953125,3927.106689453125,5249.55029296875,0.0,1267.0166015625,1227.0616455078125,0.0,741.1840209960938,429.5859375,450.60638427734375,2693.665283203125,542.7711181640625,710.8746337890625,0.0,136.29525756835938,0.0,142.10691833496094,302.36016845703125,245.89181518554688,134.18008422851562,210.58277893066406,0.0,446.0914001464844,1934.129638671875,1430.40478515625,1340.686279296875,2478.98876953125,0.0,2245.79736328125,2477.091064453125,2305.36669921875,0.0,491.4352111816406,622.961669921875,768.7623291015625,120.51942443847656,250.17347717285156,52.57792663574219,256.3114013671875,59.12532424926758,124.56188201904297,111.59396362304688,164.3013458251953,226.6986083984375,201.2198028564453,0.0,53.029380798339844,109.71648406982422,853.1840209960938,1203.275634765625,41.23031997680664,435.5047607421875,0.0,312.6731262207031,242.24215698242188,0.0,381.7689514160156,452.2063903808594,494.53277587890625,314.31439208984375,180.84507751464844,41.45058822631836,110.99034118652344,0.0,15.762530326843262,0.04978799819946289,17.275793075561523,34.98134994506836,18.68730926513672,4.1052751541137695,9.471445083618164
8,0.0,3195.283447265625,6354.16943359375,7900.71728515625,2457.464111328125,2756.268798828125,0.0,0.0,100.13469696044922,3034.6533203125,3309.140625,5312.89111328125,0.0,1071.18115234375,1787.12646484375,1642.4539794921875,0.0,943.7661743164062,733.9732055664062,2530.297119140625,1183.0643310546875,0.0,725.8176879882812,336.2550048828125,3206.52099609375,1548.107421875,1424.94580078125,4313.62744140625,0.0,1483.4097900390625,3268.93896484375,0.0,586.6248779296875,2198.330810546875,1316.8701171875,3241.7138671875,0.0,613.9552001953125,1347.8167724609375,1614.9383544921875,0.0,277.68060302734375,0.0,1136.6016845703125,168.06578063964844,240.86024475097656,80.06034851074219,523.63671875,1097.4088134765625,1248.96875,2221.107666015625,2862.971435546875,0.0,552.18896484375,1549.3194580078125,535.7988891601562,407.6591796875,229.70944213867188,572.3917846679688,908.40869140625,0.0,375.486083984375,499.2850341796875,539.9203491210938,327.87939453125,207.25918579101562,417.6513366699219,437.5810852050781,4.831257343292236,294.1732177734375,385.28424072265625,474.4501647949219
39,1057.5147705078125,9823.1083984375,10924.775390625,24379.365234375,2337.9970703125,4323.31298828125,4044.452392578125,4848.99951171875,0.0,11217.8486328125,13628.5,24175.53125,7422.513671875,8981.052734375,5997.2548828125,2045.3900146484375,0.0,14190.1201171875,12677.5654296875,20024.583984375,7709.5087890625,7526.41015625,5867.04638671875,2753.183837890625,0.0,8599.74609375,12039.955078125,25435.82421875,7566.37353515625,15109.4833984375,14120.5380859375,0.0,2164.9091796875,9728.8583984375,10709.3369140625,22342.576171875,7182.08349609375,10679.9052734375,7340.71533203125,7569.86279296875,0.0,10263.236328125,16671.2265625,21571.416015625,3815.0458984375,3532.07958984375,7832.10400390625,0.0,0.0,10550.119140625,7036.5302734375,16802.98828125,3489.52734375,6345.37451171875,3620.831298828125,0.0,0.0,11215.8818359375,9641.1806640625,18045.49609375,523.8345336914062,4271.05029296875,4862.431640625,4778.54931640625,0.0,9695.087890625,10572.2744140625,17217.228515625,7383.53125,2606.785400390625,7262.06982421875,2511.5830078125
47,0.0,8661.423828125,10897.265625,20294.4609375,4768.548828125,4648.46875,5369.76953125,0.0,0.0,7367.3154296875,11156.1455078125,11351.4267578125,1580.026123046875,6240.083984375,4133.78759765625,1717.4195556640625,0.0,1556.3953857421875,3171.106689453125,7160.3291015625,3425.0419921875,172.2100830078125,5124.08935546875,0.0,0.0,8808.62890625,9767.404296875,15325.6630859375,555.0517578125,8312.869140625,4712.501953125,0.0,0.0,3658.894775390625,7047.06982421875,11572.638671875,3729.98779296875,2375.052490234375,4909.5498046875,1352.639892578125,201.09033203125,2304.93505859375,5205.02734375,9218.271484375,1009.023681640625,2659.56884765625,0.0,0.0,0.0,3900.456298828125,7910.8115234375,7748.23388671875,0.0,3406.966796875,3354.23388671875,4610.11572265625,0.0,2697.55419921875,1756.408935546875,7434.705078125,921.4356079101562,2871.263916015625,4092.029296875,0.0,49.333641052246094,2054.784912109375,1802.36767578125,3254.37548828125,0.0,3635.695068359375,1664.509033203125,393.7904052734375
60,0.0,13805.0029296875,16665.462890625,17521.564453125,9551.6943359375,9423.2919921875,4876.232421875,879.1864624023438,0.0,11307.076171875,13117.181640625,16510.49609375,6422.69482421875,6572.89111328125,8695.87109375,2282.54833984375,0.0,11112.607421875,12888.0517578125,19056.314453125,4497.30810546875,12698.7392578125,4797.16162109375,0.0,0.0,12729.21875,13747.7998046875,24456.759765625,4912.8779296875,3523.431396484375,10526.1708984375,6574.5849609375,0.0,3053.529541015625,12008.375,18291.091796875,6495.30126953125,3894.640625,5105.96826171875,0.0,0.0,8648.7255859375,9881.4052734375,21997.73046875,3853.1513671875,5993.96728515625,3657.43310546875,7659.4287109375,0.0,7975.373046875,16129.427734375,19915.4921875,6426.947265625,9312.333984375,10302.693359375,3589.904052734375,0.0,5821.2138671875,5894.76513671875,20565.59375,6432.8896484375,6715.74658203125,2106.3798828125,4213.3994140625,2481.28466796875,7696.50537109375,8902.673828125,13650.3310546875,4543.701171875,8364.88671875,6056.52197265625,0.0
89,1580.602783203125,730.0968017578125,228.87405395507812,3512.708740234375,0.0,962.3689575195312,930.707763671875,824.9334716796875,54.125038146972656,436.53228759765625,0.0,592.7890625,292.50518798828125,294.42572021484375,0.0,736.5194091796875,0.0,0.0,0.0,0.0,0.0,0.0,0.0,0.0,188.40953063964844,272.6713562011719,537.765380859375,713.5657958984375,0.0,18.665346145629883,55.28511428833008,512.1076049804688,0.0,331.8498229980469,255.75091552734375,251.29518127441406,151.2560272216797,13.454784393310547,0.0,283.9458312988281,0.0,0.0,0.0,0.0,0.0,0.0,0.0,0.0,0.0,0.0,0.0,0.0,0.0,0.0,0.0,0.0,0.0,0.0,0.0,0.0,0.0,0.0,0.0,0.0,0.0,0.0,0.0,0.0,0.0,0.0,0.0,0.0
51,331.7519226074219,586.0302734375,486.6584777832031,1004.7389526367188,0.0,394.7805480957031,395.3509826660156,810.846435546875,90.37743377685547,295.2843017578125,0.0,208.08633422851562,0.0,180.39259338378906,162.53660583496094,254.16403198242188,0.0,0.0,0.0,0.0,0.0,0.0,0.0,0.0,196.19546508789062,8.544498443603516,151.30718994140625,114.97315979003906,0.0,24.732078552246094,0.0,143.12564086914062,0.0,0.0,28.36202621459961,66.00518035888672,2.0538992881774902,30.791475296020508,0.0,73.7464599609375,0.0,0.0,0.0,0.0,0.0,0.0,0.0,0.0,0.0,0.0,0.0,0.0,0.0,0.0,0.0,0.0,0.0,0.0,0.0,0.0,0.0,0.0,0.0,0.0,0.0,0.0,0.0,0.0,0.0,0.0,0.0,0.0
14,0.0,14741.9853515625,16628.08984375,18672.810546875,9169.9677734375,2395.4111328125,855.58837890625,3677.49658203125,0.0,11803.9755859375,15806.6181640625,17698.947265625,9602.5498046875,3916.71826171875,4892.41064453125,823.04736328125,0.0,10146.9453125,13252.3125,14734.017578125,8326.935546875,4333.20703125,5271.12939453125,0.0,1352.9659423828125,10052.8603515625,16372.40625,19446.59375,6255.2294921875,5306.73095703125,3735.658447265625,3979.273193359375,64.47056579589844,6751.43798828125,15171.1787109375,19543.197265625,4738.32421875,8948.91796875,1466.1748046875,4711.91552734375,0.0,9228.9482421875,17226.84375,14725.7861328125,4482.48681640625,4927.99462890625,7306.455078125,0.0,2144.8291015625,10718.7431640625,9903.30078125,18336.181640625,19.381256103515625,7173.76171875,4150.4453125,1355.500244140625,0.0,8327.4912109375,12815.4150390625,17040.42578125,5377.02880859375,3925.066162109375,2445.34716796875,0.0,0.0,3095.487060546875,9305.05859375,20726.458984375,13928.28125,6115.873046875,5571.7255859375,6935.25439453125
28,0.0,9046.470703125,17762.78125,17073.0546875,6818.892578125,7914.28857421875,6518.0068359375,0.0,994.6084594726562,8899.0224609375,18397.724609375,14933.7587890625,3440.08154296875,7265.8193359375,9092.9755859375,2903.941162109375,1618.3348388671875,10258.412109375,12825.775390625,17687.802734375,6905.50439453125,9720.3359375,7983.8876953125,2596.431396484375,0.0,15080.3193359375,19431.01953125,14021.7021484375,10243.7265625,8113.095703125,2547.30908203125,8413.123046875,0.0,11706.3505859375,11103.5302734375,17564.431640625,9793.6962890625,7136.97509765625,3519.310302734375,5878.41357421875,1073.28564453125,16137.3212890625,11968.560546875,23405.9453125,12068.349609375,3425.341796875,5024.5146484375,6243.23388671875,0.0,9746.470703125,15616.0712890625,18894.09765625,9174.943359375,9793.8681640625,2195.891845703125,5401.291015625,0.0,16493.591796875,11299.6357421875,14091.841796875,13333.1171875,9342.017578125,6546.26123046875,510.2353515625,0.0,11868.1005859375,12602.2099609375,26935.07421875,5117.63134765625,6157.373046875,875.0513916015625,2716.001220703125
16,0.0,1762.8822021484375,2189.431396484375,4047.771240234375,0.0,1621.1572265625,4287.9853515625,0.0,0.0,1445.802001953125,0.0,2490.18115234375,20.124826431274414,740.8969116210938,1054.20947265625,0.0,0.0,493.005859375,122.45838928222656,199.3501739501953,139.08380126953125,275.8569030761719,27.618675231933594,206.00228881835938,476.4033508300781,2109.88330078125,1871.1376953125,2056.836669921875,51.655609130859375,222.5238494873047,2379.19482421875,98.8739013671875,282.7364196777344,1204.398193359375,842.235595703125,1603.522705078125,0.0,554.6105346679688,407.4418640136719,1255.0391845703125,190.48074340820312,358.06585693359375,51.61115646362305,348.7380676269531,30.988975524902344,221.81715393066406,176.5452880859375,255.8092498779297,98.1609115600586,552.6912841796875,1265.6363525390625,909.8975830078125,0.0,359.2263488769531,21.91893196105957,248.69329833984375,99.96780395507812,2.0649681091308594,274.44500732421875,337.0520935058594,0.0,196.34075927734375,113.16706848144531,152.30294799804688,0.0,0.0,55.351898193359375,128.8170166015625,4.0084309577941895,60.093257904052734,0.0,143.92507934570312
34,0.0,8609.3779296875,11598.8408203125,19079.21484375,8188.80615234375,5530.7470703125,2807.707763671875,0.0,0.0,3213.640625,14543.25390625,15875.427734375,233.8445281982422,6655.78125,0.0,979.208984375,0.0,3310.98779296875,6679.2412109375,12060.69140625,8327.0458984375,967.7157592773438,4831.7783203125,4473.41015625,0.0,11584.54296875,13734.9248046875,19695.302734375,162.40377807617188,6039.45947265625,9707.9169921875,3180.207275390625,0.0,6707.123046875,8197.9521484375,12247.677734375,4923.5908203125,2957.353515625,9988.1689453125,858.4263305664062,183.87820434570312,4758.482421875,9111.48046875,8985.65625,3369.10986328125,4001.279052734375,578.939208984375,2645.936279296875,0.0,4894.57080078125,9063.5888671875,14120.0048828125,0.0,5795.79296875,6465.1025390625,0.0,0.0,4160.09326171875,10392.796875,12091.9111328125,0.0,307.4333190917969,7189.560546875,700.78466796875,491.8531188964844,4071.257568359375,4438.64794921875,8193.0546875,4570.30224609375,2369.0859375,2307.476806640625,0.0
82,0.0,9254.7861328125,14834.2275390625,18634.517578125,14125.958984375,11991.640625,13466.3427734375,4393.552734375,2122.019287109375,10795.0087890625,8565.876953125,28474.033203125,8754.21484375,3305.392822265625,4291.7275390625,0.0,0.0,6350.96728515625,10380.9052734375,15680.412109375,6146.583984375,10962.9833984375,4716.8984375,0.0,635.7159423828125,11342.62109375,13463.71875,16472.552734375,3561.824951171875,4215.06787109375,8307.7080078125,5263.81005859375,0.0,12406.99609375,9746.419921875,17496.029296875,4556.49951171875,3079.876953125,5689.71826171875,1056.951904296875,0.0,3336.73291015625,10160.0947265625,14381.0927734375,3874.62060546875,3705.46923828125,11698.54296875,952.2969360351562,0.0,8212.6044921875,12565.333984375,13511.6171875,2380.257080078125,4513.5205078125,8213.2890625,5425.9765625,0.0,9302.3154296875,9729.0908203125,13061.4248046875,4394.10693359375,5167.5810546875,3821.031494140625,0.0,0.0,7051.61962890625,7504.17529296875,13892.228515625,6664.6640625,4154.04150390625,3066.713134765625,2674.5732421875
46,0.0,17101.46875,11282.1416015625,18954.373046875,11744.48046875,8530.751953125,6901.79150390625,2077.1220703125,0.0,11352.181640625,15501.2421875,20567.03125,5682.83349609375,6020.68408203125,3519.856201171875,4688.591796875,0.0,9382.93359375,11537.4892578125,19474.076171875,9279.8427734375,7851.7470703125,1838.9189453125,4000.670654296875,0.0,6151.3515625,13697.7744140625,21685.626953125,1199.3702392578125,7394.36572265625,4318.51806640625,0.0,0.0,11663.1376953125,19662.75,18864.1875,3972.362548828125,8152.83447265625,2324.676025390625,2452.47216796875,0.0,13910.9140625,15910.970703125,14296.5537109375,5300.388671875,8493.2294921875,6447.4365234375,2980.0341796875,0.0,12137.3017578125,10087.6943359375,15550.8017578125,6823.427734375,9868.5556640625,8273.9755859375,4121.35888671875,0.0,12498.2451171875,7476.77734375,20654.63671875,14975.3046875,5737.41552734375,758.7853393554688,5057.2880859375,0.0,8813.3935546875,18094.28125,22655.68359375,12101.4833984375,10558.005859375,3746.614013671875,2069.9111328125
27,0.0,472.925537109375,771.6085815429688,1229.9482421875,309.51751708984375,572.05322265625,522.8653564453125,965.5135498046875,175.68496704101562,0.0,0.8200600743293762,70.49813079833984,0.0,224.32296752929688,0.0,196.5048065185547,0.0,0.0,0.0,0.0,0.0,0.0,0.0,0.0,0.0,299.7571105957031,342.48858642578125,761.542724609375,293.2051086425781,280.71868896484375,0.0,233.88909912109375,0.0,13.954326629638672,0.044075965881347656,15.29399299621582,30.968448638916016,16.543590545654297,3.6343390941619873,8.384927749633789,0.0,0.0,0.0,0.0,0.0,0.0,0.0,0.0,0.0,0.0,0.0,0.0,0.0,0.0,0.0,0.0,0.0,0.0,0.0,0.0,0.0,0.0,0.0,0.0,0.0,0.0,0.0,0.0,0.0,0.0,0.0,0.0
20,0.0,5861.65771484375,10307.3232421875,15064.076171875,2547.004150390625,7835.47900390625,5992.55029296875,0.0,502.39105224609375,6865.41650390625,6518.68798828125,16094.8798828125,8038.61669921875,7390.1953125,8119.05126953125,0.0,0.0,1383.654052734375,6155.4052734375,6215.240234375,2095.2392578125,1399.267333984375,419.7879943847656,4513.8955078125,0.0,2033.7685546875,6120.72802734375,13774.3701171875,2187.127197265625,5847.05712890625,10016.7802734375,1581.8138427734375,0.0,4889.6015625,8156.052734375,10995.5107421875,829.5045166015625,4478.5927734375,3908.725830078125,1075.443603515625,1677.2020263671875,5368.85986328125,4505.51318359375,7574.205078125,1672.356201171875,355.87939453125,3429.82470703125,353.8908996582031,0.0,4149.22412109375,3894.88671875,5553.9033203125,0.0,5688.60986328125,5124.365234375,0.0,0.0,3384.39599609375,2997.1455078125,7105.73779296875,0.0,2253.23388671875,9199.3798828125,0.0,1663.9493408203125,4648.2509765625,1640.0487060546875,4496.1875,698.3240356445312,3010.486083984375,958.2186889648438,1696.57080078125
9,0.0,8237.8271484375,11048.66015625,12992.861328125,1881.9647216796875,2710.04248046875,3448.5048828125,0.0,0.0,11700.2724609375,6696.6875,14471.4609375,2128.653076171875,1663.3037109375,0.0,2135.477294921875,0.0,2734.719482421875,2048.75244140625,7715.341796875,1771.118896484375,553.46435546875,324.84710693359375,0.0,197.72711181640625,9519.650390625,4663.52880859375,10151.681640625,2092.943115234375,4313.99267578125,9332.1611328125,938.2498779296875,686.943115234375,3006.685791015625,6123.20947265625,6997.16796875,2483.718017578125,3789.62744140625,3274.05224609375,0.0,0.0,2054.927490234375,2110.34033203125,5725.7177734375,3101.43408203125,0.0,782.906494140625,0.0,748.5594482421875,4580.353515625,2247.07568359375,8155.70849609375,477.08465576171875,3826.32568359375,3959.0498046875,0.0,0.0,3536.787841796875,2872.69482421875,6643.9853515625,42.00922393798828,2364.18701171875,3934.80859375,1266.19189453125,337.76202392578125,1757.9234619140625,0.0,2455.28076171875,0.0,176.70542907714844,2247.747802734375,0.0
92,0.0,15041.171875,9890.0419921875,17755.3359375,330.500244140625,6956.119140625,7907.07958984375,6618.79541015625,0.0,7871.21875,11101.1640625,16899.615234375,8025.41650390625,7820.96337890625,2629.92333984375,4914.279296875,0.0,10559.0673828125,12763.359375,14658.6220703125,6153.0390625,4636.66650390625,2134.516845703125,3241.505859375,3412.371826171875,10998.3828125,10775.390625,14984.8505859375,6350.28515625,7844.36474609375,5815.30517578125,4614.98828125,1826.9276123046875,11864.951171875,7597.6962890625,16429.744140625,9773.1162109375,14511.419921875,4948.1318359375,8325.9931640625,0.0,9296.90625,10322.6953125,16351.556640625,4288.837890625,2095.626220703125,3130.401123046875,2764.991455078125,0.0,7900.08056640625,15947.556640625,23169.046875,4016.182373046875,7695.71484375,3150.67578125,4614.25634765625,0.0,7919.7021484375,10319.6123046875,21674.900390625,8165.0859375,4458.724609375,5217.15087890625,0.0,350.47271728515625,5812.58447265625,10826.833984375,15924.380859375,2874.324462890625,10238.462890625,6149.78466796875,3055.821533203125
3,115.2858657836914,797.35888671875,5.687326431274414,2178.54345703125,0.0,275.82861328125,1759.7264404296875,709.539306640625,83.42758178710938,400.7164611816406,653.6412963867188,385.6376953125,22.468252182006836,387.24395751953125,136.1679229736328,436.2277526855469,0.0,0.0,0.0,0.0,0.0,0.0,0.0,0.0,0.0,247.61843872070312,1248.633056640625,810.8005981445312,32.827327728271484,237.07826232910156,72.33546447753906,316.26513671875,0.0,237.75830078125,226.77520751953125,302.0672607421875,73.3515396118164,260.009033203125,154.21676635742188,263.9187316894531,0.0,0.0,0.0,0.0,0.0,0.0,0.0,0.0,0.0,0.0,0.0,0.0,0.0,0.0,0.0,0.0,0.0,0.0,0.0,0.0,0.0,0.0,0.0,0.0,0.0,0.0,0.0,0.0,0.0,0.0,0.0,0.0
98,0.0,9132.4658203125,11751.8720703125,18247.482421875,5123.29541015625,6219.4140625,2910.2822265625,843.48876953125,0.0,9194.119140625,13448.83203125,19558.681640625,4221.04833984375,3049.476318359375,11995.978515625,2851.96484375,0.0,4213.05712890625,6388.765625,10972.87109375,8784.984375,3431.130859375,6274.70849609375,0.0,0.0,6775.05615234375,8884.501953125,15063.7890625,8561.9921875,4961.412109375,7134.02880859375,0.0,0.0,3164.2158203125,7555.82421875,10170.587890625,7604.576171875,2660.324462890625,2472.128662109375,0.0,0.0,4813.4033203125,2604.38818359375,9442.6337890625,5415.146484375,1630.9161376953125,860.2861938476562,0.0,0.0,2694.50244140625,6797.3642578125,9269.8017578125,1692.4608154296875,5674.52197265625,5855.775390625,0.0,0.0,3862.318603515625,3900.277099609375,8944.751953125,1180.423828125,6290.5849609375,2510.868896484375,0.0,0.0,1691.6593017578125,4126.73974609375,4824.7998046875,0.0,1221.5921630859375,5376.0634765625,886.3994750976562
29,0.0,7516.3642578125,8005.57666015625,15752.0234375,2817.718017578125,5835.94140625,4432.15185546875,0.0,0.0,454.83111572265625,11006.634765625,7291.5009765625,4484.892578125,2959.828125,4329.52099609375,0.0,1955.623779296875,4570.66064453125,2747.92138671875,6036.36865234375,2891.623779296875,2614.6455078125,273.0242004394531,790.3212280273438,180.32254028320312,5298.34521484375,6945.3984375,7746.1201171875,5056.16357421875,4990.92529296875,986.6928100585938,0.0,0.0,4471.18505859375,3759.234619140625,11340.0947265625,827.8681640625,4643.82568359375,4885.63037109375,0.0,0.0,1778.308349609375,1580.0335693359375,7172.65478515625,916.7745361328125,1579.581787109375,2321.382568359375,1173.244384765625,0.0,3219.475830078125,2716.698486328125,10418.2001953125,0.0,2201.514404296875,5272.24755859375,452.84942626953125,0.0,4375.75341796875,962.7748413085938,4756.09619140625,0.0,1388.624755859375,3197.821044921875,618.99072265625,662.91357421875,467.785400390625,801.1918334960938,2545.82666015625,210.38169860839844,643.1488037109375,1144.338623046875,245.6476287841797
80,977.3548583984375,3067.621337890625,3330.16064453125,5780.38037109375,205.67051696777344,316.9186096191406,1584.7900390625,1149.073486328125,0.0,827.3298950195312,706.1271362304688,3418.85498046875,209.10157775878906,311.7781066894531,1295.1556396484375,0.0,0.0,480.5116882324219,201.59481811523438,715.5501708984375,200.9999237060547,238.85006713867188,241.6667022705078,437.1546936035156,841.7579345703125,870.8629150390625,1328.4527587890625,3622.468017578125,709.2538452148438,1982.01904296875,1898.2205810546875,179.71353149414062,276.0964050292969,1190.1982421875,1252.3927001953125,2175.416259765625,40.335506439208984,583.4434814453125,569.5916137695312,930.517333984375,0.0,48.60837173461914,64.20215606689453,144.01409912109375,218.36383056640625,225.47901916503906,0.0,92.01872253417969,661.1427612304688,565.8585205078125,1120.154541015625,564.0654296875,0.0,453.5305480957031,430.2061767578125,371.3251953125,0.702519416809082,161.66732788085938,544.1712036132812,221.60678100585938,165.41314697265625,73.7146224975586,115.70751953125,288.344482421875,0.0,26.646371841430664,0.08416366577148438,29.204524993896484,59.135562896728516,31.590679168701172,6.9399213790893555,16.011369705200195
73,0.0,14060.7021484375,11824.8984375,15135.015625,3922.278564453125,8169.00244140625,7142.541015625,1608.182861328125,0.0,10698.1982421875,15245.185546875,23283.771484375,8077.658203125,6803.64208984375,7776.4033203125,1020.13671875,0.0,9073.4228515625,12146.38671875,14996.30078125,7864.9609375,4565.69873046875,2695.157958984375,0.0,0.0,4835.60498046875,9836.876953125,17992.150390625,9342.41796875,2398.757080078125,5359.662109375,3286.51904296875,0.0,13860.6123046875,12247.2333984375,13531.7060546875,3846.356201171875,7318.05078125,10495.2294921875,0.0,0.0,9483.970703125,4701.62255859375,12009.396484375,3770.5634765625,2377.98046875,5504.390625,530.3478393554688,0.0,7933.041015625,7122.36376953125,8791.0732421875,2196.529052734375,8563.9521484375,4579.935546875,3256.090087890625,0.0,5012.65234375,9029.6435546875,13193.125,4107.0859375,3876.414794921875,2007.0433349609375,352.5072021484375,0.0,4604.20263671875,7680.2529296875,15637.7548828125,539.5736694335938,2550.67529296875,3948.248046875,1102.4339599609375
