11,3.2395454380933033e+18,-8.058929759978122e+18,-4.394910931112717e+18,-1.7707134235706176e+18,-3.9408057521107886e+18,-1.279152055841147e+18,-1.8165881185649326e+18,-3.4454806682978903e+18,-2.42963689095894e+18,3.308513359513011e+17,-1.923972944830522e+18,-1.9135663144254758e+18,-5.78925338054933e+18,7.270404336993679e+18,-2.909075728675808e+18,-2.3641462654698593e+18,8.495260712812972e+18,3.7817073625237827e+18,7.438300775986637e+18,-7.940006628166753e+18,3684586706071660.0,-4.538218997880825e+18,5.290903290575918e+18,2.8504901496768717e+18,0.0,0.0,0.0,0.0,0.0,0.0,0.0,0.0
19,-1.0812018887745957e+18,2.262746041206865e+18,-3.142616042812608e+18,5.3656959490589555e+17,6.674378284016101e+18,-4.459150298451192e+18,3.038951420749616e+18,7.040344813502502e+18,-4.1748321219081523e+18,2.9561823346480425e+18,-8.854515988882805e+18,-5.075616934482009e+18,8.945644840134696e+18,3.1101720439207107e+18,-4.950004026245487e+18,4.835798269657441e+18,5.513484481936719e+18,-7.672198934079702e+17,-9.101081731021037e+18,-4.94877627982197e+18,-4.945526404530975e+18,2.3406525441097165e+18,-8.571369934864176e+18,5.561487996629731e+18,1.1628999894406528e+18,1.3496867806122102e+18,-6.843717748226694e+18,3.4311276190797757e+18,0.0,0.0,0.0,0.0
12,1.8526454764907878e+18,6.657996456333484e+18,-1.9368725726517788e+18,7.553783543155342e+18,1.9537889114616666e+18,3.410242337832287e+18,6.234830781421948e+18,-1.3671067937749875e+18,-4.214602630571505e+18,-2.90057861832589e+18,6.756461286502173e+18,-6.016679068194535e+18,3.0834944318719386e+18,1.7953916784771448e+18,-2.1677333415566188e+18,-6.827186358855209e+18,-1.220952582657758e+18,-3.13645637953922e+18,0.0,0.0,0.0,0.0,0.0,0.0,0.0,0.0,0.0,0.0,0.0,0.0,0.0,0.0
38,-3.952694536749058e+18,6.217459713533918e+18,-5.727773577675015e+18,-6.088138119397897e+18,-3.4260159877406147e+18,6.022385315933945e+18,3.471377712787327e+18,0.0,0.0,0.0,0.0,0.0,0.0,0.0,0.0,0.0,0.0,0.0,0.0,0.0,0.0,0.0,0.0,0.0,0.0,0.0,0.0,0.0,0.0,0.0,0.0,0.0
81,-7.409907964490218e+18,9.003582430702732e+18,-3.194975688294403e+18,8.086873697601268e+18,2.8522678102417577e+18,-3.8128021511663135e+18,-6.553807357330299e+18,-7.072160385084089e+18,-2.352036047174409e+18,5.45581397355603e+18,-4.694164109789115e+18,8.72715041226586e+17,-6.607480718678598e+17,-3.920822228589852e+18,-8.981146946839523e+18,4.283692481722279e+18,-7.744082929267707e+18,-1.6577650683287506e+18,5.898676696161831e+18,3.757811756173309e+17,5.304816896366886e+18,3.525795728580032e+18,1.4009753881980964e+18,6.13420478550093e+18,0.0,0.0,0.0,0.0,0.0,0.0,0.0,0.0
5,2.8027563919803704e+18,-4.286317920620289e+18,-2.902248307888644e+18,2.2880143027968689e+18,-4.639373597813486e+18,-5.132676825513665e+18,-5.710617753669918e+18,-3.4006388046897244e+18,-7.186209214343643e+18,3.1350133051111475e+17,-7.012110792878458e+18,1.865664453322635e+18,-5.130597292253852e+18,2.0537454888790966e+18,0.0,0.0,0.0,0.0,0.0,0.0,0.0,0.0,0.0,0.0,0.0,0.0,0.0,0.0,0.0,0.0,0.0,0.0
40,6.02966742634669e+18,3.752165282506042e+18,-8.46493191074068e+18,1.7276575155564887e+18,-3.028750046202451e+18,7.373309953574895e+18,7.943800634147071e+18,-4.822628021734641e+18,3.494332574805213e+18,-7.497304912212122e+18,-2.783878511614738e+16,-3.0118420091234115e+18,4.189117623423877e+18,4.6094823757515556e+18,-5.139321106094185e+18,8.506913161762475e+18,0.0,0.0,0.0,0.0,0.0,0.0,0.0,0.0,0.0,0.0,0.0,0.0,0.0,0.0,0.0,0.0
70,-6.160010091338026e+17,1.7548830564251261e+18,-3.9515776919137475e+18,-6.179527895448523e+18,-5.385172925420095e+18,-5.57948626470976e+18,4.4472698799511444e+18,8.078002209397143e+18,-3.760611776134298e+18,-8.843627426996454e+18,-7.431228289951841e+18,7.67679014221675e+18,1.1468278737945014e+18,-1.1048335422540731e+18,3.330473251980486e+18,-7.419590930852558e+17,0.0,0.0,0.0,0.0,0.0,0.0,0.0,0.0,0.0,0.0,0.0,0.0,0.0,0.0,0.0,0.0
23,-4.343144864544651e+18,-8.940189258382817e+18,-4.48435333260608e+18,-7.892769816090698e+18,-1.1737354812748193e+18,-2.2704045095158185e+18,-4.98005126522495e+18,-7.93181760983745e+17,1.427714534679079e+18,-3.785649980959668e+17,-8.333704765651142e+18,4.387434063757193e+18,1.243713329475422e+18,-4.6193564838037114e+17,0.0,0.0,0.0,0.0,0.0,0.0,0.0,0.0,0.0,0.0,0.0,0.0,0.0,0.0,0.0,0.0,0.0,0.0
72,-3.651906721207978e+18,7.450192172909914e+18,-6.884711902409591e+18,-1.0063755331107689e+18,-8.221458764767566e+18,1.6363890754627802e+18,9.21838057176548e+18,4.0451656079776164e+18,-6.27164061637325e+18,-4.3451437966311107e+18,8.770763443389619e+18,4.411365937869806e+18,-5.896653049530135e+18,7.13587219782362e+18,-2.489591013950602e+18,1.0922605714120627e+18,-6.744132239484387e+17,8.08729866582298e+18,0.0,0.0,0.0,0.0,0.0,0.0,0.0,0.0,0.0,0.0,0.0,0.0,0.0,0.0
79,3.3921828203790664e+18,8.737485548213038e+18,8.880114199283318e+18,4.4703523560097306e+18,1.1515183860754784e+18,6.733181702949092e+18,6.068389759165842e+18,7.944116169954293e+18,1.0708580111384074e+18,1.5474848438143352e+18,-3.72974622030397e+17,-5.235567598636239e+16,-3.9827669700383514e+18,-1.69977054952876e+17,-3.606915779194229e+18,9.207974045493017e+18,-7.761699696550655e+18,-5.6384892630897e+18,-4.8465748688265344e+17,-8.761705178909136e+18,3.278192980647621e+18,-1.9759779997261893e+18,8.401306755520293e+18,-7.836730610237729e+18,-5.414611715292431e+18,-9.88045770451075e+16,-1.0498972722084916e+18,-7.33926163713915e+18,0.0,0.0,0.0,0.0
78,-5.35767637016729e+17,8.251519461493268e+17,-7.393380746463968e+18,-8.079806350436344e+17,1.699500908376023e+18,3.7851522333232753e+18,2.605595134749504e+18,0.0,0.0,0.0,0.0,0.0,0.0,0.0,0.0,0.0,0.0,0.0,0.0,0.0,0.0,0.0,0.0,0.0,0.0,0.0,0.0,0.0,0.0,0.0,0.0,0.0
87,-4.26255407731072e+18,4.465215959271242e+18,-1.696436851893803e+18,0.0,0.0,0.0,0.0,0.0,0.0,0.0,0.0,0.0,0.0,0.0,0.0,0.0,0.0,0.0,0.0,0.0,0.0,0.0,0.0,0.0,0.0,0.0,0.0,0.0,0.0,0.0,0.0,0.0
6,1.1486291941253782e+18,2.1505698580858184e+18,5.51976930274096e+18,1.2228469708568842e+18,-1.0959637415834245e+18,-6.26628144523608e+18,3.788886240177327e+18,-5.787003829734353e+18,-4.928064672500138e+18,-3.141572501679348e+17,-1.4296040273841446e+17,-4.940101238354081e+18,-5.5945881188560314e+17,8.900942507833552e+18,8.361723583612092e+17,3.2133649325861514e+18,5.647088928364306e+18,8.689058894741508e+18,-9.550646696683665e+17,6.546734631391343e+18,4.681274839261138e+18,7.811308201422014e+18,-2.6441984509895245e+17,-1.330004962233808e+18,-5.050792300744017e+18,8.483748146332105e+18,5.538698887120805e+18,4.472362470117462e+17,4.642664011073956e+18,-2.7285757505950182e+17,0.0,0.0
68,-1.3513220245238577e+18,4.1455095373496596e+18,8.746052946573233e+18,-6.639102663367423e+18,6.220439464872329e+18,6.895615250887004e+18,3.3635804780203003e+18,0.0,0.0,0.0,0.0,0.0,0.0,0.0,0.0,0.0,0.0,0.0,0.0,0.0,0.0,0.0,0.0,0.0,0.0,0.0,0.0,0.0,0.0,0.0,0.0,0.0
69,-2.8643304212252754e+18,-6.541194414597113e+18,-2.8596798152148004e+18,-2.378303548341579e+18,4.755370983703587e+18,6.68650688542882e+17,-2.4574578604805386e+18,-7.507161347599109e+18,-7.197155575485476e+18,5.617944142005298e+18,-1.584182879270054e+18,3.440077914297902e+18,7.262784569847365e+17,-8.032974321663858e+18,-5.851093276630271e+18,4.305255365851587e+18,4.886469826557373e+18,8.213886550754616e+18,-5.544128984986472e+18,-8.386163941643478e+18,-1.385051317375002e+18,1.1237970981985279e+18,2.91901055538808e+18,-3.2372248846541174e+18,7.98173203498741e+17,-7.571032066547402e+18,1.3371702440508744e+18,8.419511395744223e+18,0.0,0.0,0.0,0.0
1,-6.816764551227384e+18,-9.111531245371135e+18,8.078410013724498e+17,7.637545605335009e+18,-8.681180555544481e+18,4.935254312683844e+18,3.5303400936973466e+18,9.219222873332393e+18,5.362886109607808e+18,-2.6032570458220604e+16,6.710893634894803e+18,1.4877581688464374e+18,-2.124406461556662e+18,4.5665037445071104e+17,5.478131126630304e+18,-3.089456546198177e+18,-1.568721620922565e+18,-6.671579872143839e+17,-7.332685178898804e+18,-7.092735901680519e+18,8.568326008793957e+18,-5.45073670343447e+18,-6.051773830107421e+18,-8.476617006568154e+18,0.0,0.0,0.0,0.0,0.0,0.0,0.0,0.0
45,2.0372313945468744e+18,-2.2772473518712848e+17,-2.9666074941247263e+18,-4.1465759307215503e+18,2.6817970517595034e+18,1.6077040321592096e+17,-1.0594932717374017e+18,1.3955733537130038e+18,-4.4237611787146245e+18,-4.0666763721444833e+18,8.414312458603208e+18,4.0992856454962703e+18,-2.8285944527419433e+18,1.7262529742157084e+18,0.0,0.0,0.0,0.0,0.0,0.0,0.0,0.0,0.0,0.0,0.0,0.0,0.0,0.0,0.0,0.0,0.0,0.0
33,5.5812383094462925e+17,-6.655909532576887e+18,-8.523539533182829e+18,-7.156019710003235e+18,3.7801336816002176e+18,2.5099088968440694e+18,-5.946989752041059e+17,1.0108853700708872e+18,1.6804524328990203e+18,2.653654128265204e+18,-2.587267910291863e+18,4.866642442714536e+18,-6.017554413438772e+18,-6.501442510145866e+18,0.0,0.0,0.0,0.0,0.0,0.0,0.0,0.0,0.0,0.0,0.0,0.0,0.0,0.0,0.0,0.0,0.0,0.0
15,3.7123246099232984e+16,7.437632376846323e+18,-9.211027545045135e+18,-5.131082966545487e+18,-8.46193394160106e+18,8.574731708000459e+18,-6.936923898731812e+18,1.364450983070505e+18,9.008276909050679e+18,7.702329794907993e+18,1.8691162752152384e+18,4.68125633015633e+18,-5.59158456266358e+18,-1.1247207716034888e+18,0.0,0.0,0.0,0.0,0.0,0.0,0.0,0.0,0.0,0.0,0.0,0.0,0.0,0.0,0.0,0.0,0.0,0.0
93,3.6837258613133784e+16,5.2126803843544384e+17,-6.022646438232734e+18,-1.8454838390304243e+18,7.877461211145356e+18,-7.995779975993632e+16,3.349548158589688e+17,-1.2251940457576018e+18,-5.595559826942405e+18,6.108706653448806e+18,-4.795088695941847e+18,3.096582470124359e+18,2.2970284944532623e+18,2.2564133170348756e+18,0.0,0.0,0.0,0.0,0.0,0.0,0.0,0.0,0.0,0.0,0.0,0.0,0.0,0.0,0.0,0.0,0.0,0.0
24,4.626994238969639e+18,-3.684832128423601e+18,4.4297821802718956e+18,5.420556903597966e+18,-5.558513658308865e+18,-6.600667515873603e+17,6.218855119877437e+18,-6.801735887102171e+18,9.679203445004316e+17,-7.425988026244717e+18,1.146527278709487e+18,1.306626255688972e+18,3.0380374279618524e+18,7.158220182243503e+18,-5.900328884435254e+17,-6.698874103256025e+18,-6.651487219650852e+17,-3.6512085278830285e+18,4.752391973918461e+18,6.925829014303687e+18,-7.081008988312411e+18,-9.103805677532247e+18,-8.73902532073243e+18,3.0574263983451684e+18,-1.8455660380112366e+18,-2.996143692562948e+18,0.0,0.0,0.0,0.0,0.0,0.0
25,-3.7097827272806676e+18,-7.344741386130641e+18,-4.994311216589339e+18,1.4966663853159716e+18,-5.27672659643361e+17,5.726064471616154e+18,-5.22226859974223e+18,7.842745802682328e+18,2.228507442450078e+18,-4.2356292723633157e+18,-4.796191314931535e+18,-5.69416500056032e+18,4.694198737065292e+18,-8.481394365825862e+18,0.0,0.0,0.0,0.0,0.0,0.0,0.0,0.0,0.0,0.0,0.0,0.0,0.0,0.0,0.0,0.0,0.0,0.0
26,-8.558890743204187e+18,-3.382850318950863e+18,-6.709134298771106e+18,-7.260769639838385e+17,2.606255933274209e+18,5.047249729265908e+18,-8.017447219521541e+18,-1.7078648966154468e+18,2.9212952140649e+18,8.327968211278132e+18,1.6099136323908582e+18,-3.1845134301014456e+18,-8.757596283210799e+18,-8.749804156504474e+18,1.2226731315074703e+18,-3.154919194711549e+18,-3.225221626929392e+18,-1.7571787569533276e+18,-8.557942919141031e+18,6.663092426413665e+17,-9.660432835632952e+17,4.890059883263124e+18,-7.046589927399191e+18,-8.578777973302158e+18,8.678738268781186e+18,-2.9818692475020457e+18,3.440675629925881e+18,7.816609153036796e+18,-3.7491083807346417e+18,-6.350233066612119e+18,0.0,0.0
48,-8.014479801861682e+18,1.7689429237238415e+18,4.990021532641414e+18,-3.462376274803139e+18,-1.6596741029095096e+18,6.968265834009932e+18,3.857514214531317e+18,0.0,0.0,0.0,0.0,0.0,0.0,0.0,0.0,0.0,0.0,0.0,0.0,0.0,0.0,0.0,0.0,0.0,0.0,0.0,0.0,0.0,0.0,0.0,0.0,0.0
71,6.364558237248053e+18,-5.064920333950738e+18,4.328639972646734e+17,-7.761630186887005e+18,1.6898693500041142e+17,9.089173636598117e+18,8.732101971501006e+18,-6.904642537674395e+18,2.927812390208039e+18,3.483597525211135e+18,-7.460482817705817e+18,3.640228768466274e+17,6.769295892953623e+18,-5.334659932647226e+18,4.56870644007997e+18,-2.6734635389302257e+18,-6.200263345415696e+18,1.0002527170301563e+18,-7.407168778630057e+18,-6.178943276720518e+18,-2.0591109855973542e+18,-7.464715833276783e+18,-3.350202522807697e+18,-5.453254149907204e+18,0.0,0.0,0.0,0.0,0.0,0.0,0.0,0.0
76,3.7014041510425795e+18,-8.011223762423818e+17,-2.324631263456851e+18,5.924702876547654e+18,8.794557735561508e+18,3.559284086756536e+18,1.2101583572066824e+18,2.7555139240345364e+18,2.105158896942387e+18,1.0872848805721422e+18,6.20659567325998e+18,-2.832916605398798e+18,-5.63884114814866e+18,-3.5337617422806856e+18,-8.922358624475332e+18,8.686816829690638e+16,-1.846551175456572e+18,2.292291459631146e+18,-3.6949238220809836e+18,-7.541335598192903e+18,-8.12080634099305e+18,6.007957761725158e+18,8.261497481250956e+17,-6.241570001182935e+18,7.213637794704367e+17,6.973044744765305e+18,8.580019944638469e+18,-5.6229899136222605e+17,1.8353653933378255e+18,-1.1037048795641624e+18,0.0,0.0
7,-9.186866153600869e+18,-7.394767835020482e+18,4.0594642373886525e+18,0.0,0.0,0.0,0.0,0.0,0.0,0.0,0.0,0.0,0.0,0.0,0.0,0.0,0.0,0.0,0.0,0.0,0.0,0.0,0.0,0.0,0.0,0.0,0.0,0.0,0.0,0.0,0.0,0.0
50,-5.643594965611144e+18,3.308531904355274e+18,7.110881219055067e+18,1.759011834540044e+18,1.4532398094554913e+18,-7.084198199745635e+18,6.737964641551684e+18,-1.1576244772363507e+18,1.442816507120035e+18,-5.996115176985631e+18,7.075812910811374e+18,8.54686344861425e+18,1.629674406643625e+18,5.395880606407055e+18,-7.980338362940608e+17,-8.713412818638164e+18,0.0,0.0,0.0,0.0,0.0,0.0,0.0,0.0,0.0,0.0,0.0,0.0,0.0,0.0,0.0,0.0
22,1.0432503821724709e+17,-3.0595895718150636e+18,-4.862037534265938e+18,-4.2393231702288174e+18,6.750907038322142e+18,-4.904605069579904e+18,-1.4235937655876099e+18,-4.937163615288617e+18,4.1939690673647355e+18,2.0036013128980247e+18,9.220432360572784e+18,-7.81615221300295e+18,1.3052134490133133e+18,-4.940936158904915e+18,-8.572279087690499e+18,7.257856489347585e+18,3.8993052192665605e+18,7.289946482542172e+18,0.0,0.0,0.0,0.0,0.0,0.0,0.0,0.0,0.0,0.0,0.0,0.0,0.0,0.0
4,3.521824219187807e+17,5.787638896632941e+18,-2.333742552607339e+18,-6.868398612488844e+17,-3.0383702147512325e+18,-8.140409943666569e+18,8.402048009852152e+18,-8.021369827096987e+18,-3.8628651099069993e+18,-5.551764454698709e+18,-8.875126270065696e+18,2.426644619032449e+18,3.9574769350210913e+18,-2.923390479912634e+18,4.3319191106936684e+18,4.856024946718243e+18,3.216278165202968e+18,-9.115457090535895e+18,-5.530689396557539e+18,-2.403722116135884e+18,-5.217713562627328e+18,-8.873141056959543e+18,-6.747245287760417e+17,3.019390186011506e+17,-5.607664534236157e+17,1.581159490203124e+17,0.0,0.0,0.0,0.0,0.0,0.0
32,-4.4844009493999616e+18,-1.9885043413017487e+18,-2.0850508846284495e+18,5.815865123296797e+18,-1.0184741299085309e+17,-9.960197982371908e+17,5.09464216216648e+18,-3.3047897580053074e+18,4.35191496921729e+18,6.774083176347486e+18,-4.863506154268289e+18,1.5632362544636636e+18,-4.732002116716674e+18,-7.588979050905821e+18,-2.0409219475857853e+18,-5.08837668440806e+17,7.467452075173264e+18,6.111668455217786e+18,0.0,0.0,0.0,0.0,0.0,0.0,0.0,0.0,0.0,0.0,0.0,0.0,0.0,0.0
77,-9.070159389812306e+18,1.350868718115226e+18,-4.723849290820837e+18,0.0,0.0,0.0,0.0,0.0,0.0,0.0,0.0,0.0,0.0,0.0,0.0,0.0,0.0,0.0,0.0,0.0,0.0,0.0,0.0,0.0,0.0,0.0,0.0,0.0,0.0,0.0,0.0,0.0
91,-5.72421314343554e+18,-2.653384328115724e+18,-7.147035810185592e+18,5.2057949561637466e+17,5.572805038175686e+18,5.042952817193564e+18,-5.609965019959402e+18,-6.786465586315976e+18,-2.491699917483226e+18,7.858355304544774e+18,-3.1314182381340483e+18,6.819522427362352e+18,7.186523440190841e+18,-1.547832926432903e+18,3.7929545368209684e+18,-4.909684823271575e+18,-7.576588425457729e+18,-6.137458746490576e+18,-4.628922271680369e+17,1.8745365801942656e+17,-1.698989130929102e+18,-3.225389084573917e+18,-4.863210043626204e+18,3.065141350659727e+18,0.0,0.0,0.0,0.0,0.0,0.0,0.0,0.0
42,-8.48687016964907e+18,7.924943944100166e+18,-7.019341147406156e+18,5.095041179761202e+18,5.960764104250618e+17,-1.9034074333506908e+18,7.562436197203991e+18,-8.070015297913257e+18,4.182160596430528e+18,-1.443030421721966e+16,2.343053214787241e+18,3.8524120207417027e+18,5.165142560891549e+18,-2.0086662630624282e+18,-1.4515487838648563e+18,3.3657186630390615e+18,-5.043146250182363e+18,-5.704789848912228e+18,0.0,0.0,0.0,0.0,0.0,0.0,0.0,0.0,0.0,0.0,0.0,0.0,0.0,0.0
13,-8.688790759164648e+18,5.33200426969482e+18,8.675643568169411e+18,2.128225477147695e+18,-9.999807349483831e+17,7.132955454050054e+18,-7.3895218851148e+18,-4.450487034697595e+17,2.0502926519565112e+18,4.960589511248621e+18,-6.443245081612624e+18,4.821088948977497e+18,-1.765945919769286e+18,6.703309795838309e+18,0.0,0.0,0.0,0.0,0.0,0.0,0.0,0.0,0.0,0.0,0.0,0.0,0.0,0.0,0.0,0.0,0.0,0.0
41,5.461750919014416e+18,-4.018870967810834e+18,4.971648425457047e+18,1.8760602522292045e+18,1.3304219541497295e+18,-4.701218629210548e+18,4.948955012118732e+18,-2.5318472019603374e+18,-5.020205378338835e+18,5.251755442721028e+18,-2.9044527741463014e+18,9.090516103547863e+18,-6.007619393954651e+18,7.697034613037874e+18,5.569063712876865e+18,-7.869198669262476e+18,5.277710377253273e+18,-2.0839288390391421e+18,9.162958324804935e+18,2.1824728262519094e+18,4.538500191815223e+18,-6.398510575149215e+18,8.212678376569412e+18,-6.645736073927439e+18,0.0,0.0,0.0,0.0,0.0,0.0,0.0,0.0
55,-4.889889676670946e+18,4.069443399485431e+18,7.372753063774471e+18,9.725476290467788e+17,-9.006570222116189e+18,-6.774116761779726e+18,-8.825096540604294e+18,5.29805164865965e+18,9.110313242177991e+18,-8.561203167637449e+18,4.735538774824017e+18,7.56286583402414e+18,-8.167116863793142e+18,-9.051294551524516e+18,0.0,0.0,0.0,0.0,0.0,0.0,0.0,0.0,0.0,0.0,0.0,0.0,0.0,0.0,0.0,0.0,0.0,0.0
31,-3.7901902204482504e+18,-5.559464515991332e+18,6.827293718485217e+18,-6.242264663357479e+18,8.290194435592942e+18,-4.2368509972139863e+18,4.763333147480488e+18,-1.8959857109937021e+18,2.148208959948879e+18,7.96925038934625e+18,4.419856251261714e+18,3.6773202289282445e+17,-4.564451946611894e+18,9.003246243984261e+18,1.119360202165609e+18,-7.184340151067076e+18,-3.114833704046267e+17,-8.440650859681446e+18,-6.511066310389833e+18,9.161776084752292e+18,3.178108720868625e+18,2.631467156605319e+18,-5.869590386381549e+18,4.655424033288782e+18,0.0,0.0,0.0,0.0,0.0,0.0,0.0,0.0
66,7.337291888861113e+18,4.642408388185551e+18,3.691999430748495e+18,5.738043993134087e+18,4.830477226330087e+18,2.434898644607778e+18,5.107584497277514e+18,8.132314307962055e+18,2.5168052929702016e+18,-4.320130488048439e+18,-5.518419625891294e+18,-6.820690538929677e+18,8.593661201772239e+18,7.201276435143847e+18,-5.240401826822739e+18,3.5132682765978117e+18,4.803813889206519e+17,-5.662734180115892e+18,-8.849943180342566e+18,2.799781757923653e+18,2.472395586421055e+18,6.731067787914601e+18,-4.2109145814522947e+18,-5.635634544992442e+18,-6.264045189280255e+18,4.397715318489276e+18,-2.8218870015566525e+18,8.608044811725865e+18,1.1573723080342456e+18,-4.4308883551371607e+18,0.0,0.0
65,4.002543246620969e+18,7.450299066023258e+18,-3.2491629472636503e+18,1.0238609044900223e+18,8.51061995884949e+18,-1.502450906062522e+18,-1.5012112597722145e+18,-3.2995389353826156e+18,-5.185583526363492e+18,-7.871781278455465e+18,-4.936536670107881e+18,-1.4971077869401848e+18,6.711738508222556e+18,2.8742422650428175e+18,0.0,0.0,0.0,0.0,0.0,0.0,0.0,0.0,0.0,0.0,0.0,0.0,0.0,0.0,0.0,0.0,0.0,0.0
62,-7.232652400336217e+18,3.580126768223459e+18,-5.665545771843063e+18,4.958607741198148e+18,7.685702171453647e+18,6.757553845600367e+18,2.205378578221951e+18,2.0805373654149437e+18,9.046203346038012e+18,7.388491982630874e+18,3.991803211818708e+18,-5.985340388790836e+17,3.2573663793306593e+18,7.23374397001978e+18,2.1630655903722898e+18,1.5332473179663424e+18,2.527518985375922e+18,5.099330456346404e+18,0.0,0.0,0.0,0.0,0.0,0.0,0.0,0.0,0.0,0.0,0.0,0.0,0.0,0.0
21,-6.333426523493293e+18,-8.403612779454714e+18,2.627809921214909e+18,-4.587194625170919e+18,6.696907875860382e+18,-1.5124076687482813e+18,-5.014817992608483e+18,-4.955866765088855e+18,6.891912399175036e+18,6.203309259028578e+18,-7.083557187659447e+18,2.1395485442574826e+17,8.028412213567034e+18,1.7450181291700977e+18,-5.711533267540006e+18,-5.230785329603786e+18,-3.397365978532497e+18,6.228874215272697e+18,-9.053591915844375e+18,-8.086318168738181e+18,7.99990566179462e+18,-2.2418944992333268e+18,1.0902114375420851e+18,6.169856653258308e+18,0.0,0.0,0.0,0.0,0.0,0.0,0.0,0.0
95,2.7727726862740106e+18,-6.461934956243772e+18,2.5753743808628864e+18,2.0504820261505546e+18,-2.2099519155956828e+18,2.853880129385859e+18,2.5969072377815373e+18,2.2938156874442063e+18,3.2285859944554194e+18,8.600896072159099e+18,5.46184018582308e+18,-6.606159711391128e+18,4.670693978210266e+18,6.773221039983828e+18,0.0,0.0,0.0,0.0,0.0,0.0,0.0,0.0,0.0,0.0,0.0,0.0,0.0,0.0,0.0,0.0,0.0,0.0
84,-3.830086141789705e+17,-8.915915405438242e+18,6.522209137618251e+18,1.9047360002470592e+18,2.2199081309367183e+18,-7.333923925998904e+18,-3.5262985370226816e+18,7.224339632207082e+18,-8.802694429434346e+18,5.213776663986006e+18,-7.062015786744629e+18,7.358894262375867e+17,3.9375821149984773e+18,-4.021983011604489e+18,2.659152947176827e+18,-4.234564514324782e+18,-1.463511773962437e+18,-8.726733924529103e+18,1.791147842074288e+18,6.499375227259798e+18,-4.577993502112974e+18,-3.0490413398786944e+18,-5.681873344601175e+18,-6.265779617008242e+18,-5.169698032512366e+18,3.447240139507365e+18,0.0,0.0,0.0,0.0,0.0,0.0
58,-5.583714674299348e+18,-1.0474823965337536e+18,2.600779182436168e+18,3.2538634780470226e+18,-8.036551954583733e+18,6.146849234518824e+18,-7.597052637075439e+18,0.0,0.0,0.0,0.0,0.0,0.0,0.0,0.0,0.0,0.0,0.0,0.0,0.0,0.0,0.0,0.0,0.0,0.0,0.0,0.0,0.0,0.0,0.0,0.0,0.0
64,-7.414196275862639e+18,6.927234006063359e+18,-5.489058340872681e+18,-5.074989832719254e+18,-1.7870909461819354e+18,-8.208699496909186e+18,-1.2147618733533146e+18,6.542105920217196e+18,-3.5490999739687885e+18,-7.030717614222304e+18,3.8570984420522056e+18,2.438409311192122e+18,-3.410058458540384e+18,1.6419803021918715e+18,-6.08875315932463e+18,4.3737873028373903e+18,6.226095651650381e+18,-5.987400674350406e+18,-8.894582714606236e+18,-2.33625447413191e+18,5.5198137207556006e+17,-4.058530014542618e+18,8.461132676081635e+18,-4.872042015415958e+18,-7.857616160239257e+18,-8.455965613270599e+18,0.0,0.0,0.0,0.0,0.0,0.0
83,7.23668451138476e+18,3.9041617246188375e+18,-1.8619250721255388e+18,3.875190864838518e+18,4.0225065740872156e+18,3.4524790178498565e+18,-4.845113227371144e+18,-3.4955791805992714e+18,-5.354739962365328e+18,-5.991550792613018e+18,2.972418799344223e+18,8.238504336089901e+18,-4.38681739039346e+18,-7.296241931635549e+18,0.0,0.0,0.0,0.0,0.0,0.0,0.0,0.0,0.0,0.0,0.0,0.0,0.0,0.0,0.0,0.0,0.0,0.0
94,-8.600135028639945e+18,-2.1854186455049905e+18,-6.878393262406019e+18,4.69404786255895e+18,6.9673930839500904e+16,-1.6193025631415498e+18,-1.8638080412561846e+18,-7.642219528615983e+18,8.488236030425273e+18,4.29131393764198e+18,-6.063904498869157e+18,6.4886492836358376e+16,-7.200030178834489e+18,-3.155063633200744e+18,4.775890692794062e+18,8.843421077101327e+18,-7.713393971029252e+18,-4.77442973159711e+18,1.461609435289442e+18,-3.974447583156106e+16,3.5008657926392387e+18,-7.140873227391789e+18,2.065743213293724e+18,-3.529129978674368e+18,2.0586212728651354e+18,-1.0864478524794386e+18,0.0,0.0,0.0,0.0,0.0,0.0
0,-3.871694701292672e+18,8.89490490495956e+17,-7.250194300183904e+17,9.191823931662239e+18,-6.302645420829924e+18,-6.724910737202431e+18,7.719534177256212e+18,-9.15416005646611e+18,4.30076560231572e+18,5.851887092355452e+18,-6.223601352907215e+18,4.523485942673871e+18,2.645036042165002e+18,-8.78197366560587e+18,8.98324760570284e+18,6.564537481786472e+18,0.0,0.0,0.0,0.0,0.0,0.0,0.0,0.0,0.0,0.0,0.0,0.0,0.0,0.0,0.0,0.0
99,6.569999921093509e+18,8.603576079914079e+18,3.7375018696275226e+18,3.466573086485664e+18,5.0833803337512454e+17,-8.262934067617394e+18,-7.776065607055833e+18,-1.2383552683248443e+18,5.649194227734988e+18,1.2111980074108887e+18,-8.333567246119722e+18,-6.279905997578313e+18,-9.027232433577569e+18,9.897769876722897e+17,-1.7327154516305336e+16,4.624465347286794e+18,-2.0058327078305605e+18,-7.557067317286107e+18,-4.256082278278159e+18,5.569206035431224e+17,-3.8869373057627796e+18,-5.378141720131912e+18,8.01991417897059e+17,2.8124542265149034e+17,8.466978963514346e+17,2.778626107428713e+18,-5.51322199192201e+18,-3.812422337927423e+18,0.0,0.0,0.0,0.0
96,1.2760141935717276e+18,8.039555034421022e+18,-1.2732572484543736e+18,6.088377373517553e+18,-6.01946986676025e+18,-7.871918331586357e+18,9.146682019883394e+18,-1.9647794456508974e+18,8.933194979695899e+17,-6.219258101293471e+18,8.555601725062899e+18,-6.560815582674407e+18,8.501988059839824e+18,-3.2380002476406246e+18,3.130377128197583e+18,-4.774260642285729e+18,-2.5457483251490406e+18,-5.621661290975548e+18,-4.0154068256330563e+18,-1.582041380296924e+18,5.8710960615787e+18,6.006994219894224e+18,5.178623002683374e+18,8.764152144219019e+18,2.104745995040892e+18,-7.976159172832096e+18,8.278606708332655e+17,-9.148554713537455e+18,-8.824925815893291e+18,4.886018006140414e+18,0.0,0.0
67,-3.728940305287635e+18,-9.464378818816956e+17,6.454803566396931e+18,0.0,0.0,0.0,0.0,0.0,0.0,0.0,0.0,0.0,0.0,0.0,0.0,0.0,0.0,0.0,0.0,0.0,0.0,0.0,0.0,0.0,0.0,0.0,0.0,0.0,0.0,0.0,0.0,0.0
61,-4.849608178604106e+18,-3.7949025175979156e+18,3.254763413852366e+17,-5.12240577406477e+18,-1.7623786706291576e+18,3.6754884024838487e+18,8.80309803386251e+18,5.703022260428787e+18,6.298346269594577e+18,-8.972978960712172e+18,-2.0619271808937336e+18,-6.486814071066097e+18,-3.1830234303589545e+18,7.981220095927914e+18,4.5383578434082493e+18,-7.333521135099458e+18,-3.118702245902653e+18,-6.682345194041205e+18,-7.547922539263986e+17,-4.913836446905567e+18,-5.895014632330936e+18,-7.031727397574961e+18,-6.797161176772734e+18,5.113076473672938e+18,0.0,0.0,0.0,0.0,0.0,0.0,0.0,0.0
43,-5.925964376743196e+17,-5.978258798474164e+18,-2.5346760378413537e+18,7.018102642996909e+18,8.093928698535086e+18,4.0880087216246185e+18,-2.7475142046046797e+18,-6.306204015711861e+18,1.8597140200969792e+18,-5.051065682431297e+18,-1.9550874585975196e+18,-5.520624396561562e+18,1.9287280380477507e+18,-1.8824214630113124e+16,0.0,0.0,0.0,0.0,0.0,0.0,0.0,0.0,0.0,0.0,0.0,0.0,0.0,0.0,0.0,0.0,0.0,0.0
2,-6.430776905112175e+17,4.457841859173171e+18,4.947097011493156e+18,-5.690021082246077e+18,-5.501774639632759e+18,-5.812725799078943e+18,-7.611950292187288e+18,8.320105372225447e+18,8.311147202735526e+18,3.044046854798427e+18,6.214307300430711e+18,-6.066488348607259e+18,-8.114736604294454e+18,-5.486738886050844e+18,4.944017648856509e+18,2.655743315430528e+18,3.4413304295883095e+18,-8.404890438501365e+18,0.0,0.0,0.0,0.0,0.0,0.0,0.0,0.0,0.0,0.0,0.0,0.0,0.0,0.0
54,-4.486963846392559e+18,-8.775310228002038e+18,2.902507362182323e+18,5.642734346500994e+18,-4.086572239074812e+18,1.3749244417126815e+18,3.852420742038403e+18,3.2512478312891807e+18,-2.825913319568439e+18,7.801083821400738e+18,-7.363164256521798e+18,2.038268156023426e+18,-8.300169185048514e+18,-4.1899600307872435e+18,-8.160678119353895e+18,2.130648248793218e+18,5.479181821034155e+18,4.966668508860012e+18,6.499658181289669e+18,-6.077325303658538e+18,-2.9782004773185567e+18,-4.074894621918261e+18,-6.516845775338029e+18,5.671073206681642e+18,4.949264693441457e+18,3.9526324719568517e+18,0.0,0.0,0.0,0.0,0.0,0.0
30,1.843411011155638e+18,-4.883313220780809e+18,-4.2139563273406116e+18,-4.1601859795515735e+18,-1.0122734883982468e+18,7.798257112404457e+17,-4.37923611030747e+18,-1.7528621447560202e+17,-7.793089691267329e+18,-7.865842712658706e+18,-5.333384604709699e+18,-8.717275216526666e+18,-7.196654708539433e+18,7.69693005495282e+18,-8.503612355974445e+18,2.8472665250691666e+18,0.0,0.0,0.0,0.0,0.0,0.0,0.0,0.0,0.0,0.0,0.0,0.0,0.0,0.0,0.0,0.0
59,-7.531874226804313e+18,1.4594928629893276e+18,2.294464956392037e+18,4.922927135427745e+18,-6.444340387678608e+18,-6.182728568999947e+18,-6.460761095650193e+18,8.686870912624993e+18,8.353460581315738e+18,-7.550132771233476e+17,7.71788334179401e+18,7.515391538442211e+18,1.8109543871860216e+18,3.7332139105509903e+18,-1.0619324438269306e+18,4.651946409076065e+18,9.026968664438754e+18,2.64490158963659e+18,-8.969036770445828e+18,-3.2264145618588114e+18,-5.101986097423386e+18,1.0311690639733029e+18,1.4855508218438277e+18,6.347796200646839e+18,3.674572678030454e+18,6.411889174999263e+18,-7.025377106161606e+18,5.841039348598711e+18,0.0,0.0,0.0,0.0
85,2.158485822228516e+18,6.124346637735839e+18,4.761568939341085e+18,-5.922418729806738e+18,8.873994219000025e+18,3.469325943527861e+18,9.004671805009368e+18,8.337955489801935e+18,-1.8988847847193905e+18,4.827216049132655e+18,-5.600771220991507e+18,3.993697551280925e+18,-4.0530270617848986e+18,1.0167737807311556e+18,0.0,0.0,0.0,0.0,0.0,0.0,0.0,0.0,0.0,0.0,0.0,0.0,0.0,0.0,0.0,0.0,0.0,0.0
74,-2.4173567387701586e+18,-1.0611709869995707e+18,8.078296985847424e+18,9.415302904857406e+16,-4.99580089228931e+18,-5.761431653233979e+18,6.013679133903395e+17,4.2779604108008074e+18,-7.795517743843331e+18,-8.346782498837118e+18,-4.2876315194353326e+18,-8.158686596445581e+18,9.321344676726132e+17,1.6584012114785408e+18,5.799915817633536e+18,4.8281074525298925e+17,-7.16114920900961e+18,4.843054101504509e+18,-3.9713839949464407e+18,7.687497646683313e+18,4.21477351028227e+18,3.7041033272027023e+18,-8.967263852229089e+18,-1.603763877622677e+17,-1.0303872110848737e+18,-4.353933905617662e+18,0.0,0.0,0.0,0.0,0.0,0.0
90,-6.371496652540191e+18,6.864791687193198e+18,5.436370064239762e+18,-8.079916808853642e+18,-6.397796652022043e+18,-6.368347503727061e+18,-8.320499188190557e+18,-7.884876553365307e+18,1.7864899041466104e+18,-5.743521527608447e+18,-8.189231561504249e+18,-4.263758598175365e+18,1.6087668052038213e+18,-6.996912678856568e+18,1.8116881161398764e+18,6.814611555088456e+18,0.0,0.0,0.0,0.0,0.0,0.0,0.0,0.0,0.0,0.0,0.0,0.0,0.0,0.0,0.0,0.0
18,-9.104088135440493e+18,4.3851462251351174e+17,8.230086108680468e+18,2.9317384041453875e+18,-1.5982539280379075e+17,-6.703387042403164e+18,-1.370466579114154e+18,0.0,0.0,0.0,0.0,0.0,0.0,0.0,0.0,0.0,0.0,0.0,0.0,0.0,0.0,0.0,0.0,0.0,0.0,0.0,0.0,0.0,0.0,0.0,0.0,0.0
52,-4.433726231887882e+18,-2.898540177438603e+18,-9.129434233944241e+18,-3.832450874613132e+18,7.153996671627514e+18,1.0048643349256695e+18,5.420834426620191e+18,-7.883064697708555e+18,-2.2141238529233882e+18,-7.544112095260071e+18,-5.094808987807616e+18,-8.749818079528867e+18,-6.938239390019682e+18,6.167730754285523e+18,1.365538181807452e+18,-8.57607338475575e+17,8.09243288654673e+18,-9.10502980948425e+17,0.0,0.0,0.0,0.0,0.0,0.0,0.0,0.0,0.0,0.0,0.0,0.0,0.0,0.0
44,-8.372409624736516e+18,-5.521154811946344e+18,8.06761687641541e+18,2.9778407638568064e+18,7.184299057618662e+18,7.121691093565013e+18,5.770724035001616e+18,-6.918889751696428e+18,-6.27571465683346e+18,6.800974252327512e+18,3.3901418376323226e+18,5.951237222001817e+18,2.3182328545574625e+18,6.368059836250711e+17,-8.176575121460496e+18,5.94603931361762e+18,2.4678312702473605e+18,-8.586826219280727e+18,-7.850232332403022e+18,-1.2643716192103672e+18,5.317139539121647e+18,-1.1623558412013878e+18,-6.243307267788016e+18,2.9371116917251717e+18,7.183753040170319e+18,-4.4838541647390546e+18,0.0,0.0,0.0,0.0,0.0,0.0
17,8.242416450155558e+18,-9.909719430441267e+17,-6.207975398006737e+18,0.0,0.0,0.0,0.0,0.0,0.0,0.0,0.0,0.0,0.0,0.0,0.0,0.0,0.0,0.0,0.0,0.0,0.0,0.0,0.0,0.0,0.0,0.0,0.0,0.0,0.0,0.0,0.0,0.0
36,-6.562761211212133e+18,3.303090241208412e+17,-4.075287360488696e+18,-9.123916970563129e+18,4.1631321589836283e+18,-7.966320282276728e+18,4.136832986024648e+18,-5.939307292625763e+17,7.832873364952854e+18,1.7280434504772984e+18,-6.214011975759904e+18,4.6484232493663974e+17,2.411907515617692e+18,-1.7133816944406515e+18,9.898689603511629e+17,1.9653360066892575e+18,4.45497919977228e+18,7.989380653393071e+18,5.665282302040802e+18,8.84714866941781e+18,5.032607421661779e+18,-1.2554618078746714e+18,4.233454558464841e+18,-7.661116600742444e+18,-4.695821853951994e+18,-8.691951264455979e+18,-1.9526164564017257e+18,-6.826780430852474e+18,-3.3573290917986207e+18,7.261114020423297e+17,0.0,0.0
49,1.729753143611237e+18,5.884117977490235e+18,2.5701286570390006e+18,-5.083951853133251e+18,-9.139732989124242e+18,-8.02597384425431e+18,-5.081511571005467e+17,8.769323111662861e+18,-8.506840472974883e+18,-4.5726242903572e+18,1.0249122881073069e+18,7.733808739494047e+18,-5.5916114541483795e+17,-2.2905325582618565e+18,-1.6635265520634025e+18,-9.094781966323553e+17,2.539695583486795e+18,-1.3979963065669699e+18,7.533848278874661e+18,3.769566773814543e+18,1.6298125674056115e+18,6.307267928704514e+18,3.9850240327302784e+18,5.785107638430892e+17,-4.450993374547444e+18,-8.322219670095001e+18,6.301706371682976e+18,-2.3255161483595756e+18,0.0,0.0,0.0,0.0
86,-3.826408214956949e+18,-2.3361001219963453e+18,-1.0430736355561404e+18,-8.965092364678787e+18,3.0611177672774277e+18,-4.930275682809038e+18,3.418414842890723e+18,-8.057773277499126e+17,-2.1084402681856381e+18,7.623755177535946e+18,-3.9120517940336595e+17,-7.934766774025655e+18,1.2876522256698012e+18,7.950558603185911e+18,2.954811692295663e+18,-3.8926508095256484e+18,4.912423657743814e+18,-1.7374210403135926e+17,5.586011480723781e+18,4.095214632332329e+18,6.692434465658766e+18,-9.815558336728047e+17,4.466036975442507e+18,-2.7866973493052375e+18,-2.1323126504624796e+18,6.736622968150603e+18,-1.643266415507943e+18,7.897037016426974e+18,7.094892366621586e+18,-6.034707353262743e+18,0.0,0.0
37,-7.51776534473208e+18,-2.832348813426185e+18,4.134753718438562e+18,0.0,0.0,0.0,0.0,0.0,0.0,0.0,0.0,0.0,0.0,0.0,0.0,0.0,0.0,0.0,0.0,0.0,0.0,0.0,0.0,0.0,0.0,0.0,0.0,0.0,0.0,0.0,0.0,0.0
56,2.4643559297426115e+18,-8.913291458919263e+18,1.1238631972812969e+18,8.144520323781154e+18,6.524527069944522e+18,3.0073994985566566e+18,3.8712266393084877e+18,3.868759041393206e+17,-6.400545146905144e+18,1.102958463987621e+18,8.780710613193671e+18,7.642539806015973e+18,6.441804433993119e+18,5.935372981510812e+18,-1.968884841692249e+18,2.6363348599358787e+18,8.557845640863171e+18,-7.707765254188518e+18,3.936908581046944e+18,4.322469583961888e+18,2.5148901752271824e+17,3.0829130530039265e+18,-4.558472455626105e+18,4.369276371611353e+18,9.09002412880132e+18,7.23315126666392e+17,-7.999053179377292e+18,5.180603647771019e+18,8.883011342599481e+18,6.990531624599924e+18,0.0,0.0
63,-5.072296459695577e+18,-6.215105919622208e+17,6.727466492103917e+18,5.616881958831708e+17,2.6377886544963724e+16,6.932950619473065e+17,2.8948629590770775e+18,6.235012650653849e+18,5.624503029248365e+18,-5.799168968068206e+18,4.547502341131734e+18,5.740816635369455e+18,-5.3115324988689446e+17,-5.200414540748927e+18,0.0,0.0,0.0,0.0,0.0,0.0,0.0,0.0,0.0,0.0,0.0,0.0,0.0,0.0,0.0,0.0,0.0,0.0
35,6.23575574831655e+18,3.085771518504482e+18,4.685978938449469e+18,1.5212172303212104e+18,-2.7856514045926422e+17,-1.6088684375984653e+18,-7.859312032267296e+18,8.694676942858972e+18,-4.0453847005187776e+17,-5.920877500074775e+18,-4.153496962887925e+18,6.552653309132803e+18,-3.637157017331792e+18,-4.981291922484897e+18,0.0,0.0,0.0,0.0,0.0,0.0,0.0,0.0,0.0,0.0,0.0,0.0,0.0,0.0,0.0,0.0,0.0,0.0
97,8.041982248037635e+18,-5.963978345280532e+18,7.002388568563568e+18,0.0,0.0,0.0,0.0,0.0,0.0,0.0,0.0,0.0,0.0,0.0,0.0,0.0,0.0,0.0,0.0,0.0,0.0,0.0,0.0,0.0,0.0,0.0,0.0,0.0,0.0,0.0,0.0,0.0
75,-5.151210540445996e+18,2.6700884679822064e+16,3.29457212583318e+16,4.699427768488666e+18,9.005359766275832e+18,-6.513026772434664e+18,7.135310481982849e+17,-2.2364545652642775e+18,1.884903749810845e+18,-6.178781205627417e+18,6.397663540812644e+18,-2.1027120889003868e+18,-9.156187346038382e+18,2.4665463913174564e+18,0.0,0.0,0.0,0.0,0.0,0.0,0.0,0.0,0.0,0.0,0.0,0.0,0.0,0.0,0.0,0.0,0.0,0.0
57,1.444929386097475e+18,4.758906389991521e+18,-7.036213766995115e+18,0.0,0.0,0.0,0.0,0.0,0.0,0.0,0.0,0.0,0.0,0.0,0.0,0.0,0.0,0.0,0.0,0.0,0.0,0.0,0.0,0.0,0.0,0.0,0.0,0.0,0.0,0.0,0.0,0.0
88,6.302062301587834e+18,5.923170824483497e+18,6.581812279663483e+18,1.7118167252515174e+18,-4.911489261186285e+18,-7.392305867034581e+18,1.3364007285894592e+18,0.0,0.0,0.0,0.0,0.0,0.0,0.0,0.0,0.0,0.0,0.0,0.0,0.0,0.0,0.0,0.0,0.0,0.0,0.0,0.0,0.0,0.0,0.0,0.0,0.0
10,7.318383021743685e+18,-8.403345334407567e+18,-1.8764825401276006e+18,-5.044709636020354e+18,6.659053527263657e+18,-7.10760813287877e+18,2.5829350315608335e+18,8.046517879338325e+18,-8.344934381983492e+18,7.337736063269479e+18,-8.510198508208754e+18,6.159745571387099e+18,-1.5082307483314225e+18,-6.506089444142989e+18,5.214566131772075e+18,5.929328915915263e+18,0.0,0.0,0.0,0.0,0.0,0.0,0.0,0.0,0.0,0.0,0.0,0.0,0.0,0.0,0.0,0.0
53,6.195535464273566e+18,-5.702285896755275e+18,2.9190531108504666e+17,-8.47943106386174e+18,-2.948757563830353e+18,-7.086779382314325e+18,-2.6606406249178194e+18,8.519979230860558e+18,6.984649225645996e+18,5.794345563921752e+18,-8.049139647654124e+18,5.017324305195033e+18,5.44531205152339e+18,7.916324088192996e+17,0.0,0.0,0.0,0.0,0.0,0.0,0.0,0.0,0.0,0.0,0.0,0.0,0.0,0.0,0.0,0.0,0.0,0.0
8,6.003022865199988e+18,6.464758768873138e+18,-3.784451678260792e+18,8.765275721379469e+18,-7.596028677392011e+18,-8.065999765372206e+18,-6.269829143381185e+18,0.0,0.0,0.0,0.0,0.0,0.0,0.0,0.0,0.0,0.0,0.0,0.0,0.0,0.0,0.0,0.0,0.0,0.0,0.0,0.0,0.0,0.0,0.0,0.0,0.0
39,5.821695750008735e+17,-2.1861775832735565e+18,9.046044325044865e+18,7.858040313797597e+17,-8.938188755556701e+18,-2.431083514576436e+18,-4.712138290500635e+18,-6.95147793424471e+18,7.452422677033324e+18,6.170197473037142e+18,3.104560582032606e+18,-7.30309412669073e+18,-5.14763936759512e+18,-3.2049716399063276e+18,-2.9454404992295066e+18,-7.072865532481056e+18,1.3582667727668902e+18,1.9587312677282063e+18,4.503832693720785e+18,7.287736175418139e+16,-8.68530492731189e+18,4.723125330114876e+18,-8.500562131990173e+18,-8.580065096139007e+18,8.546715778187167e+18,-2.7386739789982536e+18,-9.052780492131822e+18,-7.394113152459699e+18,0.0,0.0,0.0,0.0
47,8.640730659220577e+18,1.880025841546992e+18,-1.2192042664953408e+18,0.0,0.0,0.0,0.0,0.0,0.0,0.0,0.0,0.0,0.0,0.0,0.0,0.0,0.0,0.0,0.0,0.0,0.0,0.0,0.0,0.0,0.0,0.0,0.0,0.0,0.0,0.0,0.0,0.0
60,3.2306547950020797e+18,-6.906375237446005e+18,-5.247629980301676e+18,2.320983461671739e+18,-8.457494742100435e+18,5.31044297006795e+18,-1.0647148122489106e+18,-5.807844878964015e+18,-4.822816958082582e+18,2.3575241507914844e+18,-7.600416146550523e+18,-2.4230256288739154e+18,3.7940177082367555e+18,-5.212538021132552e+18,-8.451230963055956e+18,5.185096438240571e+18,0.0,0.0,0.0,0.0,0.0,0.0,0.0,0.0,0.0,0.0,0.0,0.0,0.0,0.0,0.0,0.0
89,-1.557705240989312e+18,-2.8544418183530307e+18,7.196918397792973e+18,-7.469244309718268e+18,-1.569908598559097e+18,1.182447337197253e+18,-7.006693195457058e+18,1.0013225645617185e+18,3.7694213268425713e+18,4.817018368836417e+16,7.949421049102362e+18,6.991362661704988e+18,-9.198124122136366e+18,9.162203316182242e+18,5.039910857524892e+18,-5.401573759486542e+18,1.9848382577590518e+18,-4.705488882303375e+18,5.706200051233444e+18,-7.2739092311046e+18,7.108589213993709e+18,-8.09772172536619e+18,7.411754462505197e+18,-5.949154541439548e+18,8.180370965512149e+18,7.168492142080782e+18,2.13973217455889e+18,-7.618464027425994e+18,0.0,0.0,0.0,0.0
51,5.682345094059011e+18,3.7011418026873324e+18,5.0656407369402e+18,7.488961567775171e+18,1.2132029913645824e+18,4.80334717896654e+18,1.2430411984383424e+18,-2.994456872084459e+18,2.609665454012629e+18,-1.6158430889623636e+18,-1.849931293134096e+18,-8.326492867694047e+18,-1.9296198874915786e+18,6.490637037855337e+18,7343016990769203.0,3.4467594910813676e+18,-7.832509657539661e+18,-2.04421203490314e+18,-8.971429378331381e+18,3.1243987795428326e+18,8.786011920606248e+18,-6.050848641841354e+18,-8.156254880033209e+18,2.633102281021961e+18,0.0,0.0,0.0,0.0,0.0,0.0,0.0,0.0
14,-8.753007472647047e+18,-4.7460184084698086e+17,3.323348941902075e+18,-1.2299164404796029e+17,6.650304781028881e+18,2.1396620126700982e+18,9.082004487550948e+18,-7.241047485569407e+18,5.5683430663691e+18,-2.2726276999291735e+18,6.024517422767744e+18,7.952345426807828e+18,6.343224237511831e+18,-1.2405130841324554e+18,1.4729659739759296e+18,4.889659040458226e+18,-2.1026053590270477e+18,8.176867103224516e+18,4.519120838825202e+18,-1.045106430102132e+16,-1.2644588502705167e+18,-2.2631634022182377e+18,5.527063784466264e+18,-3.9396328639090714e+18,7.097537055265189e+18,-3.1677220966603807e+18,0.0,0.0,0.0,0.0,0.0,0.0
28,-6.579947069973898e+18,-3.2031677114517007e+18,7.188512655470199e+18,2.7277949641924756e+18,1.9807615847563325e+17,-4.490012672781284e+18,-8.258114642268187e+18,0.0,0.0,0.0,0.0,0.0,0.0,0.0,0.0,0.0,0.0,0.0,0.0,0.0,0.0,0.0,0.0,0.0,0.0,0.0,0.0,0.0,0.0,0.0,0.0,0.0
16,-9.041119020841342e+18,-3.456761055991675e+17,4.779528666016813e+18,-4.615594512993264e+18,5.7523620633875686e+17,-3.849664533874052e+18,-5.992207736012106e+18,3.7888812296681825e+18,-5.638518302862854e+18,8.915364206525315e+18,-1.0278549347039348e+18,9.195058799242967e+18,-4.340713933962058e+18,-3.019921892749626e+18,-8.549518147169591e+18,-6.431184020404279e+18,1.817366513610241e+18,3.3774125113210583e+18,6.726083578142956e+18,9.110280065601817e+18,-6.490872911409723e+18,5727638688481768.0,-1.293754941666022e+18,8.051574280778845e+17,-5.473675547074519e+18,7.624782209903184e+18,6.928627343715095e+18,2.2925112199548739e+18,-7.810755893958218e+17,-6.40069839169476e+18,0.0,0.0
34,7.951299583189375e+17,-3.103624061738772e+18,3.908044012947329e+18,-8.688923494572415e+18,1.1856901118522424e+18,-1.3079240777095127e+18,7.979892229893674e+18,-8.014281253709249e+18,5.439550881671402e+18,7.585848389137613e+18,-7.347013225866932e+18,-4.391824645042164e+18,7.822460031756272e+18,-2.8846238875580384e+17,-1.1712527653869686e+18,-8.168280329947786e+18,1.1443780993166876e+18,-1.559029743682239e+18,-2.451331074755013e+17,-6.663884266379462e+18,7.50932664295886e+18,6.184564072462493e+18,-8.84066965504798e+18,2.1993514870990144e+18,-6.667262438451024e+18,9.338984044732079e+17,0.0,0.0,0.0,0.0,0.0,0.0
82,-5.988110015802657e+17,5.845422914518725e+18,8.472660647947054e+17,-4.2146479851968507e+18,1.5244097380594632e+18,4.4124199395266427e+18,-2.2269573780181587e+17,4.462760539847298e+18,-8.772003144057276e+17,-7.850353353746498e+18,-8.612370032187951e+18,1.4161193497831913e+18,8.8484299072043e+18,-1.5122767145714752e+17,4.119975621901385e+18,-6.060548668231385e+18,-6.401200272233774e+18,7.330350682991465e+18,0.0,0.0,0.0,0.0,0.0,0.0,0.0,0.0,0.0,0.0,0.0,0.0,0.0,0.0
46,2.385254746842365e+18,-2.2381214054729283e+18,7.40439001543591e+18,-3.3050828022458404e+18,3.4129190734455955e+17,-2.6340549893838633e+18,-7.890053674704297e+18,-4.1125615790251387e+18,8.281966694234629e+18,3.1779538748879206e+18,-2.4538322002790784e+18,8.270044545161652e+18,-2.8334799075783665e+18,4.870951926528631e+18,2.004562954821503e+18,-1.4380731789573407e+18,7.195280712032885e+18,6.280827863345845e+18,5.484866287745869e+18,7.243555553429231e+18,-6.58500375958323e+18,-5.239393157062583e+18,-6.895247517990046e+18,6.659309509223681e+18,-8.410603311522421e+18,2.7770253977840916e+18,-3.1263133818166927e+18,4.665109552086371e+18,2.625004713103336e+18,4.992002466898806e+18,0.0,0.0
27,-6.035917416408474e+17,5.105490298302395e+18,5.722230777564685e+17,0.0,0.0,0.0,0.0,0.0,0.0,0.0,0.0,0.0,0.0,0.0,0.0,0.0,0.0,0.0,0.0,0.0,0.0,0.0,0.0,0.0,0.0,0.0,0.0,0.0,0.0,0.0,0.0,0.0
20,-6.440011297197522e+18,1.4439839696159493e+18,8.091646147235609e+18,5.957720845005359e+17,5.624108368280223e+18,-3.4148371255706153e+18,8.415125070472817e+18,4.0510733439561236e+18,-4.589677274158257e+18,-4.267238428930321e+18,-3.865066293377197e+17,-4.4147085481561487e+18,-1.261639121764989e+18,1.9826700043489244e+18,8.966114067338588e+17,8.706693121485432e+18,0.0,0.0,0.0,0.0,0.0,0.0,0.0,0.0,0.0,0.0,0.0,0.0,0.0,0.0,0.0,0.0
9,-5.838686549380512e+18,8.827549300874829e+18,-1.732222224268713e+18,8.924601585533752e+18,-7.942353500852204e+18,1.6844212526952955e+18,4.813794335381759e+17,-7.850619601996717e+18,-2.8627835684462746e+18,5.44736532028923e+18,4.549494836703658e+18,1.7013059750116846e+18,-5.589743478604599e+18,4.4313808749082173e+18,2.506462989281876e+18,-5.2639681666304576e+17,-1.6234515081822433e+18,-3.1605369409180365e+18,-5.150108335797895e+18,-3.1392092837028444e+18,-9.087197515731791e+18,5.52680861215859e+18,-1.6052439068016873e+18,-7.1813848980684e+18,-5.910042767317313e+18,-8.449328576709841e+18,3.310797784624977e+18,8.266164610843972e+18,0.0,0.0,0.0,0.0
92,1.7102432767805274e+18,-7.849016793107311e+18,-7.823600412829477e+18,4.74417837208369e+18,-6.393845464588141e+18,8.828455923688294e+18,6.417261945208575e+17,8.662215416797285e+18,-7.299902434944399e+18,8.1096568915144e+18,-1.7188552593313533e+18,-2.096878162274089e+18,-6.911989864408515e+18,1.0346163630250836e+18,4.1200679240378353e+18,4.692163474018189e+18,-8.027086050394682e+18,-7.787220156044371e+18,0.0,0.0,0.0,0.0,0.0,0.0,0.0,0.0,0.0,0.0,0.0,0.0,0.0,0.0
3,-4.122510559502407e+17,-1.9302054560016238e+18,5.750204814454297e+18,6.741053226611736e+17,8.771506592478786e+18,-5.012430913252493e+18,-2.4089980776326753e+18,-4.238499299325867e+18,-1.9052926096830164e+18,-5.199447234751584e+18,-5.083654248446137e+18,9.069838698794829e+18,-3.5012180995320504e+18,-8.122359336791981e+18,0.0,0.0,0.0,0.0,0.0,0.0,0.0,0.0,0.0,0.0,0.0,0.0,0.0,0.0,0.0,0.0,0.0,0.0
98,7.965994910380251e+18,-6.379352958545362e+18,-1.9575457483167846e+18,-4.068031533692286e+18,7.277476516129569e+17,-5.982773524902447e+18,-7.028342525345284e+18,0.0,0.0,0.0,0.0,0.0,0.0,0.0,0.0,0.0,0.0,0.0,0.0,0.0,0.0,0.0,0.0,0.0,0.0,0.0,0.0,0.0,0.0,0.0,0.0,0.0
29,-2.397825069717415e+18,4.524352905179431e+18,2.4139040358781206e+17,4.134062797658709e+18,-1.264208035748497e+18,7.094506902317082e+18,4.640742118419919e+18,-3.0270676313060137e+18,-8.791046467778735e+18,-7.086411667549462e+18,1.2835047517624909e+17,3.420300575661541e+17,6.724297354662706e+18,-7.221977635472206e+18,-2.542329808586301e+18,3.4556467735804396e+18,-6.355365132007409e+18,3.441676412842096e+18,4.787107018627636e+18,5.094433488376731e+18,-1.3912770306174564e+18,-7.299916983530831e+18,3.064864218176403e+18,-1.960901022531992e+18,2.9327913621189243e+18,-8.038833496591993e+18,6.068166227584657e+18,-1.8681057191715776e+17,0.0,0.0,0.0,0.0
80,6.449058638624686e+18,7.60855861504378e+18,-5.638642828712849e+17,-6.286591819871711e+18,-8.242754006782028e+18,-7.510642765837861e+17,7.053706942892408e+18,7.464034052639966e+18,1.2663365133406828e+18,-4.929367465007861e+18,1.7495926912995722e+18,-3.078388590563319e+18,4.636993408204337e+18,7.394892783848056e+18,3.5578561951105654e+18,9.081169657179506e+18,0.0,0.0,0.0,0.0,0.0,0.0,0.0,0.0,0.0,0.0,0.0,0.0,0.0,0.0,0.0,0.0
73,-4.885760344395203e+18,1.8916030775046671e+18,9.558929649870888e+17,-1.7184774176904312e+18,5.548535735008414e+18,-6.50262789005107e+18,-1.7265021388852886e+17,8.77902122489583e+18,-6.875124658860159e+18,-5.123348232996492e+18,-9.401959851587648e+16,-6.200088440078168e+18,-3.352112693338158e+18,-2.9607073373271384e+16,0.0,0.0,0.0,0.0,0.0,0.0,0.0,0.0,0.0,0.0,0.0,0.0,0.0,0.0,0.0,0.0,0.0,0.0
